time,temperature_2m_max (°C),temperature_2m_min (°C),apparent_temperature_max (°C),apparent_temperature_min (°C),precipitation_sum (mm),snowfall_sum (cm),wind_speed_10m_max (km/h),wind_direction_10m_dominant (°),shortwave_radiation_sum (MJ/m²),et0_fao_evapotranspiration (mm)
2000-01-01,9.6,-2.9,6.9,-6.5,0.00,0.00,12.2,222,8.66,0.87
2000-01-02,14.5,0.7,13.2,-2.8,0.00,0.00,18.1,211,5.39,0.84
2000-01-03,15.7,10.3,16.0,8.3,1.10,0.00,17.1,210,3.98,0.64
2000-01-04,15.8,9.1,13.5,6.9,16.20,0.00,24.3,201,2.38,0.57
2000-01-05,8.2,-2.8,5.5,-7.1,3.20,0.00,25.0,310,8.99,1.56
2000-01-06,5.0,-4.6,0.7,-8.8,0.00,0.00,13.8,148,8.80,1.03
2000-01-07,7.9,-1.9,3.3,-5.4,0.00,0.00,21.8,256,7.17,1.07
2000-01-08,3.5,-4.0,-1.0,-8.1,0.00,0.00,13.1,251,9.50,1.17
2000-01-09,9.6,0.1,6.9,-4.3,0.00,0.00,14.1,215,8.55,1.20
2000-01-10,11.9,3.2,10.5,0.7,16.50,0.00,26.8,155,0.90,0.33
2000-01-11,10.6,3.7,4.3,-2.8,0.30,0.00,30.7,245,6.65,1.99
2000-01-12,6.9,-0.4,2.0,-4.0,0.00,0.00,24.5,282,9.89,1.83
2000-01-13,1.8,-7.3,-1.8,-14.7,6.10,3.78,26.0,3,1.44,0.62
2000-01-14,-5.1,-10.3,-13.1,-17.9,0.00,0.00,30.3,314,10.51,1.25
2000-01-15,-3.4,-9.3,-7.7,-14.3,0.00,0.00,16.4,289,10.58,0.97
2000-01-16,6.8,-4.7,1.5,-12.5,0.00,0.00,29.3,253,5.95,1.44
2000-01-17,-6.0,-14.8,-13.9,-23.2,0.00,0.00,31.2,323,11.13,1.13
2000-01-18,-6.6,-15.6,-11.4,-21.6,0.00,0.00,18.2,329,9.37,0.86
2000-01-19,-2.0,-11.3,-7.2,-16.2,0.00,0.00,12.7,314,10.91,1.05
2000-01-20,-0.6,-6.6,-6.0,-11.2,3.60,2.52,19.1,43,4.24,0.64
2000-01-21,-5.9,-13.0,-11.5,-20.2,0.00,0.00,35.1,307,11.43,1.01
2000-01-22,-6.6,-14.6,-12.9,-21.2,0.00,0.00,24.5,287,11.69,0.95
2000-01-23,-1.0,-8.8,-5.3,-13.1,0.00,0.00,11.2,68,7.87,0.75
2000-01-24,3.5,-4.2,0.2,-8.5,0.00,0.00,11.4,22,10.01,1.02
2000-01-25,-2.4,-3.7,-7.9,-10.9,21.40,11.90,33.6,14,1.96,0.56
2000-01-26,-1.9,-8.5,-7.2,-14.2,2.10,1.68,25.1,307,10.91,0.93
2000-01-27,-8.7,-13.8,-14.7,-19.8,0.00,0.00,22.0,305,12.46,0.74
2000-01-28,-7.1,-15.2,-13.3,-21.5,0.00,0.00,21.9,292,12.60,0.77
2000-01-29,-1.4,-16.2,-5.7,-21.7,0.00,0.00,11.8,323,13.11,0.93
2000-01-30,0.4,-11.1,-3.1,-15.7,9.30,6.51,17.3,12,7.37,0.74
2000-01-31,5.0,-5.5,2.1,-10.7,12.00,3.85,24.1,264,11.57,0.96
2000-02-01,0.1,-7.0,-5.3,-12.4,0.00,0.00,20.5,253,10.59,0.97
2000-02-02,-3.1,-8.3,-10.1,-14.0,0.00,0.00,28.0,291,12.80,1.13
2000-02-03,-1.3,-10.8,-5.3,-16.2,0.90,0.63,13.1,275,7.40,0.75
2000-02-04,0.5,-6.2,-2.7,-10.3,0.60,0.56,9.2,19,9.05,0.78
2000-02-05,-0.2,-5.6,-4.8,-10.7,0.00,0.14,18.2,268,13.55,1.13
2000-02-06,0.2,-7.2,-5.3,-12.4,0.00,0.00,18.7,266,14.03,1.19
2000-02-07,3.8,-7.4,-1.7,-12.2,0.00,0.00,22.2,262,12.91,1.31
2000-02-08,-2.4,-12.7,-6.2,-17.6,0.00,0.00,14.4,327,14.44,1.13
2000-02-09,6.0,-9.8,1.6,-14.5,0.00,0.00,19.6,224,12.97,1.21
2000-02-10,5.8,-2.8,2.6,-6.5,0.00,0.00,10.5,70,13.09,1.23
2000-02-11,7.2,-2.2,4.2,-8.2,0.70,0.00,20.9,286,7.93,1.00
2000-02-12,-0.8,-7.4,-4.8,-12.6,0.00,0.00,20.4,345,13.35,1.29
2000-02-13,3.2,-4.6,-1.0,-9.3,0.00,0.00,14.7,113,11.35,1.22
2000-02-14,10.8,2.8,7.4,-0.6,15.50,0.00,29.2,211,3.98,0.50
2000-02-15,4.8,-2.5,1.6,-8.4,0.00,0.00,22.9,304,14.91,1.63
2000-02-16,10.7,-3.4,8.1,-7.5,0.90,0.56,16.7,226,11.16,1.55
2000-02-17,1.5,-4.7,-3.3,-10.6,0.00,0.00,20.6,330,15.69,1.69
2000-02-18,1.5,-4.7,-2.9,-8.9,16.90,7.77,18.5,60,2.28,0.48
2000-02-19,0.7,-1.7,-2.9,-5.9,10.40,0.28,12.7,16,3.06,0.40
2000-02-20,2.6,-6.4,-2.3,-11.1,0.00,0.00,19.1,289,14.37,1.27
2000-02-21,4.1,-7.7,0.2,-12.3,0.00,0.00,11.9,272,15.42,1.45
2000-02-22,7.1,-3.5,4.1,-7.9,0.00,0.00,11.8,210,15.82,1.73
2000-02-23,11.2,-2.5,8.6,-6.7,0.00,0.00,10.7,223,11.15,1.39
2000-02-24,17.1,1.0,15.5,-2.2,0.00,0.00,11.5,218,14.35,2.06
2000-02-25,12.1,3.8,10.0,0.3,5.90,0.00,16.0,63,8.59,1.03
2000-02-26,8.0,2.8,5.5,-1.2,0.40,0.00,15.0,46,6.75,0.85
2000-02-27,13.8,4.5,12.0,2.3,0.00,0.00,21.6,169,8.51,1.11
2000-02-28,11.2,3.4,8.5,-1.8,7.60,0.00,24.9,286,11.56,1.96
2000-02-29,11.7,0.3,6.1,-5.1,0.00,0.00,23.2,315,17.55,2.79
2000-03-01,9.2,-0.6,5.5,-4.4,0.50,0.00,13.3,106,13.05,1.68
2000-03-02,7.7,1.2,2.8,-5.0,0.20,0.00,25.9,294,13.18,2.08
2000-03-03,7.7,-0.4,1.3,-6.2,0.00,0.00,27.1,308,17.76,2.71
2000-03-04,10.1,-0.9,5.7,-6.1,0.00,0.00,17.6,302,18.26,2.63
2000-03-05,11.2,0.0,5.7,-3.7,0.00,0.00,22.7,307,15.09,2.38
2000-03-06,11.1,-0.2,6.1,-4.4,0.00,0.00,19.6,317,18.50,2.53
2000-03-07,16.0,-0.8,12.5,-4.2,0.00,0.00,14.8,253,18.21,2.83
2000-03-08,14.8,3.1,12.9,0.4,0.40,0.00,14.7,115,15.57,2.20
2000-03-09,21.9,5.3,21.4,3.2,0.20,0.00,12.7,207,15.64,2.69
2000-03-10,14.5,6.0,13.2,2.5,0.00,0.00,16.8,311,15.27,2.45
2000-03-11,7.2,4.1,4.1,0.2,19.80,0.00,24.1,71,3.10,0.47
2000-03-12,10.0,1.5,8.3,-4.6,9.10,0.00,24.8,317,4.81,1.08
2000-03-13,8.2,-1.2,3.8,-5.9,0.00,0.00,19.1,308,20.02,2.64
2000-03-14,11.1,0.3,7.4,-3.4,0.20,0.00,17.4,195,17.43,2.42
2000-03-15,17.2,1.4,14.0,-2.0,0.20,0.00,20.3,203,19.02,3.23
2000-03-16,17.7,7.7,16.3,4.2,3.90,0.00,15.7,213,11.55,2.45
2000-03-17,10.8,-0.9,9.6,-7.5,25.60,1.47,27.3,360,3.90,0.94
2000-03-18,2.4,-5.1,-1.3,-11.2,0.00,0.00,21.6,29,21.54,2.39
2000-03-19,4.2,-2.3,0.7,-5.8,0.00,0.07,12.8,110,17.51,1.75
2000-03-20,6.6,0.5,2.4,-3.7,0.00,0.00,17.7,76,13.56,1.54
2000-03-21,6.4,3.0,1.9,-1.5,0.00,0.00,22.5,64,5.16,0.96
2000-03-22,9.0,2.9,6.2,-1.2,0.00,0.00,20.4,53,8.74,1.27
2000-03-23,15.0,-0.3,14.8,-3.3,0.00,0.00,8.6,58,20.83,2.73
2000-03-24,17.7,3.8,17.5,0.7,0.00,0.00,11.5,349,21.70,3.37
2000-03-25,16.7,4.0,14.6,1.0,0.40,0.00,16.0,204,17.58,2.79
2000-03-26,16.1,7.7,11.7,4.0,1.10,0.00,22.9,285,17.37,3.35
2000-03-27,14.5,2.1,11.8,-0.9,0.10,0.00,21.2,140,21.15,2.97
2000-03-28,14.1,8.3,9.1,5.0,12.60,0.00,25.8,228,15.92,2.62
2000-03-29,11.9,4.8,6.1,1.2,0.00,0.00,32.6,257,18.62,2.87
2000-03-30,12.4,2.4,8.5,-1.1,0.00,0.00,19.1,265,14.85,2.44
2000-03-31,12.4,0.4,9.5,-3.1,0.00,0.00,15.6,329,19.92,2.92
2000-04-01,15.7,1.5,13.1,-1.6,0.00,0.00,12.7,244,23.57,3.52
2000-04-02,17.1,5.4,14.0,2.4,0.00,0.00,18.9,209,11.46,2.32
2000-04-03,18.0,10.2,18.1,9.5,0.00,0.00,12.2,180,7.64,1.39
2000-04-04,16.9,10.9,15.8,6.8,5.20,0.00,25.8,222,3.36,1.18
2000-04-05,9.9,3.8,5.8,-2.1,0.00,0.00,30.3,282,16.17,3.11
2000-04-06,19.2,1.2,16.5,-2.2,0.60,0.00,19.9,226,19.47,3.55
2000-04-07,16.0,4.8,13.6,2.0,0.00,0.00,15.5,216,19.32,3.25
2000-04-08,20.3,8.5,17.8,4.8,0.50,0.00,30.2,172,23.86,3.90
2000-04-09,10.6,-0.5,7.6,-7.7,18.40,7.84,39.6,295,9.26,1.59
2000-04-10,10.9,0.7,6.0,-3.8,0.50,0.00,25.1,277,21.88,2.81
2000-04-11,8.5,1.0,5.5,-2.2,1.20,0.07,13.6,83,13.23,1.77
2000-04-12,10.1,3.4,6.1,-0.6,1.00,0.00,24.4,320,22.10,2.88
2000-04-13,8.9,-0.4,7.8,-4.6,0.00,0.00,13.0,264,25.86,3.33
2000-04-14,11.5,1.2,9.8,-1.8,0.00,0.00,14.9,170,25.29,3.21
2000-04-15,16.2,5.3,16.9,3.0,5.00,0.00,8.8,181,7.36,1.22
2000-04-16,23.3,11.5,24.3,10.6,6.40,0.00,16.9,342,16.12,2.84
2000-04-17,12.2,5.0,9.1,0.4,7.00,0.00,22.7,72,4.21,1.06
2000-04-18,6.5,4.6,2.3,-0.5,6.80,0.00,25.3,49,2.26,0.74
2000-04-19,13.5,5.7,11.6,1.5,1.50,0.00,21.4,28,9.90,1.55
2000-04-20,15.7,6.3,15.4,4.5,0.00,0.00,13.3,119,16.85,2.58
2000-04-21,10.5,7.9,7.5,5.3,29.80,0.00,24.6,90,2.79,0.53
2000-04-22,10.8,6.8,8.4,3.6,6.50,0.00,20.3,353,5.37,0.89
2000-04-23,9.8,6.2,5.8,2.9,1.70,0.00,19.4,323,4.24,1.10
2000-04-24,18.7,5.7,16.3,1.9,0.00,0.00,18.9,316,25.56,4.16
2000-04-25,13.2,6.1,10.4,2.7,0.00,0.00,19.5,67,19.62,2.81
2000-04-26,8.0,4.3,4.4,-0.2,0.10,0.00,20.1,38,10.68,1.86
2000-04-27,10.7,2.9,7.9,0.2,0.00,0.00,9.7,239,12.81,1.84
2000-04-28,14.0,3.2,14.1,0.3,0.10,0.00,10.7,233,17.92,2.55
2000-04-29,17.5,4.5,15.2,2.0,0.00,0.00,17.0,30,24.11,3.63
2000-04-30,16.5,8.3,12.1,4.6,0.00,0.00,23.6,324,28.00,4.71
2000-05-01,16.5,5.5,13.2,2.4,0.60,0.00,19.9,197,22.56,3.91
2000-05-02,17.8,9.2,15.6,6.6,7.50,0.00,21.9,311,18.44,3.00
2000-05-03,16.6,6.0,16.2,3.2,0.00,0.00,14.9,108,27.28,4.01
2000-05-04,19.0,7.4,17.3,5.6,0.60,0.00,19.1,184,23.46,3.78
2000-05-05,28.1,12.5,29.4,10.9,2.30,0.00,13.0,263,23.54,4.60
2000-05-06,28.6,15.1,30.2,15.5,0.00,0.00,10.1,276,24.04,4.89
2000-05-07,30.8,16.7,32.7,17.2,0.00,0.00,14.7,267,25.38,5.73
2000-05-08,30.6,17.3,33.7,18.4,0.70,0.00,10.3,229,24.62,5.27
2000-05-09,30.9,19.7,31.9,20.0,0.00,0.00,20.0,239,24.29,5.68
2000-05-10,22.4,12.9,24.9,11.0,5.10,0.00,25.1,80,7.92,1.35
2000-05-11,21.9,12.4,20.0,11.1,0.00,0.00,22.7,306,26.73,4.71
2000-05-12,18.6,13.7,17.7,13.2,1.90,0.00,18.2,91,14.46,2.77
2000-05-13,22.6,13.1,25.3,12.7,16.10,0.00,15.0,89,18.60,3.15
2000-05-14,21.7,12.8,19.7,10.5,3.00,0.00,18.7,296,28.88,5.17
2000-05-15,17.1,9.6,13.2,7.2,0.00,0.00,20.4,303,23.12,4.20
2000-05-16,19.0,8.0,16.8,6.0,0.00,0.00,13.4,261,25.16,4.43
2000-05-17,19.5,12.9,18.4,10.6,0.00,0.00,15.5,195,20.64,3.93
2000-05-18,25.7,12.9,25.5,12.2,7.00,0.00,25.1,202,17.56,3.55
2000-05-19,18.6,9.8,20.4,6.4,6.30,0.00,21.3,46,4.44,0.98
2000-05-20,11.3,8.7,9.3,5.6,4.70,0.00,14.0,78,3.44,1.02
2000-05-21,13.0,10.8,12.6,9.5,1.50,0.00,8.4,120,4.09,0.93
2000-05-22,14.4,10.8,12.9,9.8,3.50,0.00,13.0,99,8.30,1.39
2000-05-23,18.5,10.4,17.4,9.8,2.60,0.00,18.5,179,13.01,2.27
2000-05-24,25.1,12.9,25.7,10.9,11.90,0.00,18.2,229,20.81,3.96
2000-05-25,22.5,13.7,20.9,13.8,1.30,0.00,26.0,267,24.24,4.50
2000-05-26,22.6,12.5,20.4,10.8,0.00,0.00,19.2,308,25.97,4.86
2000-05-27,19.6,10.4,17.5,8.8,0.00,0.00,16.3,271,16.46,3.11
2000-05-28,18.5,11.3,17.6,9.0,0.00,0.00,13.8,43,18.10,3.29
2000-05-29,16.9,11.6,15.5,10.1,0.00,0.00,16.4,76,18.06,3.21
2000-05-30,15.9,10.9,14.3,8.1,0.00,0.00,15.3,76,14.79,2.63
2000-05-31,19.4,9.5,20.3,8.3,0.00,0.00,9.8,136,24.30,3.90
2000-06-01,27.5,13.2,31.4,12.7,0.00,0.00,10.5,240,23.95,4.53
2000-06-02,30.9,16.1,33.9,16.7,0.00,0.00,15.6,256,26.85,5.78
2000-06-03,23.0,15.3,24.8,12.9,0.00,0.00,24.3,337,28.98,5.37
2000-06-04,21.5,12.0,21.6,11.1,0.00,0.00,17.0,171,23.37,4.42
2000-06-05,18.0,13.1,14.8,11.4,0.00,0.00,21.2,81,12.27,2.85
2000-06-06,13.9,10.9,11.7,7.6,23.70,0.00,24.5,18,2.55,0.84
2000-06-07,21.5,9.5,20.0,5.4,8.20,0.00,27.8,333,23.11,4.00
2000-06-08,24.1,12.3,24.7,11.6,0.00,0.00,16.1,223,21.36,4.32
2000-06-09,29.8,16.7,31.7,15.6,0.00,0.00,18.1,244,27.68,6.01
2000-06-10,31.9,19.0,33.7,19.4,0.00,0.00,16.3,252,29.38,6.65
2000-06-11,32.7,20.6,35.8,22.0,0.00,0.00,15.2,258,27.91,6.42
2000-06-12,24.8,14.2,28.6,13.5,8.80,0.00,15.5,105,11.01,2.11
2000-06-13,16.5,13.8,15.5,12.9,4.60,0.00,14.6,93,7.17,1.62
2000-06-14,16.6,13.4,15.9,12.4,3.10,0.00,13.3,102,5.78,1.37
2000-06-15,24.2,15.0,27.2,14.7,0.00,0.00,11.3,142,7.70,1.66
2000-06-16,28.9,20.5,32.8,23.1,0.20,0.00,17.6,212,17.86,3.78
2000-06-17,30.6,22.5,34.7,25.3,4.30,0.00,18.8,250,23.45,4.91
2000-06-18,21.8,19.3,25.1,21.0,6.70,0.00,11.3,73,12.67,2.45
2000-06-19,21.6,17.4,22.6,17.9,0.30,0.00,13.1,353,14.61,2.80
2000-06-20,26.5,14.2,27.6,13.9,0.00,0.00,11.3,307,27.73,5.34
2000-06-21,26.3,17.2,26.0,17.9,0.00,0.00,24.6,190,26.82,5.50
2000-06-22,27.3,19.8,28.7,20.9,5.00,0.00,16.3,243,16.59,3.77
2000-06-23,26.0,18.5,25.7,19.0,0.00,0.00,15.3,295,25.39,5.17
2000-06-24,27.5,17.9,29.1,18.6,0.00,0.00,15.4,176,23.20,4.93
2000-06-25,30.2,19.7,32.5,21.2,0.00,0.00,21.3,189,25.86,5.59
2000-06-26,30.4,21.7,35.7,24.8,16.60,0.00,14.1,217,22.08,4.62
2000-06-27,30.2,22.2,34.3,25.4,5.40,0.00,20.9,257,19.44,3.95
2000-06-28,25.8,18.5,27.6,19.9,1.20,0.00,13.3,131,21.79,4.30
2000-06-29,22.8,17.8,24.4,19.2,0.40,0.00,9.7,134,20.01,3.69
2000-06-30,24.6,17.0,24.7,17.7,0.00,0.00,15.4,293,27.15,5.09
2000-07-01,25.7,15.5,27.6,15.7,0.00,0.00,7.7,302,26.60,5.09
2000-07-02,29.0,16.4,30.2,17.1,0.00,0.00,10.9,233,27.23,5.66
2000-07-03,29.0,18.7,30.7,19.5,2.20,0.00,12.1,216,19.29,4.37
2000-07-04,27.4,20.8,30.1,23.3,0.20,0.00,10.8,251,18.22,3.87
2000-07-05,28.5,19.5,29.0,20.2,0.00,0.00,16.7,328,29.27,6.45
2000-07-06,25.0,16.3,26.8,15.2,0.00,0.00,12.8,4,27.99,5.51
2000-07-07,23.7,16.6,21.5,15.2,0.00,0.00,20.1,342,25.04,5.57
2000-07-08,25.0,14.4,23.9,12.6,0.00,0.00,16.6,324,25.94,5.62
2000-07-09,28.3,14.3,28.3,13.5,0.00,0.00,17.4,233,23.09,5.21
2000-07-10,31.5,22.2,32.1,22.8,0.20,0.00,20.8,276,22.77,6.13
2000-07-11,27.4,18.6,27.7,18.8,0.00,0.00,14.7,343,26.41,5.96
2000-07-12,27.3,17.3,26.8,16.3,0.00,0.00,14.2,356,25.77,5.81
2000-07-13,28.3,16.4,27.8,16.8,0.00,0.00,18.7,207,20.46,5.20
2000-07-14,26.1,16.5,26.3,17.4,1.80,0.00,18.2,182,18.98,4.27
2000-07-15,20.1,19.3,21.7,19.8,45.30,0.00,22.9,134,3.39,0.87
2000-07-16,25.4,18.2,27.9,20.5,0.70,0.00,11.6,175,21.86,4.08
2000-07-17,25.4,18.1,28.3,20.3,0.70,0.00,11.6,156,21.01,3.97
2000-07-18,29.5,19.2,31.5,19.9,0.00,0.00,20.2,256,24.04,5.31
2000-07-19,21.9,15.5,22.0,15.7,1.80,0.00,14.2,293,11.24,2.45
2000-07-20,23.3,15.2,22.9,15.5,0.00,0.00,16.1,13,19.01,3.62
2000-07-21,26.9,15.1,27.5,15.9,0.00,0.00,12.2,197,22.59,4.63
2000-07-22,26.0,18.4,25.9,18.9,0.00,0.00,16.9,289,22.50,4.85
2000-07-23,25.6,15.2,26.3,14.6,0.00,0.00,10.1,315,20.19,4.18
2000-07-24,24.3,16.3,24.0,16.9,0.00,0.00,10.9,75,13.65,3.04
2000-07-25,23.9,17.3,23.8,18.5,0.00,0.00,10.4,87,17.68,3.59
2000-07-26,19.3,17.8,21.1,18.2,51.60,0.00,20.1,61,2.19,0.68
2000-07-27,22.4,18.6,25.1,20.1,26.30,0.00,15.6,47,5.52,1.07
2000-07-28,23.1,18.2,25.3,19.5,0.50,0.00,10.3,40,10.79,2.16
2000-07-29,23.6,17.4,25.7,19.1,0.30,0.00,10.7,150,12.38,2.43
2000-07-30,24.0,18.1,27.5,20.1,2.50,0.00,10.9,109,8.00,1.63
2000-07-31,25.0,20.4,29.1,23.0,14.50,0.00,14.1,88,7.59,1.55
2000-08-01,26.1,20.2,30.4,22.3,8.90,0.00,13.9,79,10.84,2.21
2000-08-02,29.1,21.0,33.7,24.7,2.00,0.00,12.2,210,17.63,3.63
2000-08-03,27.7,22.7,31.1,26.1,2.70,0.00,14.0,221,14.37,3.05
2000-08-04,25.8,20.1,28.4,22.8,0.90,0.00,10.9,290,18.84,3.58
2000-08-05,25.4,18.0,26.4,17.9,0.00,0.00,13.7,343,24.48,4.85
2000-08-06,24.8,16.2,24.8,16.9,0.30,0.00,19.8,198,13.71,3.14
2000-08-07,31.2,22.1,34.5,24.2,3.90,0.00,18.6,234,19.25,4.17
2000-08-08,30.3,22.5,32.7,25.4,0.00,0.00,14.4,267,23.80,5.13
2000-08-09,30.4,21.5,34.0,24.1,0.00,0.00,14.2,233,20.93,4.80
2000-08-10,28.5,21.4,31.2,23.8,13.00,0.00,12.1,295,21.65,4.32
2000-08-11,26.5,19.8,30.0,22.5,10.10,0.00,9.8,50,19.09,3.61
2000-08-12,23.0,18.7,24.1,19.9,18.50,0.00,16.3,43,11.38,2.24
2000-08-13,21.6,17.4,21.2,16.6,0.60,0.00,21.4,35,7.92,2.27
2000-08-14,20.7,18.3,21.5,18.0,13.60,0.00,15.2,11,5.49,1.49
2000-08-15,25.2,18.2,26.8,19.0,0.80,0.00,14.1,346,15.27,2.99
2000-08-16,27.2,19.3,27.7,19.2,2.40,0.00,20.1,270,18.55,3.97
2000-08-17,23.1,16.0,22.7,15.5,0.00,0.00,14.5,298,23.28,4.41
2000-08-18,21.0,15.7,22.4,16.2,6.90,0.00,12.0,14,5.83,1.27
2000-08-19,23.1,14.9,23.4,13.9,0.00,0.00,15.1,328,20.67,3.75
2000-08-20,21.6,15.6,21.1,14.1,0.00,0.00,14.4,344,23.98,4.44
2000-08-21,22.6,12.2,23.0,10.7,0.00,0.00,11.3,352,24.22,4.31
2000-08-22,24.2,13.2,24.6,12.7,0.00,0.00,11.9,213,23.05,4.40
2000-08-23,23.7,16.1,23.0,16.2,4.20,0.00,20.2,199,14.80,3.03
2000-08-24,26.0,18.7,29.0,20.9,0.90,0.00,8.5,317,16.70,3.13
2000-08-25,25.9,16.8,28.6,16.7,0.00,0.00,13.0,7,21.92,4.13
2000-08-26,26.6,15.7,28.5,16.4,0.00,0.00,10.2,262,19.92,3.89
2000-08-27,27.2,17.1,29.7,17.8,0.00,0.00,11.2,212,19.87,3.95
2000-08-28,25.6,19.3,29.1,22.0,1.40,0.00,12.7,102,13.95,2.62
2000-08-29,24.2,19.7,24.7,20.0,0.10,0.00,18.4,76,16.11,3.17
2000-08-30,25.9,19.2,28.8,20.2,0.10,0.00,11.7,73,13.77,2.87
2000-08-31,27.1,20.3,29.5,23.2,0.20,0.00,13.3,116,16.22,3.23
2000-09-01,28.0,20.9,31.7,24.6,4.60,0.00,9.9,150,13.47,2.73
2000-09-02,27.4,21.8,32.3,25.9,7.60,0.00,10.1,212,10.29,2.09
2000-09-03,27.3,21.5,32.3,25.3,6.50,0.00,9.1,229,12.67,2.51
2000-09-04,26.0,17.9,29.4,14.7,7.40,0.00,23.7,347,13.14,2.96
2000-09-05,18.8,12.9,16.5,8.5,0.00,0.00,23.8,20,22.70,4.55
2000-09-06,19.1,12.0,18.1,9.5,0.00,0.00,15.1,49,21.02,3.66
2000-09-07,20.6,10.9,20.8,10.0,0.00,0.00,11.9,217,20.96,3.55
2000-09-08,24.6,12.5,25.3,11.6,0.00,0.00,13.1,233,20.39,3.77
2000-09-09,28.1,16.0,31.4,16.6,0.00,0.00,12.2,252,19.52,3.79
2000-09-10,26.1,18.8,29.0,21.3,0.20,0.00,11.7,96,17.61,3.35
2000-09-11,24.0,18.9,25.0,21.3,0.00,0.00,13.3,141,13.95,2.81
2000-09-12,26.8,18.2,27.7,20.2,0.00,0.00,16.5,194,12.70,2.90
2000-09-13,25.5,18.5,27.3,18.4,4.30,0.00,15.2,298,15.40,3.23
2000-09-14,23.8,14.7,25.7,14.6,0.00,0.00,13.8,110,16.02,3.16
2000-09-15,21.6,16.2,22.2,14.2,21.20,0.00,20.0,262,14.65,3.12
2000-09-16,18.1,12.2,14.9,10.3,0.00,0.00,16.3,302,15.72,3.18
2000-09-17,20.5,10.1,17.3,7.5,0.00,0.00,19.7,248,20.51,3.96
2000-09-18,23.9,12.7,24.3,11.1,0.00,0.00,13.5,232,18.27,3.69
2000-09-19,21.8,15.3,22.5,15.8,21.80,0.00,19.2,83,8.11,1.59
2000-09-20,27.3,16.8,28.6,16.6,1.10,0.00,18.0,257,19.59,3.83
2000-09-21,23.0,16.0,22.7,13.9,0.00,0.00,21.0,260,15.93,3.95
2000-09-22,19.6,11.7,19.4,9.9,0.00,0.00,11.3,282,19.69,3.42
2000-09-23,19.8,12.0,21.9,11.3,0.10,0.00,15.0,167,6.26,1.46
2000-09-24,22.2,16.9,23.6,15.6,1.80,0.00,15.1,295,5.83,1.42
2000-09-25,16.2,11.8,14.5,9.6,3.40,0.00,15.0,12,11.16,2.66
2000-09-26,13.0,10.6,10.2,7.8,18.50,0.00,24.6,17,2.64,0.83
2000-09-27,19.6,7.6,18.1,5.4,0.00,0.00,12.3,282,19.02,3.15
2000-09-28,17.9,10.7,16.2,7.8,0.00,0.00,15.5,349,15.45,2.74
2000-09-29,13.9,6.6,12.1,3.0,0.00,0.00,13.0,36,19.02,2.92
2000-09-30,17.3,9.9,16.2,7.8,0.00,0.00,10.3,184,17.58,2.74
2000-10-01,19.5,10.1,19.5,8.9,0.00,0.00,9.0,190,16.30,2.63
2000-10-02,20.8,10.3,21.0,9.3,0.00,0.00,7.9,33,14.61,2.37
2000-10-03,26.0,12.0,26.9,11.0,0.00,0.00,14.1,272,15.65,3.08
2000-10-04,23.2,12.5,24.8,11.9,3.40,0.00,14.6,125,14.95,2.62
2000-10-05,17.4,13.2,18.2,12.0,3.30,0.00,13.0,47,6.27,1.28
2000-10-06,23.0,14.8,24.5,12.8,0.00,0.00,17.6,264,6.70,1.63
2000-10-07,16.1,10.0,13.4,6.6,0.00,0.00,14.8,306,13.64,2.74
2000-10-08,12.5,5.4,8.2,1.6,0.10,0.00,15.7,296,15.69,2.74
2000-10-09,9.9,3.5,5.2,-1.0,0.00,0.00,17.6,336,14.13,2.31
2000-10-10,9.9,2.4,5.5,-1.8,0.60,0.00,24.7,277,12.87,2.04
2000-10-11,17.9,7.1,14.3,3.1,0.00,0.00,18.8,269,16.58,3.10
2000-10-12,20.2,5.4,18.5,3.2,0.00,0.00,10.5,281,16.33,2.74
2000-10-13,21.8,6.9,19.3,4.3,0.00,0.00,11.3,271,16.15,3.15
2000-10-14,24.1,10.1,22.4,8.5,0.00,0.00,12.9,254,15.75,3.39
2000-10-15,24.1,13.4,23.8,11.1,0.00,0.00,13.0,298,14.39,3.11
2000-10-16,16.0,12.7,14.9,10.5,0.00,0.00,17.4,84,3.41,1.14
2000-10-17,14.5,11.7,12.5,9.7,1.30,0.00,13.5,70,4.76,1.24
2000-10-18,17.1,12.3,17.6,10.6,6.30,0.00,14.3,53,4.06,0.90
2000-10-19,17.4,9.0,13.1,6.3,0.00,0.00,20.6,311,14.67,2.78
2000-10-20,17.9,5.9,15.4,3.5,0.00,0.00,10.7,243,14.99,2.52
2000-10-21,21.9,8.8,20.8,6.9,0.00,0.00,11.2,236,14.26,2.55
2000-10-22,15.1,8.4,12.3,4.8,0.00,0.00,17.2,9,14.96,2.85
2000-10-23,14.1,6.0,12.4,2.7,0.00,0.00,12.9,59,13.30,2.05
2000-10-24,18.3,5.9,16.5,3.7,0.00,0.00,11.4,239,13.73,2.12
2000-10-25,19.6,8.8,19.4,7.1,0.00,0.00,9.7,39,11.21,1.83
2000-10-26,19.0,10.6,18.6,10.4,0.00,0.00,7.9,157,10.30,1.63
2000-10-27,18.9,9.4,18.5,8.5,0.00,0.00,6.8,27,9.54,1.57
2000-10-28,14.3,5.4,12.7,0.2,0.00,0.00,28.4,333,13.59,2.85
2000-10-29,8.4,2.6,2.2,-3.5,0.10,0.00,23.8,328,11.49,2.33
2000-10-30,8.9,2.3,3.0,-2.1,0.00,0.00,24.3,337,9.96,2.08
2000-10-31,12.9,4.2,8.0,-0.9,0.00,0.00,21.9,347,12.20,2.39
2000-11-01,13.3,4.7,8.6,0.5,0.00,0.00,19.5,348,12.89,2.28
2000-11-02,15.9,5.5,12.0,1.2,0.00,0.00,17.1,349,12.54,2.55
2000-11-03,16.9,5.5,15.2,2.2,0.00,0.00,13.0,347,11.88,1.99
2000-11-04,18.7,8.6,16.3,6.7,0.00,0.00,16.0,304,11.12,2.25
2000-11-05,11.0,6.0,6.0,1.1,0.00,0.00,25.8,315,10.95,2.45
2000-11-06,12.7,3.7,8.7,-0.8,0.00,0.00,17.0,327,12.00,2.08
2000-11-07,13.4,2.7,10.5,-0.5,0.00,0.00,10.5,333,10.26,1.60
2000-11-08,15.3,3.8,13.8,1.1,0.00,0.00,9.1,336,10.79,1.50
2000-11-09,15.5,8.1,13.6,6.4,1.00,0.00,14.8,102,7.13,1.27
2000-11-10,16.0,11.3,16.9,8.5,25.40,0.00,22.0,226,4.65,1.03
2000-11-11,11.9,9.0,8.7,4.6,1.90,0.00,20.3,336,2.01,0.96
2000-11-12,11.5,7.3,8.8,3.6,0.00,0.00,20.0,357,7.22,1.55
2000-11-13,11.0,3.2,9.1,0.6,0.00,0.00,9.6,82,7.03,1.06
2000-11-14,12.2,5.9,11.1,1.5,9.40,0.00,19.2,185,2.61,0.54
2000-11-15,8.3,2.3,2.1,-2.6,0.00,0.00,25.7,285,8.87,1.87
2000-11-16,8.1,0.7,3.5,-3.3,0.00,0.00,14.7,233,8.76,1.59
2000-11-17,10.7,4.0,5.4,-1.2,0.30,0.00,21.0,261,9.92,1.90
2000-11-18,7.1,0.5,2.3,-4.0,0.00,0.00,17.6,273,9.54,1.61
2000-11-19,4.9,-0.9,1.2,-5.2,0.00,0.00,12.3,258,7.88,1.12
2000-11-20,6.4,-3.3,2.1,-7.0,1.90,0.00,18.4,237,10.37,1.13
2000-11-21,4.9,-1.8,-1.1,-6.9,0.30,0.00,21.3,268,9.24,1.54
2000-11-22,1.3,-2.5,-5.8,-9.1,0.00,0.00,27.4,276,8.65,1.68
2000-11-23,2.2,-4.2,-3.2,-10.1,0.00,0.00,21.9,295,10.21,1.49
2000-11-24,1.8,-5.5,-2.5,-9.8,0.00,0.00,12.0,295,10.08,1.08
2000-11-25,5.4,-3.6,1.3,-7.4,0.00,0.00,12.8,79,6.75,0.85
2000-11-26,11.8,4.3,10.7,0.6,15.50,0.00,28.2,88,1.15,0.36
2000-11-27,10.1,4.5,6.1,0.9,0.00,0.00,19.4,259,6.69,1.01
2000-11-28,9.2,2.4,6.0,-0.6,0.00,0.00,13.1,262,7.24,1.06
2000-11-29,8.6,0.3,5.0,-3.5,2.60,0.00,14.6,259,9.35,1.22
2000-11-30,6.9,1.0,1.5,-4.0,3.80,0.00,24.6,318,6.47,1.08
2000-12-01,4.2,-1.6,-0.7,-5.7,0.00,0.00,15.1,304,7.46,1.27
2000-12-02,0.9,-3.3,-4.8,-8.4,0.00,0.00,16.6,337,9.69,1.29
2000-12-03,1.0,-5.5,-3.1,-10.4,0.00,0.00,13.3,353,9.80,1.09
2000-12-04,5.5,-5.2,1.6,-9.7,0.00,0.00,11.1,304,9.25,1.10
2000-12-05,6.2,-4.1,1.1,-8.4,0.00,0.00,19.5,243,9.18,1.45
2000-12-06,-0.5,-4.1,-5.5,-10.2,0.00,0.00,19.4,276,9.27,1.44
2000-12-07,1.0,-4.3,-5.5,-8.2,0.00,0.00,21.0,265,8.55,1.23
2000-12-08,0.7,-3.1,-3.0,-6.9,1.40,1.19,9.5,51,2.49,0.43
2000-12-09,1.0,-4.3,-3.4,-8.3,0.20,0.21,14.4,352,9.20,0.86
2000-12-10,4.9,-4.8,1.1,-8.8,0.60,0.00,10.1,73,5.09,0.70
2000-12-11,5.8,-2.8,3.7,-6.3,0.50,0.00,10.4,14,6.45,0.63
2000-12-12,8.4,-2.8,3.7,-8.9,0.50,0.00,40.9,260,8.13,1.44
2000-12-13,-0.9,-5.5,-4.7,-10.5,0.00,0.00,17.1,346,8.85,1.09
2000-12-14,6.0,-1.8,3.6,-6.2,18.50,0.35,15.6,329,2.81,0.44
2000-12-15,2.2,-2.9,-1.6,-6.9,0.00,0.00,10.4,354,8.27,0.82
2000-12-16,10.8,-1.0,9.5,-4.4,5.80,0.00,19.7,91,1.39,0.29
2000-12-17,15.1,1.3,12.9,-6.6,21.60,0.00,34.2,195,1.12,0.50
2000-12-18,1.2,-3.2,-4.2,-9.7,0.00,0.00,32.8,264,8.85,1.49
2000-12-19,4.1,-4.1,0.6,-8.1,0.00,0.00,17.3,26,6.31,0.79
2000-12-20,1.0,-3.9,-4.0,-8.7,3.00,1.75,25.1,296,8.93,1.13
2000-12-21,0.1,-5.7,-4.4,-9.6,0.00,0.00,10.5,232,8.17,0.79
2000-12-22,0.3,-8.6,-4.1,-16.1,1.40,1.33,26.1,277,3.21,0.63
2000-12-23,-1.7,-10.5,-7.2,-17.4,0.00,0.00,26.3,290,9.30,0.98
2000-12-24,0.0,-6.4,-4.7,-10.5,0.00,0.00,16.2,232,7.57,0.82
2000-12-25,-4.3,-10.1,-10.2,-16.4,0.00,0.00,28.8,300,9.50,1.15
2000-12-26,-2.1,-10.5,-8.7,-16.8,0.00,0.00,23.7,286,9.45,1.08
2000-12-27,-0.5,-7.8,-6.4,-13.3,0.00,0.00,19.7,276,9.11,1.04
2000-12-28,-4.2,-7.6,-9.8,-14.2,0.00,0.00,25.5,303,9.27,0.97
2000-12-29,-0.8,-9.1,-5.3,-14.3,0.00,0.00,12.8,343,9.08,0.84
2000-12-30,0.4,-5.0,-5.4,-9.4,28.30,19.74,26.3,342,1.94,0.36
2000-12-31,-3.0,-7.2,-9.4,-12.5,0.00,0.35,24.7,270,9.22,0.86
2001-01-01,-2.8,-10.9,-7.3,-16.0,0.00,0.00,14.5,282,9.80,0.67
2001-01-02,-5.0,-14.1,-10.0,-19.1,0.00,0.00,13.4,307,9.94,0.58
2001-01-03,-4.8,-15.6,-8.9,-20.9,0.00,0.00,11.2,262,9.95,0.55
2001-01-04,-1.4,-14.2,-6.1,-19.2,0.00,0.00,13.0,255,9.32,0.61
2001-01-05,-0.6,-13.3,-3.9,-18.0,4.30,3.01,12.4,214,5.23,0.40
2001-01-06,1.4,-10.4,-3.0,-15.1,0.00,0.00,14.9,290,9.57,0.74
2001-01-07,1.7,-9.9,-1.7,-14.4,0.00,0.00,11.1,238,9.66,0.73
2001-01-08,1.8,-6.7,-1.5,-11.1,5.10,1.68,11.6,26,5.22,0.46
2001-01-09,0.5,-6.9,-3.5,-12.6,0.90,0.42,18.7,307,8.24,0.81
2001-01-10,-1.9,-8.2,-6.4,-13.2,0.00,0.00,18.4,286,10.39,0.89
2001-01-11,4.7,-8.5,0.6,-13.2,0.00,0.00,14.0,270,9.80,0.94
2001-01-12,1.9,-6.5,-1.2,-11.6,0.00,0.00,14.1,334,10.54,0.90
2001-01-13,1.9,-8.4,-1.4,-13.4,0.00,0.00,12.0,13,9.50,0.89
2001-01-14,3.5,-5.7,0.6,-10.4,0.00,0.00,12.2,227,8.29,0.80
2001-01-15,2.3,0.3,-0.6,-2.8,4.70,0.00,11.0,37,1.55,0.24
2001-01-16,5.7,0.0,1.2,-4.3,0.30,0.00,18.2,261,8.23,0.90
2001-01-17,4.3,-3.7,0.2,-8.2,0.00,0.00,15.7,271,7.87,0.85
2001-01-18,1.5,-3.9,-2.1,-8.0,0.90,0.56,9.8,94,4.68,0.52
2001-01-19,2.8,-1.1,0.4,-4.2,19.30,0.00,11.1,28,0.71,0.16
2001-01-20,1.5,-1.9,-2.0,-7.6,14.00,6.02,21.2,26,1.80,0.33
2001-01-21,-1.7,-9.4,-6.9,-14.4,11.20,7.84,24.3,322,10.48,0.88
2001-01-22,-0.2,-14.2,-3.5,-19.6,0.00,0.00,11.6,272,11.71,0.85
2001-01-23,1.4,-9.6,-1.8,-13.6,0.00,0.00,11.9,302,11.54,0.94
2001-01-24,2.5,-9.3,-0.7,-14.1,0.00,0.00,12.8,300,11.30,1.00
2001-01-25,2.1,-5.2,-2.8,-10.7,0.00,0.07,17.4,333,9.71,0.94
2001-01-26,-0.1,-10.5,-4.0,-15.1,0.00,0.00,14.7,295,11.98,1.00
2001-01-27,2.7,-5.8,-1.6,-10.1,0.50,0.42,19.4,266,7.95,0.85
2001-01-28,1.2,-5.7,-4.2,-10.2,0.00,0.00,17.1,291,12.05,1.18
2001-01-29,1.1,-5.4,-2.9,-10.1,0.00,0.00,10.8,265,11.63,1.12
2001-01-30,9.4,-3.3,6.3,-7.1,9.00,0.00,21.4,209,2.34,0.38
2001-01-31,8.7,-1.5,4.8,-4.2,0.00,0.00,24.4,254,10.22,1.20
2001-02-01,6.5,-2.6,2.2,-6.9,0.00,0.00,18.7,265,9.51,1.16
2001-02-02,5.2,-1.3,1.7,-6.9,1.80,0.00,23.3,252,7.41,0.83
2001-02-03,-0.4,-5.2,-6.0,-11.3,0.00,0.00,23.8,297,12.68,1.40
2001-02-04,2.4,-4.9,-2.4,-9.4,0.00,0.00,13.3,148,11.65,1.17
2001-02-05,2.2,-3.0,-2.2,-6.8,28.00,14.91,26.5,11,1.37,0.30
2001-02-06,4.3,-1.0,0.1,-6.0,0.00,0.07,22.7,260,12.13,1.20
2001-02-07,4.0,-4.8,-0.1,-9.2,0.00,0.00,14.0,286,13.89,1.21
2001-02-08,1.6,-6.2,-1.6,-11.2,0.00,0.00,12.3,304,7.34,0.78
2001-02-09,10.1,0.0,6.6,-3.2,0.00,0.00,18.6,157,8.23,0.98
2001-02-10,12.0,-3.5,7.3,-9.7,1.60,0.00,30.5,274,13.95,2.19
2001-02-11,-1.5,-7.5,-8.0,-13.0,0.00,0.00,24.2,310,14.79,1.64
2001-02-12,-1.5,-9.8,-6.2,-15.0,0.00,0.00,13.6,97,14.57,1.25
2001-02-13,7.6,-2.5,4.3,-6.2,1.50,1.05,12.1,301,14.34,1.45
2001-02-14,5.6,-2.3,2.4,-6.0,1.30,0.00,11.2,179,5.17,0.65
2001-02-15,6.7,0.5,3.6,-2.9,0.00,0.00,13.4,318,8.87,1.20
2001-02-16,4.2,-1.2,1.7,-4.7,7.50,0.00,8.3,44,1.89,0.39
2001-02-17,2.0,-5.6,-0.6,-12.3,1.70,0.00,34.0,312,13.81,1.54
2001-02-18,0.1,-8.0,-5.3,-14.2,0.00,0.00,21.1,295,16.07,1.78
2001-02-19,4.5,-6.0,-1.4,-10.7,0.00,0.00,20.8,217,15.75,1.93
2001-02-20,11.6,0.5,8.8,-4.0,0.20,0.00,13.0,222,11.71,1.77
2001-02-21,5.3,-5.0,1.3,-11.1,0.00,0.00,23.4,298,15.81,2.00
2001-02-22,-4.6,-8.6,-9.6,-13.9,5.70,4.06,16.7,44,9.00,1.15
2001-02-23,2.9,-6.1,-2.1,-10.7,1.60,1.19,16.7,299,14.44,1.29
2001-02-24,1.2,-9.1,-2.1,-14.1,0.00,0.00,13.7,296,14.04,1.36
2001-02-25,10.7,-2.4,9.5,-6.3,6.20,0.07,23.3,163,2.47,0.52
2001-02-26,11.5,0.3,10.3,-4.4,0.00,0.00,23.7,298,16.93,2.07
2001-02-27,10.1,-2.7,5.3,-6.6,0.00,0.00,16.5,299,15.31,2.04
2001-02-28,2.7,-4.6,-2.8,-8.7,0.00,0.07,17.2,336,16.73,1.87
2001-03-01,3.1,-4.7,-2.3,-9.2,0.00,0.00,18.9,303,14.20,1.69
2001-03-02,6.3,-1.9,2.1,-5.2,1.30,1.12,13.7,262,9.29,1.15
2001-03-03,7.9,-0.4,4.3,-3.7,0.00,0.00,10.3,307,9.53,1.29
2001-03-04,1.8,-1.1,-1.6,-6.8,6.00,4.27,21.5,73,3.77,0.70
2001-03-05,0.0,-1.9,-5.2,-8.1,12.70,5.04,25.8,13,2.84,0.48
2001-03-06,0.6,-3.0,-5.6,-8.5,7.10,4.97,30.8,337,5.36,0.76
2001-03-07,3.6,-2.9,0.3,-7.5,0.10,0.14,17.7,3,17.68,1.61
2001-03-08,3.3,-1.0,-0.6,-4.5,0.00,0.00,13.4,187,8.88,1.01
2001-03-09,4.7,-1.4,0.5,-6.5,9.40,1.54,19.5,243,8.60,1.03
2001-03-10,5.8,-3.1,0.1,-8.0,0.00,0.00,27.6,298,19.19,1.97
2001-03-11,9.8,-4.7,4.5,-8.9,0.10,0.00,21.5,249,14.84,1.92
2001-03-12,6.4,-5.7,3.9,-9.9,0.00,0.00,12.9,15,19.92,2.18
2001-03-13,7.8,1.4,6.8,-3.1,20.20,0.00,20.9,38,3.64,0.60
2001-03-14,8.3,1.1,2.3,-2.4,0.40,0.00,30.4,269,13.67,1.98
2001-03-15,11.2,-1.1,8.2,-4.9,0.00,0.00,12.7,232,12.96,1.97
2001-03-16,11.1,-0.8,9.2,-4.3,0.20,0.00,11.3,88,17.79,2.22
2001-03-17,7.0,2.1,4.7,-1.4,2.40,0.00,12.6,34,7.54,1.04
2001-03-18,7.7,1.0,1.3,-5.0,1.10,0.00,27.7,325,18.47,2.36
2001-03-19,10.3,-0.8,5.6,-6.0,0.00,0.00,20.5,329,21.38,2.94
2001-03-20,10.1,-1.8,7.7,-6.2,0.00,0.00,12.1,66,20.24,2.52
2001-03-21,6.7,3.7,1.9,-1.3,14.20,0.00,34.1,59,5.04,0.81
2001-03-22,7.1,3.5,2.4,-1.9,8.00,0.00,28.8,350,3.86,0.67
2001-03-23,12.4,2.1,5.1,-3.9,0.00,0.00,35.0,300,19.90,3.46
2001-03-24,10.9,2.0,5.1,-3.1,0.50,0.00,28.7,265,12.77,2.39
2001-03-25,6.7,-2.4,1.6,-7.7,0.00,0.00,22.9,296,21.59,2.71
2001-03-26,2.8,-2.8,-1.6,-8.5,4.80,3.22,19.3,318,10.58,1.43
2001-03-27,4.7,-4.5,-0.7,-10.2,0.00,0.00,20.0,303,22.14,2.51
2001-03-28,8.1,-3.4,4.2,-8.0,0.00,0.00,13.5,284,22.77,2.50
2001-03-29,7.3,-1.9,3.2,-5.6,3.30,0.00,15.3,100,11.86,1.45
2001-03-30,6.7,3.2,2.9,-2.3,39.80,0.00,29.5,46,1.65,0.34
2001-03-31,8.7,-1.4,6.7,-5.0,0.20,0.00,11.4,315,16.05,1.95
2001-04-01,5.0,3.0,2.3,0.0,0.30,0.00,10.7,69,5.85,0.88
2001-04-02,9.2,1.9,4.2,-0.8,0.50,0.00,18.4,316,11.96,1.84
2001-04-03,11.1,-1.1,7.8,-4.8,0.00,0.00,16.6,309,17.23,2.37
2001-04-04,11.3,0.3,7.2,-3.5,0.00,0.00,14.0,359,19.03,2.59
2001-04-05,15.1,-0.4,12.8,-3.8,0.00,0.00,11.7,262,24.16,3.50
2001-04-06,10.2,3.9,8.7,0.9,4.40,0.00,12.0,222,4.96,0.86
2001-04-07,11.3,4.9,10.5,0.9,0.00,0.00,15.3,87,13.59,1.80
2001-04-08,11.2,4.9,9.8,1.1,2.60,0.00,14.3,113,7.13,1.15
2001-04-09,22.4,5.0,24.9,2.5,10.90,0.00,11.1,215,21.76,3.50
2001-04-10,15.8,8.1,16.0,5.7,1.20,0.00,17.3,37,19.94,2.97
2001-04-11,11.4,6.6,8.3,4.3,0.70,0.00,15.2,108,11.53,1.71
2001-04-12,17.1,7.8,18.1,4.9,2.50,0.00,15.6,81,6.93,1.14
2001-04-13,20.9,11.3,18.2,7.3,0.40,0.00,21.1,282,15.90,3.16
2001-04-14,17.6,6.1,14.1,2.1,0.00,0.00,16.8,307,26.12,4.39
2001-04-15,16.6,4.3,16.1,1.2,0.20,0.00,12.7,309,21.86,3.54
2001-04-16,13.6,6.2,10.1,2.9,2.50,0.00,14.7,351,16.23,2.58
2001-04-17,10.6,4.6,7.9,1.4,4.30,0.00,13.0,283,16.49,2.22
2001-04-18,11.2,3.4,6.9,-2.1,3.10,0.00,24.6,326,21.61,3.36
2001-04-19,11.6,-0.0,7.1,-4.4,0.00,0.00,17.4,279,23.28,3.33
2001-04-20,16.7,2.0,15.9,-1.2,0.40,0.00,10.8,181,20.23,3.11
2001-04-21,18.9,9.1,18.2,7.3,3.70,0.00,9.8,154,13.68,2.41
2001-04-22,27.2,13.1,27.5,12.4,0.70,0.00,19.2,242,23.82,4.57
2001-04-23,21.4,12.1,21.5,11.5,0.00,0.00,13.0,110,24.39,3.99
2001-04-24,27.4,14.5,27.8,9.4,0.00,0.00,23.0,249,23.28,5.11
2001-04-25,12.5,7.8,9.0,3.3,0.00,0.00,22.4,357,14.36,2.99
2001-04-26,15.1,5.1,13.6,1.3,0.00,0.00,14.2,54,27.71,4.16
2001-04-27,20.5,4.1,19.9,1.4,0.00,0.00,13.3,300,23.48,3.98
2001-04-28,16.0,8.7,12.3,3.8,0.00,0.00,19.6,338,28.17,4.75
2001-04-29,16.2,4.8,14.2,0.6,0.00,0.00,16.4,335,28.22,4.65
2001-04-30,22.4,6.4,20.6,3.4,0.00,0.00,13.6,249,27.79,5.14
2001-05-01,27.4,11.6,27.9,9.9,0.00,0.00,13.5,245,26.48,5.46
2001-05-02,29.6,14.0,30.2,12.6,0.00,0.00,13.7,243,25.53,5.85
2001-05-03,30.2,15.3,31.9,14.8,0.00,0.00,13.1,238,23.40,5.40
2001-05-04,31.5,17.1,32.0,16.7,0.00,0.00,14.0,252,26.45,6.19
2001-05-05,22.7,15.7,21.4,12.6,0.10,0.00,19.1,346,21.75,4.63
2001-05-06,16.5,9.3,14.7,5.8,0.00,0.00,16.6,76,28.30,4.90
2001-05-07,15.9,5.8,14.3,2.6,0.00,0.00,13.3,113,29.10,4.45
2001-05-08,18.0,6.3,17.7,4.0,0.00,0.00,16.1,169,28.54,4.26
2001-05-09,22.0,8.5,21.7,7.1,0.00,0.00,7.2,247,20.95,3.64
2001-05-10,26.6,12.2,25.4,10.4,0.00,0.00,13.2,316,28.12,5.87
2001-05-11,29.1,12.5,29.3,11.5,0.00,0.00,11.1,235,22.68,5.15
2001-05-12,28.6,15.6,29.0,12.4,0.20,0.00,22.4,271,22.81,5.52
2001-05-13,19.8,12.4,16.5,8.8,0.00,0.00,22.0,349,26.45,5.44
2001-05-14,19.6,9.3,16.6,5.4,1.40,0.00,20.6,321,26.53,5.33
2001-05-15,21.1,9.3,16.9,5.4,0.00,0.00,25.1,335,27.13,5.84
2001-05-16,16.7,10.0,14.4,7.6,0.00,0.00,17.1,53,16.49,3.18
2001-05-17,15.3,11.1,13.4,9.5,0.00,0.00,12.2,159,10.19,2.17
2001-05-18,15.4,11.9,14.1,9.9,0.50,0.00,15.3,182,4.62,1.40
2001-05-19,24.8,11.8,25.6,11.2,0.50,0.00,7.3,239,20.29,3.81
2001-05-20,16.3,11.5,16.4,9.4,0.00,0.00,19.7,99,17.37,2.96
2001-05-21,15.8,11.2,13.3,9.1,4.70,0.00,19.2,94,8.65,1.72
2001-05-22,15.4,13.7,14.8,12.5,15.70,0.00,18.1,62,2.41,0.52
2001-05-23,16.4,13.2,16.4,12.2,4.30,0.00,14.8,67,3.77,0.75
2001-05-24,20.9,13.6,21.2,13.3,0.30,0.00,17.4,38,16.33,2.89
2001-05-25,15.6,13.1,13.9,11.3,0.90,0.00,18.8,62,7.09,1.41
2001-05-26,19.1,13.6,20.4,12.2,0.90,0.00,14.8,56,9.77,1.74
2001-05-27,19.9,14.1,20.1,13.9,3.00,0.00,12.0,101,11.56,2.00
2001-05-28,21.4,13.7,21.4,13.7,2.10,0.00,17.9,231,22.90,4.18
2001-05-29,22.4,12.0,23.5,10.5,4.50,0.00,11.8,259,23.73,4.16
2001-05-30,17.1,11.1,13.5,7.9,0.00,0.00,26.8,308,25.53,4.60
2001-05-31,19.2,8.9,16.2,5.1,0.00,0.00,20.4,300,30.41,5.23
2001-06-01,19.9,8.9,19.3,7.1,4.20,0.00,16.1,130,24.23,4.27
2001-06-02,22.6,13.5,24.4,12.1,20.30,0.00,16.7,167,9.01,1.78
2001-06-03,21.4,14.7,22.0,13.4,5.10,0.00,19.6,240,16.21,3.19
2001-06-04,21.0,12.3,19.9,10.1,0.00,0.00,16.3,286,19.98,3.89
2001-06-05,22.8,12.4,22.0,11.1,0.00,0.00,16.3,310,23.63,4.35
2001-06-06,23.3,15.7,23.5,15.2,0.00,0.00,15.0,313,20.62,4.22
2001-06-07,23.6,12.9,23.7,11.6,0.00,0.00,11.9,350,25.68,4.84
2001-06-08,25.1,14.6,24.0,13.3,0.00,0.00,15.6,311,30.03,6.11
2001-06-09,25.6,12.8,24.7,10.9,0.00,0.00,13.4,323,26.52,5.63
2001-06-10,26.2,13.7,25.1,12.3,0.00,0.00,16.5,301,27.19,5.76
2001-06-11,27.5,16.2,28.6,16.1,5.10,0.00,16.3,218,18.10,4.32
2001-06-12,27.7,16.2,28.5,16.6,0.10,0.00,12.3,286,24.21,4.74
2001-06-13,28.1,18.8,32.6,21.1,0.10,0.00,10.4,84,20.69,4.06
2001-06-14,27.7,20.2,30.8,22.6,0.00,0.00,12.3,96,16.26,3.33
2001-06-15,27.2,19.1,30.3,21.9,0.00,0.00,13.8,130,22.89,4.33
2001-06-16,26.5,20.5,29.6,23.4,4.20,0.00,16.0,106,16.11,3.17
2001-06-17,22.8,19.9,24.2,20.5,62.50,0.00,20.9,358,4.69,1.11
2001-06-18,27.4,17.6,29.8,17.4,0.00,0.00,16.6,307,30.00,5.98
2001-06-19,29.1,17.3,31.7,18.2,0.00,0.00,15.1,208,29.15,5.97
2001-06-20,30.2,18.8,34.2,19.5,0.30,0.00,12.3,223,28.14,5.84
2001-06-21,23.6,19.4,26.2,20.7,9.50,0.00,14.9,66,13.31,2.53
2001-06-22,24.8,19.3,25.7,20.6,1.30,0.00,21.1,138,19.69,3.66
2001-06-23,24.8,20.7,27.4,23.1,21.10,0.00,21.2,164,11.74,2.21
2001-06-24,25.1,17.9,27.5,18.9,1.60,0.00,11.5,321,20.28,3.90
2001-06-25,26.7,16.9,28.4,18.0,0.00,0.00,8.4,342,25.83,4.88
2001-06-26,29.2,17.4,31.6,19.1,0.00,0.00,9.0,287,26.25,5.23
2001-06-27,31.2,19.7,32.4,21.0,0.00,0.00,16.4,292,26.30,5.99
2001-06-28,31.5,21.6,33.2,22.5,0.00,0.00,16.3,315,27.44,6.44
2001-06-29,27.3,21.0,29.9,23.3,0.00,0.00,14.4,139,25.61,5.29
2001-06-30,32.9,22.1,36.2,24.9,0.50,0.00,16.1,236,24.80,5.84
2001-07-01,30.8,21.7,32.8,23.2,11.80,0.00,21.3,249,22.04,4.99
2001-07-02,21.9,13.8,20.6,9.9,0.00,0.00,22.7,323,30.51,5.91
2001-07-03,25.0,14.0,24.3,12.9,0.00,0.00,17.6,199,27.98,5.62
2001-07-04,26.2,18.1,28.9,19.3,9.40,0.00,13.1,190,17.95,3.61
2001-07-05,27.6,19.3,29.7,21.4,0.90,0.00,15.3,246,22.63,4.67
2001-07-06,22.3,16.4,21.9,14.5,0.00,0.00,21.7,309,25.97,5.35
2001-07-07,26.0,14.8,25.6,14.6,0.00,0.00,14.1,212,27.63,5.58
2001-07-08,23.7,18.9,25.9,18.3,1.60,0.00,13.9,187,11.67,2.81
2001-07-09,29.3,19.1,32.9,21.9,2.20,0.00,8.4,286,25.79,5.16
2001-07-10,31.5,19.6,33.2,21.5,1.50,0.00,14.6,259,24.43,5.59
2001-07-11,26.7,19.9,26.6,19.5,1.80,0.00,19.6,300,21.47,4.78
2001-07-12,24.4,16.6,22.3,15.7,0.00,0.00,18.9,293,22.39,5.15
2001-07-13,23.9,14.1,22.5,13.7,0.00,0.00,13.3,292,18.28,4.02
2001-07-14,25.0,15.9,23.7,15.2,0.00,0.00,16.9,311,21.32,4.91
2001-07-15,27.3,16.2,25.7,15.9,0.00,0.00,16.3,329,25.09,5.44
2001-07-16,29.0,16.4,29.3,17.2,0.00,0.00,10.1,271,22.68,4.89
2001-07-17,30.1,19.4,30.4,20.3,1.80,0.00,12.5,278,18.38,4.35
2001-07-18,25.6,19.7,28.2,21.6,2.00,0.00,14.1,76,15.62,3.16
2001-07-19,24.9,18.6,25.2,19.0,0.00,0.00,16.4,66,22.78,4.54
2001-07-20,26.2,16.5,26.5,17.3,0.00,0.00,12.3,68,28.92,5.67
2001-07-21,29.3,15.0,30.5,14.9,0.00,0.00,14.8,183,28.41,6.12
2001-07-22,29.0,16.9,30.0,17.7,0.00,0.00,17.5,187,28.31,6.10
2001-07-23,31.4,17.7,34.1,18.8,0.00,0.00,15.8,209,25.19,5.71
2001-07-24,33.3,22.0,35.4,24.9,0.00,0.00,18.8,225,24.39,6.29
2001-07-25,35.0,24.9,38.0,28.1,0.60,0.00,18.0,244,22.11,5.93
2001-07-26,26.6,18.3,30.8,19.1,20.90,0.00,21.4,10,6.84,1.66
2001-07-27,24.1,15.8,23.9,13.6,0.00,0.00,16.4,24,28.46,5.50
2001-07-28,24.8,15.3,26.1,15.6,0.00,0.00,14.1,194,22.12,4.46
2001-07-29,22.9,16.6,22.4,17.1,0.00,0.00,16.1,140,18.24,3.93
2001-07-30,24.0,17.8,23.8,18.0,0.00,0.00,14.1,72,20.12,4.09
2001-07-31,26.5,16.0,27.8,17.1,0.00,0.00,12.3,128,26.29,5.23
2001-08-01,30.0,16.6,30.9,16.7,0.00,0.00,12.1,249,22.19,5.07
2001-08-02,31.8,19.8,32.2,19.9,0.00,0.00,18.3,239,25.13,6.69
2001-08-03,30.7,21.1,31.5,21.1,0.10,0.00,17.1,236,17.38,5.00
2001-08-04,28.6,21.4,32.0,23.9,9.60,0.00,13.0,201,15.30,3.57
2001-08-05,28.7,19.6,32.7,22.9,1.90,0.00,10.3,160,18.65,3.84
2001-08-06,32.2,21.2,35.6,24.6,0.00,0.00,12.0,220,22.84,5.23
2001-08-07,35.6,23.2,37.5,26.1,0.00,0.00,13.8,260,24.68,6.27
2001-08-08,35.5,25.0,37.3,28.1,0.00,0.00,11.6,299,22.50,5.73
2001-08-09,37.4,23.2,39.9,25.5,0.00,0.00,16.9,236,24.78,6.84
2001-08-10,36.4,26.7,38.7,30.1,3.80,0.00,17.3,232,18.61,5.10
2001-08-11,28.8,22.9,30.9,25.0,0.30,0.00,14.0,58,12.63,3.12
2001-08-12,25.4,22.2,30.6,25.1,17.00,0.00,10.9,132,5.26,1.24
2001-08-13,28.0,22.0,32.7,25.7,15.10,0.00,10.0,259,15.43,3.06
2001-08-14,27.8,20.7,29.8,21.9,0.00,0.00,13.6,30,22.82,4.59
2001-08-15,26.4,19.5,28.5,22.1,0.00,0.00,10.0,101,20.88,4.11
2001-08-16,27.5,18.3,29.7,20.4,0.00,0.00,17.3,162,24.50,4.89
2001-08-17,29.7,20.7,32.0,22.1,0.30,0.00,17.1,216,18.39,4.32
2001-08-18,28.4,19.2,28.8,20.1,0.00,0.00,11.8,262,16.42,3.90
2001-08-19,26.7,21.6,28.6,24.6,0.00,0.00,11.4,147,12.87,2.83
2001-08-20,28.1,21.6,31.5,24.7,12.60,0.00,10.4,185,14.10,2.91
2001-08-21,27.6,19.8,28.2,21.5,0.00,0.00,13.3,271,17.02,3.93
2001-08-22,29.3,18.8,29.4,19.6,0.00,0.00,11.1,285,22.31,4.99
2001-08-23,28.9,18.2,30.3,19.4,12.10,0.00,11.2,237,14.97,3.42
2001-08-24,26.9,18.4,28.1,19.4,0.30,0.00,15.1,14,20.85,4.07
2001-08-25,24.9,18.3,25.9,18.4,0.00,0.00,13.0,94,23.31,4.53
2001-08-26,25.7,17.0,27.1,18.0,0.00,0.00,14.8,170,23.30,4.50
2001-08-27,28.0,20.6,31.3,22.1,13.40,0.00,14.4,224,13.93,2.98
2001-08-28,29.1,19.3,31.1,21.7,0.00,0.00,13.5,255,19.38,4.12
2001-08-29,26.8,18.1,29.8,19.2,0.00,0.00,12.3,310,21.09,4.25
2001-08-30,26.4,17.1,27.2,17.8,0.60,0.00,17.8,156,15.58,3.32
2001-08-31,28.3,21.6,31.7,23.9,4.60,0.00,15.0,184,16.64,3.40
2001-09-01,25.6,18.2,26.0,16.8,0.00,0.00,17.1,318,20.52,4.39
2001-09-02,21.8,14.5,22.9,13.0,0.00,0.00,14.1,46,22.51,4.31
2001-09-03,23.9,14.6,24.6,14.5,0.00,0.00,14.6,170,22.35,4.25
2001-09-04,26.4,15.8,27.9,15.9,1.60,0.00,12.0,228,13.76,2.88
2001-09-05,24.2,16.8,23.5,16.4,0.00,0.00,15.9,354,21.52,4.22
2001-09-06,25.1,13.4,25.3,12.7,0.00,0.00,9.3,55,22.51,4.26
2001-09-07,28.0,15.2,28.2,14.9,0.00,0.00,12.6,212,22.17,4.74
2001-09-08,28.1,17.2,29.8,18.2,0.00,0.00,14.3,209,21.47,4.51
2001-09-09,27.9,17.6,29.1,19.2,0.00,0.00,16.0,193,19.34,4.12
2001-09-10,28.4,20.0,30.0,22.2,5.50,0.00,13.9,198,12.77,2.80
2001-09-11,26.5,16.6,24.8,16.9,0.00,0.00,15.3,337,20.75,4.35
2001-09-12,24.6,15.2,24.9,14.1,0.00,0.00,15.8,13,21.32,4.61
2001-09-13,28.9,15.3,29.0,14.9,0.00,0.00,12.4,235,20.69,4.50
2001-09-14,19.7,12.0,20.6,9.5,16.10,0.00,22.4,8,4.37,1.22
2001-09-15,19.2,10.9,17.6,8.0,0.00,0.00,16.0,6,21.15,3.63
2001-09-16,21.6,9.8,21.5,8.6,0.00,0.00,7.9,354,21.10,3.59
2001-09-17,23.3,11.8,24.1,10.4,0.00,0.00,11.2,355,20.43,3.66
2001-09-18,24.5,12.2,24.8,11.7,0.00,0.00,7.7,299,17.24,3.19
2001-09-19,24.1,14.2,23.8,14.3,0.00,0.00,16.5,114,18.87,3.64
2001-09-20,22.7,18.2,22.8,18.6,21.00,0.00,16.8,155,4.41,1.41
2001-09-21,23.5,18.6,25.6,20.0,6.30,0.00,13.8,181,7.36,1.47
2001-09-22,25.2,17.7,26.5,19.8,1.20,0.00,10.2,221,13.85,2.61
2001-09-23,24.3,15.1,25.4,15.1,0.00,0.00,9.2,19,15.16,2.88
2001-09-24,23.9,18.1,25.2,20.1,1.50,0.00,20.6,153,11.36,2.28
2001-09-25,21.2,15.9,23.5,14.4,16.00,0.00,22.5,208,5.04,1.31
2001-09-26,17.4,10.1,15.0,7.8,0.00,0.00,16.8,260,18.48,3.30
2001-09-27,17.8,10.0,14.8,8.5,0.00,0.00,16.0,239,8.78,1.99
2001-09-28,16.7,8.9,15.1,7.2,1.80,0.00,14.4,340,15.32,2.50
2001-09-29,16.3,10.9,12.6,7.9,0.10,0.00,24.8,21,10.66,2.43
2001-09-30,11.6,9.6,8.5,5.5,13.90,0.00,25.0,18,4.45,1.39
2001-10-01,13.7,8.9,12.9,5.2,22.20,0.00,23.1,345,2.94,0.78
2001-10-02,22.5,9.0,22.2,7.4,0.00,0.00,12.9,285,16.33,2.87
2001-10-03,25.7,11.7,25.6,10.7,0.00,0.00,13.3,228,16.06,3.19
2001-10-04,25.8,14.2,25.1,13.9,0.00,0.00,14.3,233,17.40,3.72
2001-10-05,25.2,12.8,25.1,12.2,0.00,0.00,17.1,216,17.21,3.66
2001-10-06,19.6,11.5,17.8,8.0,4.00,0.00,24.5,245,7.89,2.29
2001-10-07,13.7,7.1,8.0,3.3,0.00,0.00,25.8,293,16.48,3.41
2001-10-08,11.8,4.2,6.9,-1.1,0.00,0.00,20.1,311,17.70,2.84
2001-10-09,14.6,4.1,11.4,1.2,0.00,0.00,12.6,238,17.42,2.69
2001-10-10,19.3,6.4,17.2,3.8,0.00,0.00,13.2,225,16.16,2.73
2001-10-11,22.5,9.7,21.9,8.3,0.00,0.00,12.1,214,16.01,2.75
2001-10-12,22.8,10.2,23.0,9.2,0.00,0.00,8.8,215,15.51,2.68
2001-10-13,22.5,13.3,23.1,13.2,0.50,0.00,12.8,148,14.34,2.47
2001-10-14,17.7,13.9,16.4,13.1,0.00,0.00,17.6,127,6.45,1.35
2001-10-15,19.7,11.8,17.8,9.9,6.10,0.00,18.5,261,15.46,2.87
2001-10-16,18.6,9.0,15.9,6.9,0.60,0.00,23.8,129,12.66,2.31
2001-10-17,13.8,8.3,8.4,2.9,0.70,0.00,31.1,260,13.17,2.97
2001-10-18,13.3,5.5,9.2,1.0,0.00,0.00,18.8,278,15.67,2.74
2001-10-19,16.1,4.1,12.7,1.4,0.00,0.00,14.2,203,14.23,2.41
2001-10-20,20.4,7.5,17.8,5.8,0.00,0.00,13.0,245,14.27,2.49
2001-10-21,22.2,8.4,20.2,6.4,0.00,0.00,18.9,207,14.26,2.78
2001-10-22,21.8,11.4,22.0,10.8,0.30,0.00,14.3,298,10.88,2.01
2001-10-23,19.9,12.7,19.1,11.1,0.00,0.00,17.8,135,6.71,1.47
2001-10-24,24.9,15.6,26.2,16.1,0.00,0.00,10.2,201,12.82,2.38
2001-10-25,23.0,14.3,23.0,8.9,0.20,0.00,22.1,237,10.32,3.26
2001-10-26,13.6,7.3,8.3,2.0,0.00,0.00,28.1,261,12.58,3.78
2001-10-27,10.4,4.8,4.8,0.2,0.00,0.00,23.1,292,9.54,2.41
2001-10-28,10.2,3.6,5.4,-1.1,0.00,0.00,17.9,340,14.01,2.27
2001-10-29,13.8,1.4,10.1,-1.6,0.00,0.00,10.8,278,13.41,2.08
2001-10-30,14.9,6.7,11.4,3.0,0.00,0.00,13.3,342,12.20,2.20
2001-10-31,12.7,4.3,10.1,0.5,0.00,0.00,13.3,110,4.49,1.38
2001-11-01,19.6,7.7,17.7,5.9,0.00,0.00,13.4,207,11.78,2.12
2001-11-02,22.7,12.4,21.7,11.0,0.00,0.00,18.1,209,9.42,2.12
2001-11-03,19.6,11.4,18.0,8.0,2.70,0.00,18.2,270,6.90,1.87
2001-11-04,15.7,6.6,12.8,4.2,0.00,0.00,14.8,279,12.13,2.20
2001-11-05,11.1,6.0,7.8,0.8,0.00,0.00,33.0,317,10.98,2.51
2001-11-06,12.3,4.5,6.7,-0.1,0.00,0.00,23.0,321,12.37,2.66
2001-11-07,17.4,6.8,13.3,1.6,0.00,0.00,23.0,306,11.72,2.95
2001-11-08,13.2,4.0,10.1,1.5,0.00,0.00,16.1,205,8.09,1.44
2001-11-09,11.5,4.2,8.4,0.9,0.00,0.00,25.8,302,11.80,2.31
2001-11-10,14.9,2.9,10.5,-0.3,0.00,0.00,16.5,231,11.42,2.16
2001-11-11,8.7,2.6,3.5,-1.6,0.00,0.00,24.9,314,11.88,2.28
2001-11-12,9.4,-0.7,3.8,-4.9,0.00,0.00,20.6,296,10.62,1.68
2001-11-13,11.2,0.3,7.5,-2.9,0.00,0.00,10.2,242,11.19,1.57
2001-11-14,15.0,2.1,11.8,-1.4,0.00,0.00,14.3,229,10.93,1.78
2001-11-15,18.9,6.0,16.9,3.0,0.00,0.00,12.5,241,9.41,1.97
2001-11-16,20.9,9.1,18.6,6.6,0.00,0.00,14.1,273,9.31,2.25
2001-11-17,10.5,3.8,7.5,1.0,0.00,0.00,14.8,41,10.70,1.73
2001-11-18,13.7,1.5,10.6,-1.3,0.00,0.00,12.5,232,10.41,1.53
2001-11-19,15.8,4.1,13.3,1.3,0.00,0.00,15.8,207,9.99,1.57
2001-11-20,13.1,3.6,10.6,-1.1,3.60,0.00,24.2,285,6.79,1.71
2001-11-21,7.4,-1.1,3.1,-4.3,0.00,0.00,11.2,242,10.38,1.44
2001-11-22,11.9,-0.2,8.8,-3.4,0.00,0.00,9.9,222,9.64,1.45
2001-11-23,14.1,3.8,11.5,1.0,0.00,0.00,9.9,86,9.29,1.36
2001-11-24,16.4,6.6,16.1,4.4,0.00,0.00,13.0,90,2.47,0.54
2001-11-25,18.6,13.7,17.3,12.3,14.20,0.00,18.6,158,6.17,1.34
2001-11-26,15.8,8.2,14.9,6.3,2.80,0.00,8.5,317,8.00,1.15
2001-11-27,13.2,4.2,11.0,1.8,0.00,0.00,9.1,282,8.78,1.23
2001-11-28,16.3,9.1,15.5,7.9,0.50,0.00,9.4,314,8.41,1.36
2001-11-29,13.5,10.3,14.2,7.1,1.00,0.00,18.8,93,1.34,0.58
2001-11-30,18.7,13.4,18.3,13.3,1.00,0.00,23.5,186,3.75,0.82
2001-12-01,19.4,10.8,16.6,8.2,0.00,0.00,14.8,247,8.76,1.80
2001-12-02,11.2,4.9,8.3,2.2,0.00,0.00,12.0,322,4.93,1.09
2001-12-03,12.5,4.6,9.1,1.9,0.00,0.00,13.1,222,9.05,1.40
2001-12-04,15.4,4.0,13.4,1.2,0.00,0.00,12.2,231,8.90,1.33
2001-12-05,19.2,8.8,17.8,6.2,0.00,0.00,11.7,235,6.17,1.51
2001-12-06,20.2,10.8,17.8,8.2,0.00,0.00,15.6,241,7.88,2.26
2001-12-07,15.6,7.0,12.0,3.3,1.60,0.00,15.5,296,6.12,1.39
2001-12-08,7.5,2.5,4.1,-0.8,8.60,0.00,17.3,36,4.22,0.86
2001-12-09,6.7,1.6,2.2,-1.4,7.10,0.00,18.5,6,4.56,0.73
2001-12-10,8.0,-0.6,6.4,-3.4,0.00,0.00,6.4,18,6.13,0.73
2001-12-11,10.8,4.2,7.8,0.2,0.60,0.00,15.5,6,6.60,1.03
2001-12-12,8.6,3.2,5.4,-0.9,0.00,0.00,15.6,54,4.76,0.91
2001-12-13,12.4,8.4,11.7,5.5,0.40,0.00,12.4,184,2.19,0.47
2001-12-14,15.5,9.8,14.1,8.8,4.70,0.00,19.7,213,1.62,0.34
2001-12-15,15.6,2.2,14.0,-2.6,0.00,0.00,27.0,306,8.30,1.84
2001-12-16,5.8,-1.2,2.0,-5.0,0.00,0.00,13.1,344,8.32,1.08
2001-12-17,9.3,2.4,6.8,-0.7,2.80,0.00,14.4,166,2.43,0.67
2001-12-18,12.2,4.2,10.9,-0.7,10.40,0.00,30.0,293,6.87,1.29
2001-12-19,8.9,3.9,5.4,-0.7,0.00,0.00,16.4,246,6.48,1.28
2001-12-20,6.8,1.9,0.9,-4.0,0.00,0.00,26.0,270,8.68,1.58
2001-12-21,5.2,0.2,-1.8,-5.0,0.00,0.00,27.5,299,7.60,1.82
2001-12-22,5.2,-1.9,0.8,-6.4,0.00,0.00,15.3,319,8.91,1.17
2001-12-23,7.9,-1.4,4.3,-4.6,0.00,0.00,11.9,177,8.61,1.05
2001-12-24,8.3,0.8,6.0,-4.1,9.30,0.00,15.8,267,7.29,1.10
2001-12-25,3.2,-2.3,-1.0,-7.0,0.00,0.00,15.3,251,9.00,1.18
2001-12-26,3.4,-2.5,-0.6,-7.8,0.00,0.00,14.5,284,8.54,0.99
2001-12-27,0.3,-3.7,-6.0,-9.2,0.00,0.00,21.7,263,7.66,1.33
2001-12-28,4.2,-3.5,-0.8,-8.5,0.00,0.00,18.0,233,8.64,1.31
2001-12-29,4.7,-3.1,-0.2,-7.4,0.00,0.00,18.0,253,6.89,1.22
2001-12-30,0.1,-4.2,-6.8,-10.4,0.00,0.00,23.2,271,9.19,1.51
2001-12-31,-0.5,-6.0,-6.6,-12.0,0.00,0.00,19.5,256,9.36,1.42
2002-01-01,2.4,-6.4,-3.8,-11.2,0.00,0.00,19.0,298,9.18,1.27
2002-01-02,2.6,-5.2,-2.4,-10.1,0.00,0.00,15.6,292,9.37,1.16
2002-01-03,2.8,-5.0,-1.6,-9.4,0.00,0.00,13.7,320,8.47,1.06
2002-01-04,3.1,-3.9,-1.8,-8.6,0.00,0.00,16.4,298,9.32,1.21
2002-01-05,5.2,-2.1,0.4,-7.4,0.00,0.00,13.9,244,7.97,1.38
2002-01-06,3.3,-3.4,0.5,-7.2,14.80,3.78,26.8,23,3.73,0.58
2002-01-07,1.7,-2.4,-2.1,-7.4,5.40,3.15,26.9,336,2.15,0.42
2002-01-08,0.7,-8.0,-3.6,-13.1,0.00,0.00,17.3,284,9.98,0.92
2002-01-09,2.9,-3.8,-1.5,-8.6,1.90,0.56,17.9,230,4.12,0.67
2002-01-10,8.5,1.9,5.0,-2.6,0.00,0.00,17.3,255,8.72,1.00
2002-01-11,6.1,1.1,2.0,-2.9,5.50,0.00,18.4,285,4.58,0.65
2002-01-12,6.8,-0.7,2.9,-4.6,0.00,0.00,14.9,235,9.44,1.19
2002-01-13,4.8,0.6,-0.3,-5.0,1.70,0.00,31.6,272,8.92,1.33
2002-01-14,5.5,-2.3,1.8,-6.1,0.00,0.00,17.3,236,8.82,1.18
2002-01-15,8.5,-1.6,4.6,-5.0,0.00,0.00,19.2,282,9.32,1.24
2002-01-16,5.1,-1.8,0.6,-5.5,0.00,0.00,20.5,286,9.60,1.36
2002-01-17,7.9,-1.6,2.9,-5.3,0.00,0.28,20.6,244,6.21,1.10
2002-01-18,2.3,-3.0,-3.6,-7.4,0.00,0.00,24.0,277,8.33,1.18
2002-01-19,-0.7,-5.0,-5.0,-9.2,9.80,6.93,16.2,40,3.41,0.55
2002-01-20,1.2,-7.4,-2.6,-11.9,2.90,2.03,14.8,297,11.04,0.84
2002-01-21,3.0,-5.3,-0.4,-9.8,0.50,0.07,17.3,225,4.22,0.51
2002-01-22,5.1,-3.7,0.7,-8.1,0.00,0.00,16.5,260,11.17,1.17
2002-01-23,9.4,-4.1,5.5,-8.3,0.00,0.00,22.3,215,7.53,1.25
2002-01-24,8.1,6.1,6.7,3.9,7.10,0.00,16.3,239,1.27,0.25
2002-01-25,7.4,1.5,4.0,-3.1,0.00,0.00,18.4,292,11.38,1.62
2002-01-26,10.9,0.8,6.3,-4.1,0.00,0.00,18.0,242,11.31,2.07
2002-01-27,13.8,-1.7,10.4,-5.4,0.00,0.00,10.7,236,11.49,1.73
2002-01-28,14.8,0.3,12.3,-3.1,0.00,0.00,10.9,236,10.16,1.55
2002-01-29,19.0,4.1,17.4,1.1,0.00,0.00,12.3,242,10.31,1.79
2002-01-30,14.6,7.1,13.7,4.7,2.90,0.00,13.1,295,2.81,0.79
2002-01-31,6.4,2.3,3.6,-2.3,2.30,0.00,17.8,66,1.04,0.48
2002-02-01,16.1,3.6,14.1,-1.6,2.30,0.00,28.0,300,1.72,0.81
2002-02-02,3.8,-2.4,-2.7,-7.3,0.00,0.00,26.1,312,12.44,1.99
2002-02-03,4.7,-3.6,-0.4,-7.6,0.00,0.00,18.7,205,10.80,1.38
2002-02-04,5.2,-3.1,1.1,-7.5,0.10,0.07,25.6,303,11.30,1.36
2002-02-05,0.6,-7.0,-5.6,-14.5,0.00,0.00,27.6,301,13.31,1.83
2002-02-06,5.6,-2.8,1.1,-7.7,0.00,0.00,13.7,256,13.02,1.66
2002-02-07,5.6,-0.3,3.3,-4.5,1.10,0.35,11.0,222,7.20,0.91
2002-02-08,10.1,-1.3,6.4,-5.3,0.00,0.00,15.1,278,13.36,1.75
2002-02-09,6.8,-1.5,2.9,-5.2,0.00,0.00,17.6,25,13.72,1.68
2002-02-10,11.7,-1.7,9.3,-5.4,4.00,0.00,24.1,151,8.85,1.25
2002-02-11,10.3,-3.5,7.0,-9.0,1.90,0.00,30.6,296,7.80,1.40
2002-02-12,6.3,-4.9,0.6,-9.8,0.00,0.00,24.6,216,9.80,1.74
2002-02-13,2.8,-3.8,-3.5,-9.2,0.00,0.00,24.7,298,13.60,1.78
2002-02-14,3.5,-6.4,-1.9,-11.0,0.00,0.00,14.5,233,14.76,1.75
2002-02-15,8.0,-2.4,2.8,-7.3,0.00,0.00,19.3,204,9.78,1.56
2002-02-16,12.2,1.8,8.1,-1.7,0.10,0.00,12.6,247,12.48,1.87
2002-02-17,7.6,0.4,2.0,-5.8,0.80,0.00,22.7,318,13.42,1.91
2002-02-18,6.4,-2.3,1.1,-8.0,0.00,0.14,25.1,340,15.56,2.22
2002-02-19,10.3,-3.4,6.6,-7.0,0.00,0.00,8.0,251,15.40,2.00
2002-02-20,12.2,1.7,8.9,-1.8,0.40,0.00,21.3,174,7.69,1.43
2002-02-21,16.1,6.7,12.7,3.6,3.30,0.00,21.6,240,11.71,2.08
2002-02-22,8.9,2.9,3.7,-0.6,0.00,0.00,19.8,273,11.04,1.76
2002-02-23,7.2,-0.9,3.1,-5.1,0.00,0.00,13.0,322,15.59,1.96
2002-02-24,7.6,-2.6,4.6,-7.1,0.00,0.00,12.4,47,16.36,2.00
2002-02-25,10.6,-0.3,6.8,-3.4,0.00,0.00,15.7,191,15.32,1.91
2002-02-26,15.4,1.7,11.8,-1.3,0.40,0.00,19.7,175,16.04,2.33
2002-02-27,9.5,0.3,7.2,-6.4,2.70,0.28,23.2,275,5.69,1.31
2002-02-28,4.0,-2.8,-1.4,-9.8,0.00,0.00,25.5,282,17.76,2.35
2002-03-01,8.0,-3.7,2.9,-8.5,0.00,0.00,18.8,253,17.40,2.20
2002-03-02,8.4,-1.5,3.7,-5.1,1.40,0.00,21.4,142,9.12,1.40
2002-03-03,15.3,7.1,13.9,2.3,11.90,0.00,32.8,191,4.29,1.08
2002-03-04,6.1,-2.1,1.0,-8.2,0.00,0.00,20.3,296,17.27,2.65
2002-03-05,1.5,-6.6,-4.8,-12.6,0.00,0.00,21.1,279,18.31,2.06
2002-03-06,13.0,-2.4,7.6,-7.4,0.00,0.00,22.4,218,15.97,2.68
2002-03-07,16.7,1.4,13.6,-2.2,0.00,0.00,17.1,236,16.31,2.68
2002-03-08,13.0,1.4,10.4,-2.0,0.00,0.00,13.9,85,16.43,1.98
2002-03-09,17.6,7.5,15.5,6.1,1.60,0.00,28.4,162,13.91,2.21
2002-03-10,13.6,-0.1,10.2,-6.8,6.70,0.00,35.7,266,19.29,3.09
2002-03-11,5.1,-2.8,0.2,-8.7,0.00,0.00,20.1,283,18.79,2.48
2002-03-12,10.1,-0.6,7.8,-5.0,0.50,0.00,12.4,188,7.96,1.21
2002-03-13,6.6,2.7,3.7,-0.0,4.10,0.00,15.2,48,2.36,0.35
2002-03-14,17.4,3.7,15.7,1.0,0.00,0.00,10.5,280,19.02,2.77
2002-03-15,18.4,5.9,16.9,3.2,0.00,0.00,14.4,174,11.95,1.91
2002-03-16,14.5,4.6,14.3,-0.7,8.10,0.00,18.3,325,4.38,1.18
2002-03-17,4.5,-0.3,0.3,-5.1,1.10,0.21,18.2,60,10.62,1.71
2002-03-18,4.0,1.8,1.2,-2.4,10.90,1.26,21.3,83,2.10,0.41
2002-03-19,8.2,1.9,5.4,-0.8,0.00,0.00,10.3,26,13.88,1.73
2002-03-20,6.3,3.3,3.0,-1.0,20.20,0.56,20.8,98,1.52,0.43
2002-03-21,12.0,1.7,8.7,-3.4,0.40,0.00,30.9,278,19.82,2.70
2002-03-22,1.5,-5.5,-5.3,-13.2,0.40,0.28,30.5,303,18.07,2.37
2002-03-23,7.4,-3.4,1.0,-9.3,0.00,0.00,28.1,239,21.88,2.95
2002-03-24,12.2,-1.4,7.6,-5.4,0.20,0.00,18.5,247,18.61,2.83
2002-03-25,6.4,1.8,2.4,-3.5,0.00,0.00,18.4,33,11.83,1.73
2002-03-26,12.0,2.8,11.0,-1.5,14.30,0.14,24.5,71,2.41,0.60
2002-03-27,13.5,3.6,14.0,-1.1,9.90,0.00,19.6,313,18.50,2.51
2002-03-28,12.0,-0.4,9.0,-4.4,0.00,0.00,14.5,294,22.94,3.09
2002-03-29,13.9,1.1,11.2,-2.2,0.00,0.00,20.1,187,21.84,3.05
2002-03-30,20.4,7.5,19.5,3.2,2.40,0.00,20.0,218,16.93,3.34
2002-03-31,13.3,8.3,11.8,5.8,2.10,0.00,13.7,331,4.46,1.15
2002-04-01,14.5,6.3,9.8,2.6,7.50,0.00,26.3,290,18.77,3.02
2002-04-02,13.3,1.1,10.3,-2.2,0.00,0.00,20.5,197,22.80,3.24
2002-04-03,21.3,5.1,20.3,1.3,5.70,0.00,26.5,245,14.81,2.96
2002-04-04,10.6,2.1,6.6,-2.3,0.00,0.00,17.3,318,24.21,3.48
2002-04-05,5.8,-1.2,1.2,-5.0,0.00,0.00,15.1,325,15.49,2.22
2002-04-06,7.9,-1.6,4.6,-5.9,0.00,0.00,18.1,323,22.96,2.95
2002-04-07,8.3,-3.0,5.0,-6.8,0.00,0.00,16.1,245,24.21,3.19
2002-04-08,14.5,3.4,11.4,-0.9,0.00,0.00,15.5,191,16.28,2.69
2002-04-09,22.7,9.6,20.8,6.4,0.90,0.00,25.0,213,16.05,3.22
2002-04-10,17.9,8.2,15.4,4.5,2.30,0.00,18.9,338,24.67,3.76
2002-04-11,13.1,5.6,10.4,1.8,0.00,0.00,17.9,86,23.91,3.34
2002-04-12,12.5,3.3,11.1,0.5,0.50,0.00,10.4,114,7.24,1.13
2002-04-13,20.9,11.4,20.6,10.3,3.40,0.00,16.2,198,9.70,1.87
2002-04-14,21.8,11.8,22.6,11.3,0.80,0.00,15.8,196,19.84,3.33
2002-04-15,25.6,14.9,25.3,14.0,1.30,0.00,16.3,233,19.43,3.80
2002-04-16,30.2,15.9,32.0,16.0,0.00,0.00,9.7,251,23.97,5.02
2002-04-17,32.0,17.2,33.6,17.3,0.00,0.00,10.2,251,22.35,5.20
2002-04-18,30.7,18.4,32.4,18.8,0.00,0.00,11.9,277,22.60,5.11
2002-04-19,28.2,16.3,31.2,17.3,3.80,0.00,13.7,199,22.10,4.49
2002-04-20,20.1,14.1,20.3,12.1,4.20,0.00,13.1,331,14.50,2.84
2002-04-21,15.2,9.3,13.7,5.7,1.20,0.00,15.3,320,15.33,3.09
2002-04-22,11.5,6.4,10.6,1.4,8.70,0.00,19.8,97,4.29,1.01
2002-04-23,11.5,3.1,6.5,-2.2,0.00,0.00,21.9,327,18.98,3.29
2002-04-24,14.7,2.3,13.8,-1.0,0.00,0.00,17.1,238,25.54,4.03
2002-04-25,11.3,5.9,7.7,2.5,10.10,0.00,23.0,156,6.54,1.31
2002-04-26,13.5,3.1,9.5,-0.3,0.00,0.00,24.5,293,22.43,3.38
2002-04-27,15.9,3.2,13.4,0.6,0.00,0.00,13.6,269,27.23,4.05
2002-04-28,16.1,8.6,17.1,5.9,28.90,0.00,20.2,109,3.47,0.77
2002-04-29,15.8,7.0,16.2,1.9,0.20,0.00,22.9,305,13.81,2.56
2002-04-30,15.1,4.1,11.1,0.1,7.30,0.00,22.3,275,18.53,3.00
2002-05-01,17.7,4.5,14.8,2.3,0.00,0.00,17.1,273,26.60,4.02
2002-05-02,18.8,9.0,20.3,6.1,21.10,0.00,20.9,124,5.77,1.11
2002-05-03,16.5,8.8,17.3,3.9,0.60,0.00,35.6,300,26.60,4.55
2002-05-04,17.3,3.9,15.9,1.0,0.00,0.00,15.1,243,28.57,4.73
2002-05-05,19.4,8.2,19.1,6.2,0.00,0.00,14.3,211,28.01,4.82
2002-05-06,22.2,8.7,21.7,6.8,0.00,0.00,19.1,204,26.35,4.84
2002-05-07,24.4,12.7,25.1,11.0,0.60,0.00,12.6,221,17.23,3.43
2002-05-08,20.5,11.4,20.9,8.8,0.00,0.00,16.8,47,25.86,4.46
2002-05-09,13.8,10.2,13.6,7.6,0.80,0.00,14.6,106,6.59,1.55
2002-05-10,22.7,12.5,20.2,10.7,0.10,0.00,23.6,266,28.12,5.40
2002-05-11,19.6,9.7,17.0,5.7,0.00,0.00,15.6,305,28.63,5.09
2002-05-12,17.6,11.0,18.1,9.5,3.50,0.00,16.4,154,9.44,1.94
2002-05-13,17.1,10.2,18.5,7.6,39.10,0.00,19.1,79,4.16,0.65
2002-05-14,16.4,8.5,11.5,3.6,6.70,0.00,34.3,273,23.91,3.98
2002-05-15,18.3,7.7,14.2,2.6,0.00,0.00,33.2,290,25.94,4.93
2002-05-16,24.6,8.7,22.4,6.3,0.00,0.00,21.6,237,27.78,5.70
2002-05-17,24.2,14.6,23.3,12.4,0.70,0.00,21.7,277,18.01,4.41
2002-05-18,13.1,5.7,11.2,0.5,33.10,0.00,29.4,12,6.78,1.29
2002-05-19,13.4,4.6,10.4,1.2,0.00,0.00,14.1,319,22.02,3.55
2002-05-20,12.9,5.1,10.1,1.9,0.00,0.00,13.8,334,23.98,3.70
2002-05-21,14.0,3.9,10.9,0.1,0.00,0.00,14.9,310,23.60,3.70
2002-05-22,17.7,5.5,15.8,2.1,0.00,0.00,12.3,286,27.44,4.42
2002-05-23,21.0,6.5,20.7,4.2,0.00,0.00,13.6,215,29.88,5.12
2002-05-24,26.9,10.7,27.8,8.3,0.00,0.00,14.8,262,25.40,5.13
2002-05-25,19.4,11.8,19.7,9.9,0.00,0.00,18.0,46,29.11,5.04
2002-05-26,20.4,11.1,22.4,9.6,1.30,0.00,11.2,139,13.03,2.31
2002-05-27,22.4,14.0,24.2,14.2,1.70,0.00,10.2,118,12.84,2.35
2002-05-28,24.2,13.9,26.5,14.1,0.00,0.00,11.0,161,18.89,3.50
2002-05-29,23.7,15.4,25.0,16.3,0.30,0.00,15.8,141,17.47,3.23
2002-05-30,24.7,14.5,27.4,14.7,0.00,0.00,16.3,166,23.07,4.03
2002-05-31,28.1,16.9,29.9,17.9,0.70,0.00,18.7,212,23.36,4.76
2002-06-01,29.0,17.4,27.5,18.3,0.00,0.00,18.9,261,29.97,6.65
2002-06-02,25.2,16.1,23.0,12.8,0.00,0.00,27.5,299,27.86,6.33
2002-06-03,22.0,12.0,20.5,9.9,0.00,0.00,14.5,325,29.59,5.48
2002-06-04,22.9,13.2,23.3,12.1,0.00,0.00,22.0,134,24.51,4.80
2002-06-05,29.3,17.5,32.1,16.2,1.80,0.00,16.2,198,18.84,4.37
2002-06-06,26.6,14.6,29.7,13.0,28.20,0.00,22.3,18,15.65,3.24
2002-06-07,19.1,13.9,17.9,11.4,15.50,0.00,25.9,41,14.99,2.95
2002-06-08,19.9,10.7,21.3,9.6,0.00,0.00,13.4,123,28.27,4.78
2002-06-09,27.0,11.8,28.8,10.3,0.00,0.00,11.8,237,25.50,4.80
2002-06-10,24.3,17.2,27.5,17.2,0.00,0.00,13.3,146,25.49,4.86
2002-06-11,31.0,16.1,34.4,16.6,0.00,0.00,14.3,225,26.52,5.68
2002-06-12,29.7,21.3,31.8,22.3,2.10,0.00,18.3,254,19.89,4.58
2002-06-13,19.8,15.1,20.6,14.2,0.30,0.00,16.6,92,8.50,1.90
2002-06-14,15.1,14.2,14.5,13.0,20.70,0.00,16.1,82,1.83,0.63
2002-06-15,17.6,13.4,18.2,12.1,1.20,0.00,15.5,60,7.23,1.49
2002-06-16,24.2,13.8,24.9,13.1,1.60,0.00,17.8,233,23.00,4.21
2002-06-17,24.0,13.6,22.8,13.5,0.00,0.00,15.0,252,25.43,4.80
2002-06-18,24.6,12.4,25.5,11.9,0.00,0.00,13.7,234,27.35,5.21
2002-06-19,25.4,15.3,28.9,15.7,6.60,0.00,7.1,227,25.42,4.68
2002-06-20,25.0,15.6,27.9,16.7,0.00,0.00,12.3,113,25.95,4.78
2002-06-21,26.9,14.1,29.1,14.5,0.00,0.00,13.6,186,29.11,5.57
2002-06-22,29.9,16.7,32.2,17.0,0.00,0.00,12.4,222,27.30,5.80
2002-06-23,30.3,19.0,32.3,19.0,0.00,0.00,13.5,235,27.46,6.39
2002-06-24,30.9,22.3,32.7,23.4,0.90,0.00,15.5,301,25.03,5.68
2002-06-25,29.3,21.7,33.0,23.4,0.00,0.00,12.0,108,22.82,4.80
2002-06-26,32.3,21.5,36.3,24.5,5.00,0.00,13.2,202,20.93,4.72
2002-06-27,32.2,22.7,35.6,25.9,12.20,0.00,16.0,242,23.11,5.41
2002-06-28,27.9,21.2,28.9,24.0,0.30,0.00,14.0,284,20.46,4.39
2002-06-29,29.4,20.0,30.6,20.2,0.00,0.00,13.5,349,27.70,6.00
2002-06-30,29.4,19.1,30.9,21.0,0.00,0.00,15.6,190,23.12,5.27
2002-07-01,31.3,20.4,33.1,21.3,0.00,0.00,13.9,240,24.17,5.78
2002-07-02,34.8,22.3,38.8,23.9,0.00,0.00,13.8,262,25.89,6.34
2002-07-03,35.8,24.8,39.1,28.7,0.10,0.00,12.7,304,26.51,6.43
2002-07-04,36.0,24.8,38.6,28.8,0.00,0.00,13.3,301,25.06,6.61
2002-07-05,28.5,22.0,30.7,20.5,0.00,0.00,23.5,334,30.00,7.58
2002-07-06,27.9,18.4,26.3,17.8,0.00,0.00,15.0,335,24.49,6.23
2002-07-07,31.3,18.7,31.3,17.6,0.00,0.00,14.5,310,28.92,7.15
2002-07-08,32.7,18.6,33.8,19.7,0.00,0.00,10.9,264,27.12,6.51
2002-07-09,34.1,23.0,35.3,23.4,0.20,0.00,17.8,254,21.25,6.26
2002-07-10,28.5,21.0,28.5,17.7,2.90,0.00,18.4,345,27.88,6.38
2002-07-11,24.9,16.2,23.4,13.9,0.00,0.00,18.7,355,30.00,6.37
2002-07-12,26.8,14.8,28.0,14.0,0.00,0.00,14.9,162,29.44,6.04
2002-07-13,27.8,16.8,27.8,16.8,0.00,0.00,16.7,200,24.49,5.56
2002-07-14,28.1,20.3,28.9,20.9,0.20,0.00,11.2,210,17.45,4.23
2002-07-15,32.3,19.6,32.7,21.8,0.00,0.00,13.0,266,24.28,5.85
2002-07-16,30.4,22.1,29.1,22.6,0.00,0.00,18.2,334,28.88,7.14
2002-07-17,32.9,19.9,35.0,21.4,0.00,0.00,10.8,232,25.40,5.72
2002-07-18,35.4,24.1,37.3,26.7,0.50,0.00,15.5,266,24.20,6.27
2002-07-19,32.5,22.9,35.9,26.1,4.10,0.00,10.1,26,19.22,4.34
2002-07-20,29.1,21.8,31.9,24.1,0.60,0.00,12.6,26,22.37,4.73
2002-07-21,26.9,21.7,28.3,23.7,0.00,0.00,16.3,161,17.40,3.96
2002-07-22,32.4,20.9,34.7,23.0,0.00,0.00,17.6,207,25.07,6.21
2002-07-23,35.2,22.8,37.4,26.5,10.70,0.00,21.9,231,22.97,6.09
2002-07-24,24.6,20.0,26.1,20.5,3.40,0.00,18.6,58,9.85,2.45
2002-07-25,24.0,18.5,24.4,18.0,0.00,0.00,14.8,92,25.44,5.18
2002-07-26,22.6,16.6,22.8,16.6,1.00,0.00,11.9,103,17.56,3.53
2002-07-27,24.2,17.9,26.5,18.3,1.50,0.00,9.5,194,9.40,2.27
2002-07-28,29.3,20.0,32.9,23.2,0.30,0.00,11.4,181,12.41,2.86
2002-07-29,34.3,24.3,39.1,28.1,0.40,0.00,13.5,261,22.42,5.45
2002-07-30,33.3,25.6,35.3,26.8,0.10,0.00,18.3,294,24.04,6.68
2002-07-31,33.5,22.0,35.3,23.4,0.00,0.00,13.3,328,25.21,6.03
2002-08-01,33.5,23.0,35.9,25.5,0.30,0.00,10.1,20,23.09,5.57
2002-08-02,34.2,24.8,38.1,28.5,3.50,0.00,13.6,147,24.22,5.62
2002-08-03,30.7,23.1,35.3,27.2,1.10,0.00,11.4,229,16.00,3.49
2002-08-04,32.0,23.7,35.9,28.7,0.00,0.00,11.7,157,22.10,5.05
2002-08-05,34.2,23.8,36.0,27.2,6.80,0.00,14.3,257,18.69,4.67
2002-08-06,25.1,19.1,26.7,17.0,3.80,0.00,24.4,342,26.83,6.23
2002-08-07,25.0,16.4,23.1,14.9,0.00,0.00,15.5,346,21.84,4.99
2002-08-08,27.0,17.5,25.9,16.6,0.00,0.00,14.8,353,24.61,5.69
2002-08-09,28.1,16.7,28.4,15.6,0.00,0.00,11.0,21,26.64,5.70
2002-08-10,30.4,16.7,31.5,17.2,0.00,0.00,14.9,204,25.78,5.96
2002-08-11,32.0,19.3,33.7,20.1,0.00,0.00,15.4,194,24.70,5.96
2002-08-12,34.2,20.4,37.4,22.3,0.40,0.00,10.4,203,23.37,5.54
2002-08-13,35.7,23.3,38.1,25.5,0.00,0.00,12.9,219,21.93,5.81
2002-08-14,35.1,24.0,38.4,27.6,0.30,0.00,16.7,196,21.58,5.92
2002-08-15,32.7,22.5,34.7,25.4,0.00,0.00,18.1,195,21.47,5.56
2002-08-16,32.7,25.1,35.2,29.1,7.70,0.00,15.2,214,13.19,3.47
2002-08-17,33.2,24.2,37.6,27.3,4.60,0.00,12.7,255,19.95,4.66
2002-08-18,33.5,24.9,35.8,28.7,0.10,0.00,13.3,238,20.87,5.21
2002-08-19,33.0,24.0,35.7,25.8,0.00,0.00,13.0,300,22.64,5.57
2002-08-20,27.7,20.6,29.6,21.6,7.40,0.00,15.1,11,16.78,3.91
2002-08-21,27.9,18.7,29.1,18.9,0.00,0.00,13.1,77,24.60,5.21
2002-08-22,29.1,18.1,29.7,19.6,0.00,0.00,15.6,201,19.05,4.61
2002-08-23,27.7,21.9,28.7,23.3,1.30,0.00,15.9,30,14.43,3.44
2002-08-24,23.2,20.3,25.5,21.7,6.10,0.00,12.8,116,7.24,1.80
2002-08-25,27.3,18.9,28.4,20.2,0.70,0.00,13.3,328,18.17,3.74
2002-08-26,27.5,19.0,27.5,20.3,0.00,0.00,9.7,295,16.45,3.53
2002-08-27,28.7,18.4,29.4,19.7,0.00,0.00,10.2,23,17.25,3.84
2002-08-28,22.8,17.5,24.7,17.4,1.90,0.00,17.5,63,9.67,3.14
2002-08-29,18.6,16.0,19.5,14.7,25.70,0.00,24.7,23,2.54,0.70
2002-08-30,20.4,15.6,21.7,15.1,0.00,0.00,14.9,357,5.60,1.42
2002-08-31,23.2,15.6,22.5,15.9,0.00,0.00,21.0,63,14.75,3.03
2002-09-01,17.7,16.2,18.1,14.7,14.60,0.00,18.4,53,2.37,1.01
2002-09-02,21.4,15.4,20.7,14.2,6.60,0.00,24.1,20,9.30,1.89
2002-09-03,27.5,15.8,30.4,16.7,0.00,0.00,12.6,281,21.48,4.15
2002-09-04,29.5,20.5,32.1,20.8,0.00,0.00,12.0,297,19.80,4.44
2002-09-05,26.3,17.7,26.8,17.6,0.00,0.00,15.8,330,20.84,4.54
2002-09-06,24.5,14.5,24.2,12.9,0.00,0.00,14.4,2,22.67,4.44
2002-09-07,26.6,15.3,27.6,15.9,0.00,0.00,10.3,180,22.18,4.28
2002-09-08,27.7,15.4,29.5,16.2,0.00,0.00,9.6,199,22.02,4.26
2002-09-09,31.5,16.1,34.3,16.9,0.00,0.00,10.4,207,21.87,4.44
2002-09-10,29.9,17.8,32.4,19.4,0.00,0.00,13.2,191,18.68,4.06
2002-09-11,24.6,17.5,24.0,13.6,0.00,0.00,38.7,314,20.77,5.10
2002-09-12,22.6,13.0,19.6,9.8,0.00,0.00,17.1,318,22.22,4.85
2002-09-13,27.6,13.2,25.1,11.5,0.00,0.00,19.5,241,21.64,5.14
2002-09-14,27.4,15.5,28.3,15.9,0.00,0.00,17.1,201,17.76,4.06
2002-09-15,26.1,21.5,27.9,23.5,6.60,0.00,15.8,212,6.44,1.84
2002-09-16,26.2,20.4,28.7,22.2,14.30,0.00,15.8,239,9.23,1.99
2002-09-17,25.9,16.6,25.9,16.5,0.00,0.00,13.0,347,20.53,3.88
2002-09-18,24.2,15.4,25.6,15.2,0.00,0.00,10.5,67,18.10,3.51
2002-09-19,24.3,16.2,25.2,16.9,0.00,0.00,14.4,164,19.82,3.67
2002-09-20,26.1,16.5,27.2,17.6,0.00,0.00,15.9,184,13.51,2.88
2002-09-21,27.6,18.7,29.7,20.2,0.00,0.00,12.6,187,15.07,3.26
2002-09-22,26.7,19.7,27.4,22.2,0.00,0.00,16.9,165,18.79,3.82
2002-09-23,24.2,18.2,24.3,16.7,2.50,0.00,16.0,345,11.01,2.66
2002-09-24,24.3,16.2,25.0,14.8,0.00,0.00,13.3,8,17.06,3.55
2002-09-25,22.5,15.0,21.1,13.7,0.00,0.00,13.3,42,13.74,2.88
2002-09-26,17.9,14.1,18.6,12.6,15.60,0.00,16.8,50,2.53,0.98
2002-09-27,23.4,14.8,25.6,14.0,24.90,0.00,24.9,106,3.81,1.04
2002-09-28,23.6,15.3,25.5,14.5,0.80,0.00,24.2,323,17.86,3.53
2002-09-29,19.8,12.4,20.0,10.9,0.00,0.00,12.9,48,17.96,3.12
2002-09-30,21.4,13.4,21.2,13.2,0.00,0.00,11.4,184,16.80,2.97
2002-10-01,24.9,14.6,25.4,14.5,0.00,0.00,16.3,231,14.19,2.90
2002-10-02,28.3,17.6,30.7,18.6,0.00,0.00,11.9,244,16.26,3.45
2002-10-03,26.4,18.3,27.9,17.9,0.90,0.00,14.4,339,12.86,2.91
2002-10-04,21.3,16.7,22.6,15.3,0.70,0.00,18.9,109,1.97,1.13
2002-10-05,26.9,18.1,26.6,15.0,1.10,0.00,21.6,256,15.33,3.80
2002-10-06,19.2,12.8,17.7,11.0,0.00,0.00,20.1,63,16.36,3.38
2002-10-07,23.5,15.0,23.1,11.6,0.00,0.00,17.7,267,9.51,2.70
2002-10-08,16.1,10.1,14.4,7.3,0.00,0.00,15.3,7,16.66,2.91
2002-10-09,17.3,9.7,15.0,7.7,0.00,0.00,14.5,108,7.89,1.84
2002-10-10,17.8,14.0,17.0,13.1,5.60,0.00,12.4,98,3.02,1.02
2002-10-11,16.5,13.3,15.6,12.1,35.50,0.00,20.7,64,0.95,0.42
2002-10-12,16.3,14.6,15.5,13.3,18.20,0.00,23.7,40,1.35,0.48
2002-10-13,17.6,14.1,18.6,12.9,0.00,0.00,17.6,6,3.06,0.80
2002-10-14,15.1,8.0,13.0,4.8,0.00,0.00,20.3,347,16.38,2.90
2002-10-15,13.5,6.2,10.8,3.0,0.00,0.00,13.7,73,12.45,2.17
2002-10-16,14.7,9.2,12.2,4.3,38.10,0.00,34.2,29,1.73,0.63
2002-10-17,15.4,7.8,13.9,5.5,1.20,0.00,17.4,268,10.87,1.81
2002-10-18,13.7,6.7,10.1,3.8,0.00,0.00,14.3,282,13.39,2.15
2002-10-19,16.3,7.2,13.3,3.9,0.00,0.00,22.7,213,8.73,2.14
2002-10-20,14.5,8.1,12.0,5.7,0.00,0.00,15.1,296,13.92,2.29
2002-10-21,12.9,6.6,9.6,3.6,0.00,0.00,13.7,344,14.34,2.11
2002-10-22,13.1,4.4,10.8,1.1,0.00,0.00,11.6,44,13.61,1.96
2002-10-23,11.4,4.8,7.4,1.9,0.00,0.00,16.9,338,10.47,1.58
2002-10-24,9.4,1.7,6.7,-1.9,0.00,0.00,9.5,349,13.22,1.69
2002-10-25,10.3,6.7,7.4,3.4,0.50,0.00,13.3,57,6.10,1.32
2002-10-26,15.3,9.7,13.6,7.6,18.10,0.00,22.7,11,4.29,0.92
2002-10-27,14.5,7.6,11.7,5.3,0.00,0.00,16.3,301,10.12,1.89
2002-10-28,11.3,5.0,7.8,2.2,0.00,0.00,11.1,315,10.45,1.68
2002-10-29,7.9,3.2,4.0,-0.5,3.60,0.00,16.2,20,9.98,1.50
2002-10-30,5.4,2.9,1.1,-0.8,5.80,0.07,15.7,21,2.01,0.75
2002-10-31,9.2,2.3,5.7,-2.1,0.00,0.00,14.0,346,13.45,1.75
2002-11-01,10.2,1.0,5.4,-2.5,0.00,0.00,23.9,268,12.12,1.84
2002-11-02,6.0,-0.1,0.9,-4.5,0.00,0.00,18.3,265,8.81,1.46
2002-11-03,7.1,0.2,3.2,-3.8,0.00,0.00,15.6,291,9.23,1.28
2002-11-04,9.5,3.2,6.6,0.1,0.40,0.00,13.4,198,4.89,0.93
2002-11-05,9.2,1.8,5.8,-1.5,1.20,0.00,15.2,357,11.31,1.58
2002-11-06,10.0,5.8,7.7,-0.1,12.60,0.00,27.0,343,1.91,0.74
2002-11-07,7.1,1.6,1.3,-2.1,0.00,0.00,24.7,304,11.58,1.88
2002-11-08,14.0,-0.1,10.6,-4.1,0.00,0.00,20.2,218,11.78,1.94
2002-11-09,15.2,5.8,13.6,3.5,0.00,0.00,14.8,212,9.52,1.46
2002-11-10,19.1,10.7,18.1,9.0,1.30,0.00,19.1,189,8.25,1.54
2002-11-11,19.8,13.8,20.5,13.8,2.50,0.00,18.3,204,2.11,0.51
2002-11-12,12.8,8.7,12.2,5.2,23.10,0.00,21.7,13,1.39,0.40
2002-11-13,9.3,6.1,6.4,2.1,5.00,0.00,18.1,342,2.57,0.64
2002-11-14,12.5,1.7,9.6,-1.2,0.00,0.00,14.8,260,10.94,1.63
2002-11-15,14.2,6.5,11.7,3.7,0.00,0.00,14.3,221,9.54,1.55
2002-11-16,7.9,5.4,5.4,0.3,12.40,0.00,26.3,38,1.35,0.44
2002-11-17,6.3,4.3,3.4,-0.3,28.30,0.00,29.0,20,1.82,0.37
2002-11-18,8.5,2.6,2.8,-2.3,8.10,0.00,29.9,278,8.95,1.48
2002-11-19,8.7,0.5,5.4,-2.8,0.50,0.00,12.3,204,7.42,1.03
2002-11-20,12.4,1.0,10.5,-1.8,0.00,0.00,9.6,235,10.38,1.30
2002-11-21,11.4,3.9,9.7,1.5,1.30,0.00,8.8,93,5.34,0.74
2002-11-22,11.1,5.1,10.0,1.1,13.10,0.00,17.9,12,3.35,0.53
2002-11-23,5.7,2.1,0.4,-5.1,0.60,0.00,34.1,279,10.04,1.74
2002-11-24,10.1,1.6,5.9,-3.5,0.00,0.00,22.5,267,9.95,1.62
2002-11-25,13.4,1.4,11.4,-1.5,0.00,0.00,16.9,207,8.72,1.17
2002-11-26,7.4,3.4,4.3,-0.3,0.00,0.00,14.7,2,8.85,1.23
2002-11-27,4.9,-2.4,2.1,-7.6,8.10,2.45,21.3,345,5.74,0.83
2002-11-28,1.3,-4.2,-3.8,-9.2,0.00,0.00,18.0,287,8.54,1.17
2002-11-29,3.4,-2.6,-1.4,-7.7,0.00,0.00,22.6,222,6.19,1.19
2002-11-30,9.7,3.2,6.3,-1.6,0.00,0.00,17.1,234,6.80,1.28
2002-12-01,2.8,-3.1,-2.1,-8.5,0.00,0.00,29.5,282,8.61,1.59
2002-12-02,4.2,-2.6,-0.6,-8.3,0.00,0.21,16.6,232,5.98,1.17
2002-12-03,1.0,-7.1,-3.0,-14.2,0.00,0.07,24.5,322,9.90,1.30
2002-12-04,0.0,-6.4,-4.8,-12.1,0.00,0.00,15.7,295,8.89,0.97
2002-12-05,-1.1,-3.8,-5.9,-8.4,15.40,10.92,20.7,26,0.93,0.30
2002-12-06,-0.0,-10.0,-4.4,-14.8,0.00,0.00,13.0,304,8.73,0.67
2002-12-07,-0.2,-13.5,-5.1,-18.6,0.00,0.00,15.3,229,9.64,0.63
2002-12-08,4.1,-7.3,-0.3,-12.0,0.00,0.00,16.2,256,8.74,0.78
2002-12-09,-3.1,-11.1,-7.7,-15.9,0.00,0.00,18.0,309,9.77,0.86
2002-12-10,0.9,-6.7,-2.5,-11.4,0.00,0.00,9.5,276,6.98,0.74
2002-12-11,3.3,-6.8,-1.8,-11.8,17.00,0.00,25.9,31,1.36,0.49
2002-12-12,6.7,-1.2,3.3,-4.8,2.30,0.00,23.7,330,8.42,0.82
2002-12-13,5.8,-2.3,2.0,-6.3,9.40,0.00,18.4,22,4.58,0.48
2002-12-14,8.2,2.5,5.9,-2.4,6.50,0.00,25.4,22,1.84,0.33
2002-12-15,7.3,2.4,3.3,-2.8,0.00,0.00,21.8,289,8.22,1.21
2002-12-16,4.8,-2.6,0.4,-8.0,0.80,0.00,27.2,299,6.84,1.07
2002-12-17,0.3,-4.4,-4.6,-9.4,0.00,0.00,16.3,344,9.18,1.20
2002-12-18,2.3,-6.2,-1.0,-11.0,0.00,0.00,10.5,340,9.28,0.97
2002-12-19,6.9,-3.7,3.5,-7.6,0.00,0.00,11.8,211,6.38,0.76
2002-12-20,13.0,3.1,11.8,-1.4,17.00,0.00,27.1,216,0.80,0.35
2002-12-21,6.3,0.7,0.3,-3.8,0.00,0.00,27.2,248,7.24,1.30
2002-12-22,9.3,0.4,5.6,-3.9,0.00,0.00,14.9,239,6.00,1.29
2002-12-23,5.4,1.5,0.0,-3.8,0.00,0.00,22.9,269,7.05,1.47
2002-12-24,3.4,-1.7,-0.7,-6.0,0.10,0.14,14.9,293,7.30,1.08
2002-12-25,4.3,-0.3,-0.7,-7.5,29.10,12.11,36.1,16,0.75,0.39
2002-12-26,1.4,-2.3,-4.4,-8.9,0.70,0.63,28.8,305,8.62,1.07
2002-12-27,1.2,-5.5,-2.0,-9.9,0.00,0.00,13.5,279,8.97,0.75
2002-12-28,1.3,-6.0,-2.9,-10.4,0.00,0.00,14.0,277,8.81,0.76
2002-12-29,4.2,-5.0,-0.6,-9.0,0.00,0.00,17.1,286,8.55,0.82
2002-12-30,2.4,-5.7,-1.2,-10.2,1.50,0.14,10.5,80,8.19,0.78
2002-12-31,8.6,2.5,6.7,-0.8,1.40,0.00,11.8,182,6.94,0.75
2003-01-01,5.5,2.7,3.2,-2.9,23.70,0.00,26.0,24,1.10,0.27
2003-01-02,2.2,-0.6,-2.8,-6.0,7.90,0.56,26.6,22,5.56,0.82
2003-01-03,1.8,-1.1,-3.3,-6.7,13.60,5.11,24.9,50,1.29,0.41
2003-01-04,1.9,-0.9,-2.3,-6.4,3.70,0.70,21.5,329,4.51,0.70
2003-01-05,1.7,-5.8,-1.6,-10.1,3.30,2.31,13.6,266,7.53,0.71
2003-01-06,0.9,-2.9,-2.3,-6.2,3.10,2.24,12.0,339,3.80,0.39
2003-01-07,-1.6,-6.6,-6.0,-11.9,0.70,0.56,23.2,305,9.56,0.79
2003-01-08,4.8,-3.9,0.3,-9.0,2.00,1.47,17.8,248,7.59,0.90
2003-01-09,8.1,0.8,3.4,-2.8,0.00,0.00,24.1,255,8.71,1.28
2003-01-10,2.5,-3.9,-2.6,-8.8,0.00,0.00,20.6,285,9.53,1.07
2003-01-11,-1.6,-6.3,-8.4,-12.6,0.00,0.00,25.6,270,9.81,1.23
2003-01-12,0.7,-6.5,-5.4,-12.4,0.00,0.00,22.2,277,9.90,1.11
2003-01-13,2.7,-7.2,-3.4,-12.1,0.00,0.00,22.2,254,9.53,1.26
2003-01-14,-3.0,-7.9,-8.3,-13.5,0.00,0.00,17.3,304,10.20,1.02
2003-01-15,-2.1,-7.5,-8.3,-12.4,0.00,0.00,18.7,284,7.99,0.94
2003-01-16,-2.4,-9.1,-7.5,-14.8,0.00,0.07,17.2,266,9.50,1.02
2003-01-17,-1.3,-11.7,-7.4,-18.2,1.40,0.98,21.7,317,10.04,0.96
2003-01-18,-6.9,-17.1,-11.2,-21.9,0.00,0.00,17.9,289,11.26,0.78
2003-01-19,-3.1,-10.2,-9.3,-15.4,0.00,0.00,21.0,257,8.46,0.85
2003-01-20,-1.9,-8.4,-8.2,-14.4,0.00,0.00,27.3,268,10.93,1.29
2003-01-21,-4.7,-12.8,-11.2,-18.0,0.00,0.00,19.9,288,11.19,0.97
2003-01-22,-6.3,-13.3,-13.3,-19.0,0.00,0.00,23.0,289,11.30,0.93
2003-01-23,-7.5,-15.2,-14.1,-21.1,0.00,0.00,20.9,305,11.04,0.84
2003-01-24,-3.4,-14.7,-10.1,-21.1,0.00,0.00,20.9,314,12.00,1.06
2003-01-25,-1.8,-12.7,-7.4,-17.7,0.00,0.00,14.7,254,11.52,0.98
2003-01-26,0.9,-8.1,-2.5,-13.2,0.70,0.63,10.9,244,6.33,0.76
2003-01-27,-2.4,-15.0,-6.8,-20.7,0.60,0.49,23.8,318,12.39,0.93
2003-01-28,-3.9,-17.7,-9.3,-22.8,0.00,0.00,13.7,266,11.57,0.89
2003-01-29,-0.4,-6.3,-3.2,-10.6,1.90,1.75,8.9,273,4.10,0.47
2003-01-30,0.7,-8.6,-3.1,-13.2,0.00,0.00,9.1,34,11.49,0.94
2003-01-31,1.8,-4.3,-1.8,-8.4,0.00,0.00,11.8,32,2.58,0.44
2003-02-01,2.0,0.0,-1.6,-3.6,2.40,1.47,13.9,29,2.79,0.35
2003-02-02,6.6,-0.6,-0.2,-4.9,0.00,0.00,30.9,303,11.88,1.44
2003-02-03,8.4,-1.7,5.4,-5.8,0.00,0.00,19.5,277,12.07,1.50
2003-02-04,8.2,0.6,5.8,-5.1,3.50,0.00,26.0,230,3.96,0.80
2003-02-05,0.4,-4.4,-5.6,-9.3,0.00,0.00,24.5,279,12.46,1.58
2003-02-06,0.5,-7.2,-4.2,-11.7,0.00,0.07,9.6,273,11.76,1.29
2003-02-07,-0.3,-5.0,-4.3,-10.3,14.00,9.87,15.2,331,4.10,0.45
2003-02-08,-3.5,-15.8,-8.6,-20.8,0.00,0.00,15.4,257,14.60,0.91
2003-02-09,0.9,-14.1,-4.1,-19.3,0.00,0.00,16.9,246,13.65,1.00
2003-02-10,1.3,-7.6,-1.9,-12.3,3.20,2.45,15.5,214,5.98,0.61
2003-02-11,-1.1,-11.2,-6.1,-17.1,0.00,0.07,21.4,279,14.18,0.98
2003-02-12,-2.7,-11.6,-9.0,-16.6,0.60,0.42,28.1,260,14.84,1.08
2003-02-13,-5.6,-15.4,-11.8,-20.8,0.00,0.00,25.2,276,13.78,0.89
2003-02-14,-3.0,-16.8,-8.0,-22.0,0.00,0.00,16.6,260,15.17,1.05
2003-02-15,-3.8,-10.7,-7.8,-16.2,0.00,0.21,14.7,22,11.15,0.93
2003-02-16,-8.7,-13.5,-14.5,-19.5,4.60,3.50,18.1,30,6.15,0.64
2003-02-17,-3.5,-9.2,-9.4,-16.1,40.90,28.56,31.1,40,2.09,0.39
2003-02-18,-0.5,-5.4,-4.1,-10.9,0.50,0.63,20.3,345,9.44,0.87
2003-02-19,0.6,-9.1,-3.2,-13.3,0.00,0.00,12.2,228,14.16,1.07
2003-02-20,4.5,-4.7,0.9,-8.9,0.00,0.00,11.7,258,16.44,1.44
2003-02-21,3.9,-8.1,0.6,-12.6,1.60,0.00,11.3,229,14.52,1.32
2003-02-22,2.7,0.7,-0.5,-2.7,26.00,0.00,19.8,70,1.33,0.24
2003-02-23,9.5,-3.3,7.1,-10.5,8.70,0.00,30.4,262,6.02,0.85
2003-02-24,1.0,-9.3,-3.0,-14.3,0.00,0.00,27.7,274,10.16,1.06
2003-02-25,-2.3,-9.4,-8.2,-14.3,0.00,0.00,17.9,321,15.37,1.17
2003-02-26,-5.8,-12.6,-9.8,-17.6,0.00,0.28,11.0,62,11.20,0.83
2003-02-27,-1.0,-13.0,-5.3,-17.8,0.00,0.00,11.9,52,13.02,1.01
2003-02-28,1.3,-4.4,-2.0,-8.6,0.30,0.35,13.4,51,15.23,1.36
2003-03-01,2.9,-5.1,-1.3,-9.8,1.30,0.28,13.0,190,9.75,1.00
2003-03-02,4.8,0.8,2.4,-3.0,10.00,0.00,16.4,326,2.55,0.34
2003-03-03,0.9,-11.9,-3.9,-18.1,0.00,0.00,25.5,313,18.90,1.31
2003-03-04,3.1,-9.5,-1.5,-14.0,0.00,0.00,16.3,184,17.26,1.58
2003-03-05,7.2,-2.0,4.4,-5.8,6.90,0.00,15.6,225,4.76,0.60
2003-03-06,3.5,-6.4,0.1,-11.0,11.70,6.58,19.0,2,3.53,0.51
2003-03-07,-1.5,-14.2,-5.1,-19.3,0.00,0.00,12.2,66,18.87,1.31
2003-03-08,5.8,-6.6,4.4,-11.3,0.00,0.00,18.4,218,19.02,1.94
2003-03-09,7.7,-4.3,3.5,-9.7,0.40,0.00,20.7,270,17.43,2.23
2003-03-10,-2.8,-10.2,-9.0,-15.1,0.00,0.00,22.7,296,20.04,1.61
2003-03-11,3.8,-7.4,-1.3,-12.4,0.00,0.00,18.0,224,19.68,1.95
2003-03-12,10.0,-3.5,6.5,-7.5,0.00,0.00,13.8,227,13.93,1.57
2003-03-13,4.6,-1.9,0.9,-5.5,3.80,0.84,14.3,19,8.10,0.88
2003-03-14,2.1,-6.5,-1.9,-11.3,0.00,0.00,14.9,357,20.04,1.82
2003-03-15,9.0,-4.0,5.5,-8.2,0.00,0.00,13.7,204,19.65,2.18
2003-03-16,17.7,-1.3,17.0,-4.9,0.00,0.00,11.8,216,18.89,2.57
2003-03-17,19.1,2.9,19.5,0.1,0.00,0.00,11.6,252,16.72,2.53
2003-03-18,16.4,4.5,15.4,2.0,0.00,0.00,12.7,28,16.26,2.25
2003-03-19,5.2,0.1,1.4,-3.9,0.00,0.00,15.5,85,18.39,2.00
2003-03-20,9.3,0.4,5.2,-3.4,14.00,0.00,25.5,95,3.76,0.76
2003-03-21,17.6,9.7,17.4,5.9,15.10,0.00,24.3,200,8.56,1.35
2003-03-22,17.4,7.9,14.7,5.5,0.00,0.00,14.8,278,16.87,2.83
2003-03-23,14.3,2.9,11.7,-0.2,0.00,0.00,16.1,301,20.60,2.90
2003-03-24,13.6,2.5,12.5,-0.5,0.00,0.00,10.2,85,18.48,2.64
2003-03-25,13.8,1.7,11.8,-1.1,0.00,0.00,17.9,166,21.08,2.69
2003-03-26,18.2,5.0,18.8,2.4,9.60,0.00,20.4,236,17.39,2.74
2003-03-27,15.1,2.2,13.4,-0.9,0.00,0.00,13.4,276,20.69,3.06
2003-03-28,13.4,2.5,10.7,-0.1,0.10,0.00,17.8,126,18.55,2.51
2003-03-29,19.2,9.3,17.5,7.4,9.30,0.00,23.8,173,10.40,1.69
2003-03-30,12.0,1.3,10.5,-3.5,7.60,0.21,21.5,350,2.98,0.67
2003-03-31,5.3,-1.3,-1.5,-7.1,0.30,0.28,32.7,309,22.14,2.61
2003-04-01,6.7,-2.8,4.7,-7.2,3.00,0.07,15.5,242,11.22,1.50
2003-04-02,12.1,1.6,10.6,-1.0,0.60,0.00,15.3,84,15.60,1.95
2003-04-03,11.0,3.7,8.9,0.3,0.00,0.00,13.9,75,13.79,1.83
2003-04-04,5.6,2.8,1.7,-2.1,0.00,0.00,19.6,81,5.10,0.90
2003-04-05,6.7,2.4,4.0,-2.1,1.90,0.00,18.2,91,4.13,0.71
2003-04-06,8.1,0.3,4.1,-5.8,0.00,0.00,22.7,322,24.49,2.95
2003-04-07,1.9,0.0,-2.9,-5.5,12.50,8.12,23.1,59,3.70,0.93
2003-04-08,2.3,-0.6,-0.9,-5.6,0.20,0.07,24.6,39,8.17,0.94
2003-04-09,4.2,0.9,0.4,-3.0,8.50,0.00,17.0,32,3.80,0.52
2003-04-10,9.5,0.2,5.6,-4.4,0.00,0.00,19.3,52,19.93,2.28
2003-04-11,6.6,2.4,2.5,-2.8,7.20,0.00,24.2,42,3.20,0.67
2003-04-12,18.7,4.7,15.5,0.6,8.00,0.00,20.5,347,12.93,2.39
2003-04-13,15.0,4.1,12.4,0.6,0.00,0.00,18.1,330,25.60,3.72
2003-04-14,12.9,0.8,11.1,-2.8,0.00,0.00,15.0,134,25.32,3.47
2003-04-15,23.8,7.8,23.4,3.7,0.00,0.00,16.9,222,25.07,4.67
2003-04-16,27.8,11.7,26.2,7.5,0.00,0.00,27.9,258,24.89,5.47
2003-04-17,10.4,1.4,6.3,-4.1,1.00,0.00,21.3,79,20.19,2.80
2003-04-18,8.4,1.4,4.1,-4.1,0.30,0.00,19.9,83,9.98,1.68
2003-04-19,14.5,3.1,13.1,-0.3,0.00,0.00,13.1,70,25.42,3.34
2003-04-20,15.9,3.0,15.3,0.1,0.00,0.00,11.3,86,25.14,3.48
2003-04-21,13.7,3.9,12.0,1.5,1.90,0.00,14.8,122,22.27,2.99
2003-04-22,16.7,7.1,16.0,5.0,12.40,0.00,8.7,53,7.57,1.22
2003-04-23,10.3,4.0,6.1,-1.6,0.00,0.00,27.5,305,19.01,3.04
2003-04-24,14.8,2.8,9.6,-2.0,0.00,0.00,24.7,303,27.20,4.19
2003-04-25,14.9,4.5,12.9,0.8,0.00,0.00,17.3,138,25.20,3.78
2003-04-26,13.2,9.6,10.0,6.8,7.20,0.00,21.9,63,6.52,1.07
2003-04-27,19.9,8.9,18.5,7.2,0.30,0.00,13.2,332,18.81,3.06
2003-04-28,23.5,6.8,22.3,4.5,0.00,0.00,14.6,238,27.30,5.05
2003-04-29,23.0,10.7,23.5,9.0,0.40,0.00,20.2,277,19.37,3.65
2003-04-30,17.8,8.4,17.6,5.5,0.00,0.00,15.7,86,27.10,4.55
2003-05-01,21.4,8.5,22.0,6.4,2.10,0.00,13.0,168,13.47,2.36
2003-05-02,21.6,11.0,21.7,7.5,2.30,0.00,22.8,168,14.88,2.60
2003-05-03,16.9,9.4,15.1,5.8,0.00,0.00,22.7,9,24.84,3.99
2003-05-04,15.6,6.5,14.4,4.5,0.00,0.00,9.4,153,21.05,3.29
2003-05-05,14.7,5.6,12.5,3.0,4.90,0.00,13.8,165,14.54,2.62
2003-05-06,15.8,7.6,15.9,4.9,0.70,0.00,11.9,114,9.91,1.76
2003-05-07,23.9,10.1,26.9,9.1,0.10,0.00,9.4,200,24.41,4.26
2003-05-08,15.8,10.8,15.2,9.6,4.10,0.00,10.7,70,7.77,1.31
2003-05-09,18.9,10.3,18.1,9.0,0.60,0.00,9.8,237,11.37,2.03
2003-05-10,21.2,9.4,21.6,8.1,0.00,0.00,12.9,256,18.80,2.97
2003-05-11,15.4,12.1,15.1,10.7,7.00,0.00,17.9,113,5.99,0.95
2003-05-12,18.5,11.6,15.9,8.3,0.30,0.00,28.1,260,19.44,3.54
2003-05-13,14.7,10.3,10.1,6.7,0.00,0.00,24.6,278,14.62,3.11
2003-05-14,16.6,8.3,13.9,5.9,0.00,0.00,14.4,293,13.91,2.66
2003-05-15,19.0,8.2,19.6,6.5,0.00,0.00,16.2,84,20.52,3.43
2003-05-16,14.8,8.9,10.8,5.2,0.00,0.00,26.6,78,16.70,2.72
2003-05-17,13.9,7.7,12.5,3.9,0.00,0.00,18.2,79,18.74,2.85
2003-05-18,16.6,5.6,16.2,3.4,0.00,0.00,10.5,85,26.06,3.92
2003-05-19,22.0,6.3,21.8,4.3,0.00,0.00,8.3,73,29.88,5.10
2003-05-20,23.7,9.2,23.6,7.5,0.00,0.00,14.0,187,27.72,5.39
2003-05-21,15.0,11.9,15.2,9.8,5.50,0.00,10.7,317,4.47,1.14
2003-05-22,13.6,11.3,12.4,8.7,0.30,0.00,18.1,49,3.87,1.16
2003-05-23,14.6,10.7,12.9,8.5,4.30,0.00,15.7,56,6.72,1.31
2003-05-24,15.1,10.8,13.9,7.8,4.00,0.00,21.9,63,7.37,1.18
2003-05-25,16.2,11.7,15.8,11.5,2.60,0.00,9.0,150,7.27,1.35
2003-05-26,12.6,11.1,11.1,8.6,49.30,0.00,23.6,52,4.35,0.76
2003-05-27,18.5,9.2,18.6,8.2,0.60,0.00,10.0,79,18.13,2.93
2003-05-28,18.2,10.7,18.8,10.1,8.80,0.00,13.6,224,16.93,2.67
2003-05-29,21.7,10.7,20.9,9.3,0.00,0.00,14.2,239,24.50,4.28
2003-05-30,24.4,11.4,26.9,10.6,3.00,0.00,11.8,283,27.12,4.70
2003-05-31,19.5,13.6,19.3,12.5,9.30,0.00,16.7,105,11.80,1.94
2003-06-01,16.7,12.2,15.4,8.5,30.00,0.00,23.5,352,7.60,1.42
2003-06-02,21.1,9.8,18.5,6.4,0.00,0.00,20.7,301,28.48,5.21
2003-06-03,20.5,10.8,20.4,9.7,4.70,0.00,10.5,243,13.92,2.69
2003-06-04,15.4,10.3,13.5,8.4,26.70,0.00,18.9,70,6.01,1.14
2003-06-05,21.0,13.2,20.6,12.8,2.20,0.00,14.8,295,9.51,1.95
2003-06-06,22.1,12.5,22.1,11.0,0.00,0.00,14.4,274,19.91,3.65
2003-06-07,17.9,13.0,18.0,13.0,12.80,0.00,14.2,94,5.94,1.13
2003-06-08,20.1,13.8,21.2,12.9,0.00,0.00,13.0,68,16.79,2.96
2003-06-09,22.7,13.3,22.9,12.5,0.30,0.00,14.4,199,15.15,2.91
2003-06-10,24.6,14.4,24.9,13.7,0.00,0.00,14.5,262,25.51,4.82
2003-06-11,23.7,16.0,27.3,16.5,1.10,0.00,11.2,189,14.50,2.67
2003-06-12,25.0,18.3,28.3,20.5,5.60,0.00,8.0,343,13.83,2.71
2003-06-13,22.3,16.2,24.4,16.7,22.60,0.00,15.5,87,7.07,1.26
2003-06-14,27.2,15.4,30.3,16.3,11.70,0.00,15.6,268,18.96,3.52
2003-06-15,25.5,16.7,26.9,17.7,0.00,0.00,12.7,333,20.64,3.99
2003-06-16,18.9,12.9,19.1,11.9,0.00,0.00,17.3,77,22.63,3.88
2003-06-17,17.7,10.9,17.4,10.1,0.20,0.00,10.8,132,20.79,3.31
2003-06-18,20.0,13.8,22.1,13.7,15.10,0.00,9.4,96,5.88,1.22
2003-06-19,21.8,16.0,23.8,17.5,0.50,0.00,9.4,180,10.09,1.86
2003-06-20,20.7,15.1,20.4,14.7,5.90,0.00,18.0,52,9.36,1.76
2003-06-21,17.5,14.7,18.1,14.5,22.60,0.00,19.6,48,5.57,1.05
2003-06-22,18.5,15.0,19.0,14.8,11.60,0.00,15.6,342,6.33,1.35
2003-06-23,29.0,15.2,32.2,15.0,0.00,0.00,11.7,294,27.62,5.33
2003-06-24,31.4,16.6,35.6,18.2,0.00,0.00,8.7,317,28.52,5.67
2003-06-25,31.4,18.9,34.8,20.0,0.00,0.00,11.1,306,29.06,6.14
2003-06-26,32.4,21.5,37.6,24.1,0.00,0.00,9.1,296,27.36,5.86
2003-06-27,31.0,21.4,34.5,23.6,0.00,0.00,14.5,281,25.18,5.54
2003-06-28,26.4,18.5,28.8,18.6,0.00,0.00,16.0,339,26.70,5.50
2003-06-29,26.8,18.4,31.1,20.3,0.30,0.00,14.3,184,24.47,4.70
2003-06-30,29.5,20.3,33.1,22.6,2.90,0.00,14.0,261,23.14,4.82
2003-07-01,27.5,16.9,28.6,17.7,0.00,0.00,10.8,324,28.89,5.73
2003-07-02,27.7,18.0,30.3,19.3,0.00,0.00,13.4,207,21.60,4.71
2003-07-03,23.5,17.8,25.2,19.2,1.40,0.00,18.8,78,14.00,2.70
2003-07-04,31.9,18.2,33.8,20.4,0.00,0.00,14.5,256,26.78,5.83
2003-07-05,32.8,22.5,36.1,24.5,0.00,0.00,18.8,252,25.65,6.07
2003-07-06,31.4,23.5,33.4,26.3,0.00,0.00,14.0,280,26.65,5.98
2003-07-07,30.7,21.6,36.2,24.2,11.30,0.00,10.0,234,23.09,4.78
2003-07-08,31.4,22.4,34.2,25.4,0.00,0.00,14.6,281,22.61,5.10
2003-07-09,26.3,20.3,29.9,21.5,9.80,0.00,14.8,330,11.74,2.61
2003-07-10,22.2,19.2,22.5,19.9,2.40,0.00,18.0,76,10.65,2.43
2003-07-11,27.5,19.8,30.9,20.3,4.70,0.00,15.9,173,13.22,3.05
2003-07-12,27.2,18.8,26.9,19.6,0.00,0.00,21.1,239,24.07,5.36
2003-07-13,26.5,17.9,27.2,19.3,0.00,0.00,14.0,294,25.97,5.17
2003-07-14,23.5,18.7,24.3,20.6,0.00,0.00,12.9,118,17.04,3.30
2003-07-15,26.6,16.6,30.0,18.2,0.00,0.00,14.2,153,27.01,5.24
2003-07-16,29.2,19.5,31.9,20.6,1.90,0.00,19.4,209,14.63,3.33
2003-07-17,28.1,18.4,29.3,19.6,0.00,0.00,15.5,313,28.13,5.76
2003-07-18,28.7,18.7,29.8,19.9,0.90,0.00,14.0,251,17.81,4.03
2003-07-19,27.2,19.0,28.0,20.3,0.60,0.00,10.8,340,27.23,5.31
2003-07-20,28.2,18.7,28.9,19.9,0.00,0.00,14.8,197,24.74,5.31
2003-07-21,28.7,20.1,32.1,20.7,2.90,0.00,21.6,192,16.60,3.88
2003-07-22,30.2,21.4,35.2,23.6,14.70,0.00,14.3,177,15.53,3.31
2003-07-23,26.9,21.4,30.0,24.7,8.10,0.00,11.6,206,12.43,2.59
2003-07-24,27.1,21.4,29.4,23.0,4.80,0.00,16.6,217,18.35,3.76
2003-07-25,28.4,17.8,30.3,19.1,0.00,0.00,9.8,261,25.56,5.18
2003-07-26,29.9,18.1,31.0,19.3,0.00,0.00,14.9,243,23.54,5.29
2003-07-27,31.2,21.9,32.2,23.4,0.00,0.00,25.5,242,22.96,6.21
2003-07-28,28.1,22.3,29.4,23.5,1.80,0.00,20.8,308,22.98,5.26
2003-07-29,26.0,19.2,28.3,19.9,0.60,0.00,11.3,67,22.56,4.57
2003-07-30,25.8,17.8,28.1,19.3,0.00,0.00,13.3,139,23.68,4.51
2003-07-31,25.7,18.5,27.3,20.0,0.00,0.00,15.3,79,21.39,4.22
2003-08-01,27.3,20.9,31.3,21.8,18.40,0.00,16.0,139,8.84,1.93
2003-08-02,28.5,22.1,32.6,25.8,4.80,0.00,13.4,197,16.52,3.29
2003-08-03,26.6,22.7,31.5,26.6,13.80,0.00,18.1,182,12.44,2.48
2003-08-04,26.7,22.3,31.0,25.7,16.10,0.00,14.8,176,10.70,2.22
2003-08-05,26.8,21.8,31.5,25.0,18.00,0.00,11.6,179,11.33,2.24
2003-08-06,25.8,20.5,29.9,23.1,14.00,0.00,12.6,206,16.69,3.08
2003-08-07,25.4,20.8,29.0,24.7,18.70,0.00,8.4,114,8.92,1.86
2003-08-08,27.6,21.5,30.8,24.9,8.10,0.00,8.4,260,15.64,3.12
2003-08-09,25.4,21.5,29.2,25.0,7.90,0.00,11.9,160,9.44,1.88
2003-08-10,26.4,21.9,30.0,25.1,8.10,0.00,13.1,186,9.84,2.03
2003-08-11,26.7,21.4,30.9,24.8,9.90,0.00,10.7,186,12.41,2.53
2003-08-12,27.8,22.0,31.9,25.5,1.10,0.00,9.1,185,15.44,3.15
2003-08-13,29.6,22.1,34.9,26.1,1.40,0.00,8.8,232,18.58,3.76
2003-08-14,30.9,22.4,34.4,25.4,0.00,0.00,10.4,318,24.76,5.14
2003-08-15,30.2,20.4,33.9,21.6,0.00,0.00,11.4,313,25.40,5.31
2003-08-16,29.8,21.6,33.1,24.2,7.70,0.00,13.8,254,17.75,3.69
2003-08-17,26.0,20.2,29.5,22.8,8.90,0.00,10.8,13,13.54,2.59
2003-08-18,24.6,19.0,28.0,21.2,0.80,0.00,8.0,47,16.72,3.12
2003-08-19,27.2,18.9,29.3,20.9,0.00,0.00,10.7,234,21.90,4.34
2003-08-20,29.6,19.2,32.4,20.6,0.00,0.00,11.8,257,24.66,5.04
2003-08-21,30.2,20.6,33.8,22.9,0.00,0.00,12.2,242,20.45,4.37
2003-08-22,32.2,22.4,35.9,25.4,0.10,0.00,14.7,244,21.51,4.73
2003-08-23,26.8,19.2,27.3,16.5,0.00,0.00,17.7,322,24.04,5.50
2003-08-24,24.8,14.8,23.5,14.0,0.00,0.00,16.6,314,25.41,5.11
2003-08-25,28.7,16.8,29.2,16.7,0.00,0.00,14.7,245,20.14,4.58
2003-08-26,27.3,19.1,29.3,21.4,0.00,0.00,12.8,242,16.40,3.51
2003-08-27,29.9,21.7,32.1,23.9,0.00,0.00,15.3,270,20.08,4.50
2003-08-28,26.9,19.0,27.7,19.5,0.00,0.00,13.2,329,24.14,4.80
2003-08-29,26.8,17.9,29.1,19.4,3.70,0.00,17.3,176,12.69,2.54
2003-08-30,27.6,19.8,30.3,20.8,7.60,0.00,16.7,318,11.69,2.55
2003-08-31,22.2,16.0,23.5,14.5,0.00,0.00,14.5,41,22.34,4.23
2003-09-01,19.9,16.9,21.7,17.1,10.80,0.00,11.6,100,2.49,0.87
2003-09-02,19.6,16.2,21.9,15.4,32.20,0.00,20.7,53,2.91,0.90
2003-09-03,20.6,17.1,22.5,17.4,7.10,0.00,16.3,86,4.51,1.17
2003-09-04,23.5,19.7,27.5,22.6,8.30,0.00,12.0,209,6.83,1.35
2003-09-05,24.1,17.3,24.3,17.5,0.00,0.00,13.5,337,20.55,3.85
2003-09-06,23.0,14.7,23.9,13.7,0.00,0.00,14.5,345,21.57,3.89
2003-09-07,25.2,14.2,26.7,14.6,0.00,0.00,7.0,289,21.73,3.93
2003-09-08,22.7,16.7,23.7,17.0,0.00,0.00,12.0,38,12.81,2.44
2003-09-09,20.9,15.9,20.0,15.7,0.00,0.00,17.4,69,20.67,3.65
2003-09-10,22.7,13.4,22.8,13.3,0.00,0.00,8.7,22,19.75,3.37
2003-09-11,24.3,14.8,25.0,14.2,0.00,0.00,14.5,49,20.26,3.79
2003-09-12,20.3,16.3,18.5,15.6,0.00,0.00,20.6,67,15.52,3.07
2003-09-13,22.8,17.7,25.3,16.9,8.20,0.00,20.8,67,4.76,1.19
2003-09-14,24.6,20.6,27.8,23.1,7.10,0.00,16.1,132,9.05,1.69
2003-09-15,24.2,19.9,26.6,22.5,14.30,0.00,12.8,118,7.95,1.59
2003-09-16,24.7,17.5,25.2,17.0,10.90,0.00,14.1,317,20.53,3.79
2003-09-17,23.3,14.6,23.4,13.9,0.00,0.00,14.2,35,20.54,3.91
2003-09-18,21.3,17.5,19.4,15.8,3.00,0.00,34.9,60,9.75,2.89
2003-09-19,26.2,19.4,26.9,17.5,17.20,0.00,34.8,142,16.07,3.13
2003-09-20,26.0,17.4,28.6,19.1,0.00,0.00,10.6,253,16.83,3.25
2003-09-21,22.5,16.1,22.9,15.2,0.00,0.00,15.2,1,17.62,3.36
2003-09-22,21.7,17.2,21.6,17.9,0.30,0.00,19.9,123,10.30,2.30
2003-09-23,21.8,16.3,24.1,14.8,17.10,0.00,24.9,202,5.67,1.68
2003-09-24,21.7,11.7,20.8,11.1,0.00,0.00,11.5,239,19.23,3.44
2003-09-25,24.2,15.3,24.4,14.4,0.00,0.00,18.9,200,14.91,2.95
2003-09-26,21.3,16.4,23.6,16.3,1.20,0.00,12.5,52,6.78,1.37
2003-09-27,23.8,18.6,25.9,20.2,6.70,0.00,17.1,141,9.80,1.80
2003-09-28,20.2,16.8,23.5,16.9,14.50,0.00,13.3,185,3.08,0.80
2003-09-29,18.7,12.7,17.1,10.6,0.00,0.00,17.4,285,15.22,2.82
2003-09-30,16.8,9.3,14.8,7.2,0.00,0.00,13.1,268,16.05,2.83
2003-10-01,16.1,8.7,14.7,6.8,0.00,0.00,9.8,273,12.41,2.13
2003-10-02,13.7,7.7,11.1,3.3,0.30,0.00,22.9,278,15.58,2.80
2003-10-03,13.0,3.9,10.3,0.8,0.00,0.00,15.4,236,18.49,2.93
2003-10-04,15.6,9.1,13.2,5.7,0.00,0.00,16.3,213,6.40,1.85
2003-10-05,13.9,6.4,10.2,3.9,0.10,0.00,16.6,266,12.81,2.15
2003-10-06,14.4,5.4,11.5,3.4,0.00,0.00,11.4,316,14.50,2.23
2003-10-07,16.9,6.1,14.5,3.9,0.00,0.00,10.0,248,17.20,2.62
2003-10-08,21.3,8.4,21.6,6.6,0.00,0.00,10.5,240,13.94,2.29
2003-10-09,23.5,11.2,25.7,10.4,0.00,0.00,9.2,224,14.70,2.55
2003-10-10,18.4,13.2,17.8,13.3,0.00,0.00,15.5,52,7.29,1.34
2003-10-11,20.8,12.7,19.5,10.6,0.00,0.00,18.4,38,15.66,2.86
2003-10-12,18.6,12.4,19.1,10.9,5.80,0.00,18.3,7,3.47,1.33
2003-10-13,20.2,11.7,18.8,9.9,0.00,0.00,16.6,316,16.17,2.89
2003-10-14,19.3,9.7,17.8,8.1,0.80,0.00,26.2,112,11.65,2.12
2003-10-15,16.3,10.7,15.2,5.7,17.40,0.00,37.8,254,11.21,2.90
2003-10-16,17.2,8.4,13.2,4.4,0.00,0.00,23.5,256,13.99,3.10
2003-10-17,13.2,8.8,11.1,6.8,4.90,0.00,10.8,308,7.87,1.41
2003-10-18,12.7,6.5,9.7,4.3,3.10,0.00,12.2,314,13.15,1.92
2003-10-19,12.8,5.8,9.4,3.6,3.40,0.00,17.3,298,8.61,1.43
2003-10-20,13.5,2.8,10.7,0.1,0.00,0.00,14.7,239,14.64,2.02
2003-10-21,21.1,10.6,19.9,8.1,2.00,0.00,20.6,231,9.96,2.08
2003-10-22,12.8,4.6,10.9,0.2,1.00,0.00,17.4,339,4.68,1.20
2003-10-23,7.6,2.5,1.6,-2.1,0.20,0.00,24.2,306,9.63,1.95
2003-10-24,10.0,1.6,5.5,-2.9,0.00,0.00,20.2,290,11.52,1.86
2003-10-25,14.8,4.3,10.9,1.0,0.00,0.00,18.4,168,12.87,2.13
2003-10-26,17.5,11.6,17.4,10.2,1.70,0.00,14.9,188,2.30,0.75
2003-10-27,18.4,11.8,17.9,9.6,30.60,0.00,25.2,196,3.31,0.76
2003-10-28,13.2,6.1,11.2,4.1,0.50,0.00,15.5,290,12.63,1.81
2003-10-29,12.6,8.8,11.6,5.7,47.90,0.00,21.4,314,2.30,0.53
2003-10-30,14.6,5.5,11.8,2.2,0.00,0.00,16.0,253,13.00,1.97
2003-10-31,18.9,6.8,17.8,4.5,0.00,0.00,12.1,195,12.51,2.00
2003-11-01,22.8,10.3,24.0,9.2,0.00,0.00,10.0,242,10.85,1.83
2003-11-02,19.5,12.3,20.0,11.9,0.00,0.00,8.4,60,10.33,1.65
2003-11-03,24.0,13.7,25.9,13.4,0.00,0.00,11.5,223,11.77,2.02
2003-11-04,16.8,12.4,16.1,10.0,0.00,0.00,18.9,83,4.73,0.94
2003-11-05,18.3,12.4,20.8,10.4,9.80,0.00,17.5,66,2.19,0.56
2003-11-06,17.1,10.9,18.9,9.5,7.80,0.00,11.0,358,2.25,0.49
2003-11-07,13.3,9.3,10.4,5.5,1.70,0.00,14.0,310,10.89,1.74
2003-11-08,9.1,1.1,5.1,-3.9,0.00,0.00,21.4,322,12.19,2.22
2003-11-09,5.4,-1.9,0.9,-6.2,0.00,0.00,11.3,322,12.39,1.58
2003-11-10,7.3,-1.7,3.3,-5.0,0.00,0.00,9.5,251,12.18,1.40
2003-11-11,9.6,0.1,7.9,-3.2,0.70,0.00,12.8,203,3.32,0.65
2003-11-12,13.2,7.3,12.8,5.2,9.60,0.00,13.1,206,5.22,0.76
2003-11-13,13.6,2.9,11.3,-4.5,0.90,0.00,40.6,262,11.18,2.41
2003-11-14,6.5,0.6,-0.4,-6.5,0.00,0.00,39.2,291,10.99,2.49
2003-11-15,7.9,0.7,2.2,-3.8,0.00,0.00,21.6,296,11.53,1.94
2003-11-16,7.9,0.0,5.5,-3.5,0.00,0.00,7.1,15,2.65,0.50
2003-11-17,11.0,6.1,9.8,3.7,1.10,0.00,8.6,30,3.02,0.54
2003-11-18,11.5,6.7,9.4,4.4,0.00,0.00,16.1,87,3.18,0.70
2003-11-19,16.5,11.7,14.9,9.2,16.50,0.00,31.8,158,1.77,0.85
2003-11-20,15.2,6.0,15.5,1.0,29.60,0.00,32.4,313,6.34,1.56
2003-11-21,16.5,3.1,14.7,0.1,0.00,0.00,17.2,299,10.16,1.74
2003-11-22,14.0,5.8,12.7,3.1,0.00,0.00,11.8,350,10.13,1.36
2003-11-23,11.9,3.8,10.2,1.2,0.00,0.00,8.6,102,8.91,1.09
2003-11-24,13.8,3.7,11.2,1.1,0.40,0.00,16.6,131,9.43,1.17
2003-11-25,11.9,1.2,9.5,-2.3,1.20,0.00,25.2,306,10.08,1.41
2003-11-26,7.0,0.4,3.6,-2.4,0.00,0.00,9.5,226,6.48,0.85
2003-11-27,10.7,3.3,8.4,0.5,0.00,0.00,7.2,84,9.26,1.15
2003-11-28,15.8,7.3,15.2,5.4,9.70,0.00,28.5,168,2.15,0.42
2003-11-29,11.3,3.6,8.0,-3.0,0.70,0.00,38.9,260,6.94,1.93
2003-11-30,8.5,2.6,3.8,-2.8,0.00,0.00,20.4,243,8.24,1.85
2003-12-01,9.7,1.8,4.5,-3.5,0.00,0.00,27.5,267,8.34,1.99
2003-12-02,2.5,-4.2,-3.8,-11.4,0.10,0.00,28.0,295,8.53,1.78
2003-12-03,-0.7,-6.0,-6.3,-12.5,0.00,0.00,24.3,318,9.67,1.32
2003-12-04,3.6,-4.3,-1.4,-8.8,0.00,0.00,13.7,255,7.24,0.99
2003-12-05,1.3,-3.3,-3.5,-7.7,13.60,9.45,23.7,38,2.41,0.45
2003-12-06,-1.4,-4.0,-7.4,-11.6,19.00,13.30,33.1,0,2.58,0.49
2003-12-07,-2.6,-5.8,-9.0,-11.6,0.90,0.98,25.9,318,8.49,0.86
2003-12-08,-2.0,-8.5,-5.9,-13.5,0.00,0.00,18.1,311,9.43,0.68
2003-12-09,0.6,-8.1,-2.5,-12.5,0.00,0.00,8.7,15,7.29,0.63
2003-12-10,8.5,-0.9,4.8,-4.2,0.00,0.00,19.7,85,6.10,0.65
2003-12-11,12.2,2.8,10.4,-3.7,30.80,0.00,32.6,141,1.37,0.75
2003-12-12,5.1,-1.1,0.1,-5.1,0.00,0.00,25.2,288,9.09,1.53
2003-12-13,0.9,-3.3,-3.7,-7.4,0.00,0.00,14.0,317,8.86,1.01
2003-12-14,6.3,-2.0,1.7,-6.9,41.40,7.98,27.5,68,0.94,0.53
2003-12-15,6.0,-1.2,1.7,-7.3,6.50,0.14,34.0,309,8.41,1.10
2003-12-16,5.1,-4.0,1.9,-8.1,0.00,0.00,17.1,225,8.57,0.93
2003-12-17,11.2,1.5,10.1,-3.8,20.60,0.00,21.0,222,1.04,0.32
2003-12-18,2.2,-1.6,-4.2,-8.0,0.00,0.00,26.3,259,6.91,1.31
2003-12-19,1.7,-4.2,-2.6,-8.1,0.00,0.00,14.0,280,6.88,0.84
2003-12-20,2.6,-3.1,-2.5,-8.6,0.00,0.00,16.8,301,7.33,0.96
2003-12-21,3.1,-4.4,-2.6,-9.3,0.00,0.00,19.0,250,8.49,1.25
2003-12-22,9.0,-0.7,5.0,-5.2,0.00,0.00,16.3,234,8.17,1.38
2003-12-23,11.9,3.0,9.2,-0.6,0.90,0.00,14.1,191,8.04,1.23
2003-12-24,12.0,7.6,10.1,5.3,32.00,0.00,22.0,171,0.51,0.29
2003-12-25,6.3,0.4,3.5,-5.1,0.20,0.00,19.6,275,7.38,1.03
2003-12-26,5.3,-1.6,-0.3,-7.0,0.00,0.00,26.3,271,8.32,1.47
2003-12-27,9.3,-0.3,5.5,-4.4,0.00,0.00,22.2,326,8.99,1.41
2003-12-28,8.3,-2.6,5.3,-6.4,0.00,0.00,9.4,299,9.08,1.02
2003-12-29,10.5,-1.5,7.7,-5.5,0.00,0.00,11.7,224,8.71,1.02
2003-12-30,10.6,1.4,7.8,-2.6,1.30,0.00,26.5,254,4.31,1.18
2003-12-31,7.0,-0.9,2.7,-5.1,0.00,0.00,20.4,249,8.78,1.46
2004-01-01,6.4,-0.6,2.3,-4.8,0.00,0.00,19.4,280,8.86,1.27
2004-01-02,8.4,-0.3,6.2,-3.6,0.30,0.00,7.9,165,3.94,0.55
2004-01-03,12.2,3.5,11.1,0.9,0.00,0.00,8.9,198,4.73,0.68
2004-01-04,10.6,3.5,9.4,-0.4,3.60,0.00,14.4,354,1.42,0.37
2004-01-05,4.1,1.7,1.8,-2.3,10.60,0.00,15.3,44,0.71,0.19
2004-01-06,3.6,-3.8,-0.8,-10.6,0.00,0.00,24.7,290,8.08,1.54
2004-01-07,-3.6,-7.5,-10.9,-15.0,0.00,0.00,30.1,279,8.16,1.65
2004-01-08,-0.8,-6.2,-6.3,-11.9,0.00,0.00,18.2,270,8.09,1.15
2004-01-09,-3.3,-12.9,-7.4,-19.4,0.00,0.00,20.6,349,9.79,1.04
2004-01-10,-8.7,-15.6,-14.8,-21.6,0.00,0.00,16.2,338,10.27,0.92
2004-01-11,-3.3,-13.3,-9.2,-18.9,0.00,0.00,15.7,246,10.07,1.08
2004-01-12,5.4,-4.0,0.7,-9.7,3.10,2.17,15.8,237,5.84,1.01
2004-01-13,4.7,-7.3,-0.8,-14.4,0.10,0.00,24.1,277,7.34,1.11
2004-01-14,-8.2,-13.2,-13.1,-19.1,0.40,0.49,22.4,323,8.65,0.91
2004-01-15,-8.9,-18.6,-14.3,-25.4,5.00,3.57,22.5,349,9.87,0.64
2004-01-16,-7.3,-19.6,-13.9,-26.8,0.00,0.00,24.2,295,10.92,0.68
2004-01-17,0.1,-11.4,-3.9,-17.8,0.00,0.00,20.1,299,10.04,0.86
2004-01-18,0.6,-2.6,-2.1,-8.6,13.00,8.47,21.1,247,1.43,0.33
2004-01-19,-4.1,-8.7,-9.9,-14.7,0.00,0.00,24.0,291,11.24,0.94
2004-01-20,-4.2,-10.7,-10.9,-16.2,0.00,0.00,24.9,295,11.34,0.87
2004-01-21,-4.1,-12.6,-8.6,-17.7,0.00,0.00,15.8,282,11.63,0.81
2004-01-22,3.0,-11.7,-2.1,-17.1,0.00,0.00,21.2,248,9.08,1.07
2004-01-23,-8.4,-13.2,-15.0,-19.1,0.00,0.00,22.9,285,11.47,0.80
2004-01-24,-6.9,-14.6,-13.2,-19.6,0.00,0.00,19.5,296,10.35,0.77
2004-01-25,-8.1,-18.0,-13.1,-23.1,0.00,0.00,16.1,300,11.78,0.70
2004-01-26,-6.5,-10.9,-11.6,-15.8,1.30,1.26,13.0,43,5.09,0.59
2004-01-27,-4.4,-7.8,-9.6,-13.2,6.00,4.55,16.1,42,2.48,0.47
2004-01-28,-1.7,-7.4,-7.9,-12.9,7.20,5.18,22.5,293,8.51,0.83
2004-01-29,-5.1,-11.4,-11.5,-16.7,0.00,0.00,23.7,270,12.35,0.87
2004-01-30,-6.3,-15.6,-12.4,-21.0,0.00,0.00,18.6,269,12.85,0.75
2004-01-31,-4.5,-14.2,-10.4,-20.1,0.00,0.00,20.3,272,12.90,0.79
2004-02-01,-2.0,-16.0,-6.2,-21.2,0.00,0.00,14.8,307,13.11,0.82
2004-02-02,0.1,-13.3,-3.3,-18.6,0.00,0.00,12.6,16,12.99,1.00
2004-02-03,4.3,-7.1,1.2,-11.2,18.90,0.21,28.7,83,5.27,0.48
2004-02-04,4.1,-6.2,-1.3,-10.8,0.00,0.00,18.1,279,13.31,1.26
2004-02-05,1.0,-10.9,-3.1,-16.1,0.00,0.00,11.5,294,10.53,0.96
2004-02-06,3.6,-1.8,0.4,-5.8,26.90,3.64,14.3,80,1.22,0.31
2004-02-07,5.2,-2.7,0.9,-8.6,2.90,0.00,19.4,299,9.67,1.11
2004-02-08,-2.4,-9.2,-7.8,-16.0,0.00,0.00,23.0,297,14.07,1.27
2004-02-09,4.4,-8.8,-0.4,-13.7,0.00,0.00,19.7,221,10.15,1.29
2004-02-10,7.3,-2.6,2.7,-6.3,0.10,0.00,15.0,249,13.81,1.54
2004-02-11,2.4,-4.6,-3.7,-9.2,0.00,0.00,21.1,289,13.24,1.34
2004-02-12,3.7,-4.8,-0.5,-9.3,0.00,0.00,11.2,230,10.43,1.18
2004-02-13,4.5,-2.8,-0.8,-7.0,0.00,0.07,18.6,263,13.94,1.49
2004-02-14,5.0,-2.6,-0.4,-7.3,0.00,0.00,19.5,261,14.20,1.68
2004-02-15,-1.8,-9.6,-6.9,-15.1,0.00,0.00,20.7,348,15.16,1.35
2004-02-16,-0.5,-14.0,-5.4,-19.3,0.00,0.00,12.7,358,15.63,1.47
2004-02-17,1.9,-7.5,-3.2,-12.5,0.00,0.00,13.7,77,11.12,1.23
2004-02-18,5.0,-3.0,-0.9,-8.1,0.30,0.35,19.8,4,14.94,1.65
2004-02-19,6.6,-3.4,1.1,-8.3,0.00,0.00,25.5,304,13.26,1.70
2004-02-20,4.4,-3.5,0.6,-7.5,0.40,0.00,14.4,85,10.78,1.17
2004-02-21,9.9,-1.2,6.8,-3.9,0.90,0.00,19.1,289,13.57,1.85
2004-02-22,5.3,-1.2,-0.5,-6.1,0.00,0.00,25.0,302,15.74,1.99
2004-02-23,7.5,-4.1,3.5,-8.3,0.00,0.00,10.5,303,16.25,1.89
2004-02-24,1.7,-2.9,-1.5,-6.9,2.20,1.54,7.6,5,5.39,0.76
2004-02-25,4.6,-4.7,-1.3,-10.1,0.00,0.00,19.3,336,17.29,2.16
2004-02-26,6.7,-4.7,2.7,-9.0,0.00,0.00,13.1,358,16.44,2.10
2004-02-27,7.0,-3.0,1.8,-8.5,0.00,0.00,16.6,8,16.67,2.40
2004-02-28,12.7,-3.6,8.1,-8.0,0.00,0.00,16.5,317,17.32,2.61
2004-02-29,14.4,-2.8,10.6,-6.6,0.00,0.00,13.6,276,16.10,2.52
2004-03-01,15.4,0.8,13.5,-2.5,0.00,0.00,12.2,226,15.96,2.48
2004-03-02,18.8,2.1,16.2,-1.0,1.10,0.00,19.3,236,10.48,1.96
2004-03-03,14.5,4.3,10.4,0.9,0.00,0.00,20.7,301,16.61,2.63
2004-03-04,10.9,4.9,9.1,2.7,2.90,0.00,8.7,167,7.75,1.12
2004-03-05,12.3,3.6,11.5,1.3,0.90,0.00,12.6,117,4.81,0.65
2004-03-06,15.0,8.3,14.1,3.7,16.30,0.00,17.9,250,4.50,0.98
2004-03-07,10.3,2.3,7.3,-1.5,0.00,0.00,20.6,283,18.42,2.68
2004-03-08,4.4,0.3,1.6,-3.2,11.70,4.27,15.3,75,6.04,0.67
2004-03-09,5.6,-0.4,2.2,-3.6,2.30,0.63,13.4,166,14.57,1.52
2004-03-10,6.8,-0.8,1.5,-5.0,0.30,0.00,20.2,44,14.57,1.69
2004-03-11,12.3,0.5,9.9,-5.1,0.00,0.00,20.2,340,19.17,2.79
2004-03-12,6.2,1.1,1.4,-4.1,0.00,0.00,32.3,274,16.14,2.42
2004-03-13,6.0,-1.7,-0.2,-7.3,0.00,0.00,24.3,309,20.22,2.62
2004-03-14,4.9,-4.2,-0.1,-8.6,0.00,0.00,18.6,179,14.46,1.80
2004-03-15,12.9,3.4,8.5,-0.6,0.00,0.00,20.9,264,19.53,2.86
2004-03-16,2.7,-1.0,-1.8,-6.3,13.00,8.68,26.2,48,4.47,0.93
2004-03-17,0.1,-2.1,-3.9,-6.9,1.30,1.40,19.1,37,7.73,0.82
2004-03-18,3.2,-2.7,-0.4,-6.4,1.40,1.19,9.6,148,12.56,1.25
2004-03-19,4.4,-2.5,0.1,-6.5,12.30,7.91,22.3,28,11.88,1.19
2004-03-20,6.6,-1.6,2.2,-5.9,0.70,0.00,21.0,195,19.74,2.02
2004-03-21,8.0,-0.5,2.7,-6.5,5.40,0.00,28.4,295,19.01,2.32
2004-03-22,2.3,-4.2,-3.1,-9.7,0.00,0.00,24.2,316,22.29,2.54
2004-03-23,6.7,-5.0,1.3,-9.3,0.00,0.00,20.8,235,22.22,2.66
2004-03-24,13.6,-2.3,10.5,-6.3,0.00,0.00,17.2,215,21.60,3.13
2004-03-25,10.3,4.8,8.4,1.1,3.20,0.00,13.3,178,7.20,1.26
2004-03-26,18.0,6.3,17.3,4.4,0.60,0.00,10.8,169,14.03,2.22
2004-03-27,19.6,10.3,18.8,6.3,2.70,0.00,19.6,327,10.81,2.15
2004-03-28,12.9,5.5,8.8,1.2,0.00,0.00,18.9,42,17.08,2.61
2004-03-29,8.8,1.6,6.1,-2.3,0.00,0.00,14.9,86,22.89,2.69
2004-03-30,6.1,0.9,2.4,-3.2,0.00,0.00,12.2,101,10.03,1.29
2004-03-31,8.5,3.8,5.9,-0.5,18.40,0.00,19.2,29,4.92,0.65
2004-04-01,10.9,5.3,8.4,1.5,5.90,0.00,20.7,55,6.67,0.80
2004-04-02,9.2,5.0,5.6,1.6,0.50,0.00,18.2,50,8.07,1.16
2004-04-03,10.4,3.3,8.4,0.5,2.40,0.00,11.2,10,10.30,1.49
2004-04-04,9.5,1.5,6.6,-5.2,8.90,0.00,28.6,304,8.79,1.52
2004-04-05,5.8,-0.9,-0.5,-7.7,0.00,0.00,31.4,311,23.54,3.08
2004-04-06,11.1,-1.1,5.0,-7.3,0.00,0.00,26.6,298,25.38,3.74
2004-04-07,17.8,4.0,14.1,0.2,0.10,0.00,19.0,290,16.34,2.97
2004-04-08,12.4,1.3,11.1,-1.8,1.00,0.00,12.3,256,17.86,2.43
2004-04-09,15.3,3.5,13.3,0.9,0.50,0.00,21.6,303,20.83,3.29
2004-04-10,15.0,1.3,11.0,-2.2,0.00,0.00,18.0,273,21.33,3.34
2004-04-11,9.8,4.1,6.9,0.5,1.70,0.00,13.6,22,7.15,1.28
2004-04-12,10.0,2.0,6.5,-1.0,10.40,0.00,22.4,64,8.85,1.35
2004-04-13,12.9,4.8,11.2,-0.0,24.00,0.00,23.5,82,3.10,0.49
2004-04-14,14.3,7.3,14.7,3.0,7.70,0.00,22.7,193,5.27,0.93
2004-04-15,14.6,6.1,10.0,1.1,1.40,0.00,24.1,359,19.55,3.48
2004-04-16,16.0,2.9,13.3,-1.5,0.00,0.00,16.3,344,26.59,4.15
2004-04-17,22.5,5.2,22.1,1.9,0.00,0.00,13.8,217,23.95,4.21
2004-04-18,19.9,8.4,20.2,6.2,0.00,0.00,18.3,91,24.00,3.65
2004-04-19,27.6,6.8,28.5,5.0,0.00,0.00,19.3,209,24.19,4.96
2004-04-20,20.2,11.3,20.2,9.1,0.00,0.00,18.1,308,26.02,4.57
2004-04-21,13.7,8.7,10.8,6.3,1.50,0.00,21.6,120,19.97,2.79
2004-04-22,24.5,10.7,26.5,9.7,1.10,0.00,10.3,212,19.98,3.63
2004-04-23,15.0,7.5,14.7,4.9,6.90,0.00,18.8,57,10.26,1.66
2004-04-24,19.0,7.1,15.7,5.0,6.30,0.00,21.2,318,26.77,4.51
2004-04-25,11.5,6.4,9.4,2.4,2.50,0.00,16.8,96,19.75,3.21
2004-04-26,16.9,7.7,17.8,5.0,33.50,0.00,13.0,136,4.02,0.80
2004-04-27,18.4,10.4,16.1,7.4,1.70,0.00,20.5,265,24.97,4.25
2004-04-28,13.3,4.5,9.5,-0.4,1.50,0.00,22.6,303,26.49,3.76
2004-04-29,22.3,7.5,21.6,4.4,0.30,0.00,16.9,208,25.31,4.52
2004-04-30,22.4,10.3,22.6,8.5,0.00,0.00,16.1,199,24.04,4.22
2004-05-01,23.0,11.5,24.7,10.3,0.00,0.00,15.8,189,23.35,4.14
2004-05-02,20.9,14.6,20.8,13.9,0.90,0.00,21.5,171,11.22,1.94
2004-05-03,18.0,8.2,18.7,3.9,13.40,0.00,21.7,325,3.13,0.86
2004-05-04,15.1,5.7,11.5,1.0,0.80,0.00,23.7,304,28.68,4.18
2004-05-05,17.8,6.0,16.5,2.9,1.30,0.00,16.8,214,22.23,3.45
2004-05-06,19.4,7.7,18.7,4.9,0.00,0.00,15.5,284,27.36,4.31
2004-05-07,27.1,12.4,28.4,10.3,0.60,0.00,19.5,278,22.97,5.00
2004-05-08,14.5,8.6,11.7,5.3,0.40,0.00,18.9,93,26.09,4.44
2004-05-09,21.8,8.6,23.2,5.5,4.90,0.00,11.7,183,17.16,2.96
2004-05-10,20.6,11.4,21.2,11.2,2.30,0.00,11.8,136,18.89,2.90
2004-05-11,28.3,13.5,32.0,13.6,8.20,0.00,9.8,243,24.09,4.53
2004-05-12,29.2,17.0,33.0,18.7,0.50,0.00,10.0,256,24.26,4.71
2004-05-13,27.4,13.9,31.8,12.7,0.60,0.00,17.3,128,22.96,4.36
2004-05-14,20.4,13.0,21.4,12.0,0.00,0.00,13.7,110,15.38,2.59
2004-05-15,29.3,17.2,31.6,18.1,0.00,0.00,12.3,223,26.06,5.38
2004-05-16,24.7,16.5,26.0,16.9,0.40,0.00,9.9,315,20.44,3.86
2004-05-17,20.0,14.2,21.4,13.9,0.00,0.00,14.7,93,19.45,3.12
2004-05-18,27.2,15.3,29.1,15.3,1.10,0.00,19.1,212,21.39,4.33
2004-05-19,20.8,14.6,22.6,15.3,4.60,0.00,13.5,317,7.03,1.46
2004-05-20,20.2,12.1,20.2,12.1,0.00,0.00,15.1,136,26.34,4.43
2004-05-21,26.1,14.6,28.8,13.6,0.10,0.00,11.7,202,16.50,3.30
2004-05-22,28.2,18.0,31.0,19.4,0.90,0.00,13.4,172,17.64,3.60
2004-05-23,30.8,17.1,34.6,17.8,0.60,0.00,13.7,167,23.32,4.79
2004-05-24,30.3,18.1,33.2,19.8,5.40,0.00,11.9,155,21.27,4.32
2004-05-25,24.7,15.1,25.6,13.7,0.00,0.00,19.2,101,23.65,4.31
2004-05-26,17.3,13.3,17.5,11.2,3.30,0.00,19.3,120,7.30,1.51
2004-05-27,22.4,13.8,24.6,13.7,6.20,0.00,13.4,128,17.17,3.18
2004-05-28,22.7,15.4,24.6,15.2,6.40,0.00,15.6,239,9.68,2.09
2004-05-29,18.3,11.9,15.3,9.0,0.00,0.00,22.5,318,30.55,5.46
2004-05-30,21.5,8.7,20.5,6.3,0.00,0.00,13.7,273,30.43,5.24
2004-05-31,18.0,12.3,17.0,12.0,6.50,0.00,16.6,78,9.73,1.68
2004-06-01,20.7,13.4,20.8,12.8,5.40,0.00,14.0,141,15.18,2.65
2004-06-02,25.3,13.6,26.2,12.9,1.30,0.00,16.5,244,25.76,4.76
2004-06-03,23.6,14.7,22.1,14.4,0.00,0.00,17.3,306,25.43,4.88
2004-06-04,21.1,13.3,22.3,12.2,0.00,0.00,13.9,61,28.39,5.19
2004-06-05,16.8,14.1,14.5,12.4,5.80,0.00,18.4,71,10.00,2.22
2004-06-06,15.9,13.6,15.9,11.5,0.20,0.00,17.0,41,5.30,1.46
2004-06-07,25.8,13.7,27.2,13.8,0.00,0.00,11.4,252,25.88,4.76
2004-06-08,29.0,16.5,31.0,16.8,0.00,0.00,13.3,240,28.50,5.92
2004-06-09,32.2,18.9,34.6,19.4,0.00,0.00,15.6,250,26.34,6.20
2004-06-10,26.9,18.2,28.9,19.3,9.60,0.00,12.9,343,14.43,3.07
2004-06-11,19.9,15.1,18.7,14.6,0.40,0.00,10.5,13,14.86,3.10
2004-06-12,23.2,12.1,23.3,10.6,0.00,0.00,14.2,13,30.73,5.57
2004-06-13,22.8,13.6,21.9,12.6,0.00,0.00,19.7,184,28.40,5.55
2004-06-14,25.8,17.6,27.5,16.3,2.00,0.00,17.3,207,13.53,3.24
2004-06-15,30.0,20.9,33.9,21.9,2.10,0.00,15.8,242,21.10,4.56
2004-06-16,28.5,20.7,30.9,23.4,1.70,0.00,12.2,124,23.62,4.89
2004-06-17,29.8,21.4,33.4,25.4,4.90,0.00,10.5,207,16.12,3.40
2004-06-18,29.9,21.5,33.2,25.0,1.50,0.00,11.8,282,21.12,4.38
2004-06-19,27.7,18.4,27.2,14.5,0.00,0.00,22.8,318,22.69,5.51
2004-06-20,24.0,14.2,21.5,11.8,0.00,0.00,21.3,318,28.59,5.93
2004-06-21,26.0,12.9,24.7,12.2,0.00,0.00,18.5,234,26.41,5.66
2004-06-22,26.0,18.1,28.8,17.8,2.10,0.00,15.7,216,10.78,2.62
2004-06-23,28.3,19.4,28.7,20.0,0.00,0.00,13.8,301,26.63,5.62
2004-06-24,27.3,19.0,28.5,20.3,0.00,0.00,18.5,159,25.21,5.26
2004-06-25,27.2,18.3,30.4,19.4,12.70,0.00,12.1,175,16.44,3.35
2004-06-26,25.8,19.0,29.2,17.1,1.80,0.00,19.6,296,19.25,4.14
2004-06-27,24.9,14.0,23.1,13.3,0.00,0.00,20.5,281,23.54,5.46
2004-06-28,26.3,14.9,25.6,14.7,0.00,0.00,13.7,279,19.92,4.20
2004-06-29,25.0,17.0,24.3,17.1,3.80,0.00,13.0,295,23.23,4.63
2004-06-30,27.6,15.9,26.6,15.0,0.00,0.00,13.7,251,23.48,5.25
2004-07-01,27.5,17.1,28.7,18.1,0.30,0.00,15.1,197,24.34,5.08
2004-07-02,30.3,19.3,32.7,21.9,0.10,0.00,11.3,264,25.55,5.38
2004-07-03,28.0,18.0,30.2,17.8,0.00,0.00,13.0,12,29.62,6.12
2004-07-04,28.0,17.7,28.6,18.5,0.00,0.00,18.1,169,26.36,5.74
2004-07-05,30.3,20.8,33.9,22.1,5.80,0.00,14.4,188,16.15,3.67
2004-07-06,27.0,20.1,26.6,18.8,0.00,0.00,20.2,326,16.64,4.30
2004-07-07,28.5,17.1,31.3,18.2,0.00,0.00,17.7,144,27.19,5.66
2004-07-08,30.4,21.3,31.3,23.7,1.00,0.00,17.6,236,22.07,5.43
2004-07-09,27.3,18.9,25.6,19.8,0.00,0.00,18.9,299,21.83,5.62
2004-07-10,29.6,16.9,28.9,17.0,0.00,0.00,13.0,308,22.11,5.11
2004-07-11,28.8,18.0,30.4,18.9,0.00,0.00,13.8,113,22.66,5.09
2004-07-12,23.5,19.5,24.9,20.0,60.90,0.00,18.9,119,6.11,1.61
2004-07-13,21.0,17.4,19.9,15.9,48.00,0.00,26.1,32,5.95,1.49
2004-07-14,23.3,17.7,25.5,19.4,0.80,0.00,12.6,99,11.47,2.33
2004-07-15,25.5,19.4,25.5,20.5,0.80,0.00,21.1,244,22.43,4.49
2004-07-16,25.1,17.9,25.9,17.8,0.00,0.00,17.7,247,20.17,4.28
2004-07-17,28.2,17.7,30.0,19.2,0.00,0.00,12.3,243,24.26,5.01
2004-07-18,24.0,18.5,26.6,20.8,11.90,0.00,13.2,80,7.79,1.66
2004-07-19,26.1,19.9,29.0,21.9,0.80,0.00,11.5,328,16.92,3.29
2004-07-20,28.1,18.5,31.2,20.5,0.00,0.00,9.3,264,25.27,5.06
2004-07-21,28.8,18.5,32.5,19.9,0.00,0.00,9.6,282,24.69,5.05
2004-07-22,28.6,21.0,31.4,23.5,0.10,0.00,13.8,169,23.85,4.97
2004-07-23,26.7,21.9,29.6,24.8,17.80,0.00,15.8,179,9.68,2.06
2004-07-24,22.8,19.9,25.6,20.7,6.90,0.00,14.1,10,7.55,1.80
2004-07-25,21.9,18.3,23.4,18.5,1.10,0.00,14.3,56,10.77,2.34
2004-07-26,24.7,17.7,27.1,18.7,0.00,0.00,9.8,83,23.01,4.39
2004-07-27,23.6,19.0,25.9,20.5,20.70,0.00,16.9,101,5.37,1.29
2004-07-28,24.1,19.3,28.0,21.6,13.60,0.00,9.2,25,7.93,1.65
2004-07-29,27.7,17.6,30.8,19.0,0.00,0.00,9.4,285,24.57,4.67
2004-07-30,28.4,19.5,33.1,22.2,2.90,0.00,14.2,182,18.46,3.77
2004-07-31,29.2,22.4,32.2,25.3,0.40,0.00,20.1,195,19.36,4.27
2004-08-01,26.6,22.8,31.3,27.0,11.70,0.00,14.0,209,9.29,1.97
2004-08-02,27.9,21.5,32.7,25.1,0.80,0.00,8.0,150,18.92,3.73
2004-08-03,28.0,21.8,34.0,25.8,0.50,0.00,9.3,180,18.26,3.53
2004-08-04,29.3,20.9,32.8,24.0,1.10,0.00,10.3,331,21.24,4.31
2004-08-05,24.3,18.9,27.9,18.6,6.40,0.00,19.9,6,16.11,3.51
2004-08-06,21.2,16.0,20.7,14.0,0.00,0.00,17.2,349,20.94,4.49
2004-08-07,20.4,13.6,18.6,12.4,0.20,0.00,13.5,314,17.29,3.52
2004-08-08,24.7,13.7,24.3,12.5,0.20,0.00,14.8,270,21.34,4.35
2004-08-09,27.3,15.6,27.9,15.8,0.00,0.00,11.7,273,22.40,4.60
2004-08-10,27.5,16.5,28.7,17.0,0.00,0.00,16.6,200,21.15,4.59
2004-08-11,28.1,20.9,32.1,22.7,6.10,0.00,14.6,189,19.82,4.14
2004-08-12,25.8,20.2,29.0,22.9,6.80,0.00,17.3,153,15.18,2.93
2004-08-13,24.5,20.8,27.4,23.5,8.70,0.00,14.9,171,6.50,1.43
2004-08-14,25.1,18.5,28.2,20.3,4.00,0.00,10.4,276,14.92,2.89
2004-08-15,24.8,19.7,27.7,21.9,38.10,0.00,8.9,98,10.20,2.10
2004-08-16,22.5,18.3,25.9,20.8,15.00,0.00,8.1,111,8.49,1.61
2004-08-17,24.5,16.1,27.4,16.7,0.00,0.00,11.4,143,21.78,4.00
2004-08-18,25.2,17.9,28.1,19.6,2.20,0.00,11.4,185,15.53,2.93
2004-08-19,28.4,20.5,30.9,22.6,0.00,0.00,18.9,223,16.92,3.57
2004-08-20,31.0,21.5,34.9,24.9,0.10,0.00,13.7,216,20.82,4.47
2004-08-21,28.0,18.3,30.8,19.1,16.10,0.00,17.0,242,8.92,2.19
2004-08-22,23.1,14.9,25.3,13.8,0.00,0.00,14.5,354,24.88,4.46
2004-08-23,26.8,15.1,28.2,15.7,0.00,0.00,10.6,236,24.51,4.68
2004-08-24,24.1,18.9,26.4,20.4,0.00,0.00,14.1,42,18.49,3.54
2004-08-25,23.0,16.7,24.2,17.4,0.00,0.00,12.3,117,21.33,3.93
2004-08-26,23.7,16.1,24.9,16.7,0.00,0.00,11.0,133,14.31,2.86
2004-08-27,27.0,17.3,29.2,18.8,0.10,0.00,12.5,211,13.85,2.88
2004-08-28,30.9,20.4,35.1,22.4,0.70,0.00,12.5,231,20.03,4.18
2004-08-29,29.0,21.4,31.9,24.7,0.00,0.00,15.2,189,22.78,4.63
2004-08-30,27.0,22.1,30.6,26.0,12.90,0.00,13.9,136,14.48,2.79
2004-08-31,27.7,21.4,29.4,21.2,3.80,0.00,19.5,345,16.95,3.61
2004-09-01,26.4,17.1,26.4,17.2,0.00,0.00,14.2,324,19.38,4.25
2004-09-02,24.0,17.4,25.0,17.4,0.00,0.00,12.7,54,19.26,3.76
2004-09-03,25.1,17.7,27.0,19.3,0.00,0.00,10.5,166,17.59,3.38
2004-09-04,27.6,17.6,30.4,19.2,0.00,0.00,10.0,250,18.92,3.64
2004-09-05,21.6,17.4,24.4,15.7,0.10,0.00,17.3,82,12.01,2.66
2004-09-06,22.4,15.8,22.0,14.9,0.00,0.00,15.5,96,15.08,3.18
2004-09-07,26.5,19.3,28.9,20.7,0.10,0.00,9.7,92,15.12,3.06
2004-09-08,23.4,20.2,25.8,23.1,28.40,0.00,18.4,104,3.39,0.78
2004-09-09,25.9,21.0,27.9,21.5,4.30,0.00,26.3,171,6.67,1.74
2004-09-10,25.9,18.1,25.9,17.7,0.00,0.00,17.8,301,21.36,4.41
2004-09-11,21.8,16.2,22.3,16.4,0.00,0.00,10.7,51,13.44,2.60
2004-09-12,24.6,13.8,25.0,14.1,0.00,0.00,6.6,263,17.83,3.33
2004-09-13,27.5,16.5,28.7,17.4,0.00,0.00,11.8,336,19.20,3.93
2004-09-14,20.9,17.2,20.2,16.6,0.00,0.00,14.7,88,10.09,2.46
2004-09-15,22.5,14.8,22.6,14.6,1.50,0.00,11.7,97,12.74,2.48
2004-09-16,25.1,18.6,26.6,20.1,0.70,0.00,11.0,323,10.76,2.25
2004-09-17,24.6,18.2,27.5,19.6,1.40,0.00,11.4,170,8.20,1.71
2004-09-18,22.1,14.5,24.7,11.6,51.70,0.00,32.9,29,4.26,1.15
2004-09-19,17.5,10.9,14.4,7.2,0.00,0.00,22.3,2,20.51,3.74
2004-09-20,19.9,10.0,19.0,7.3,0.00,0.00,13.7,345,19.68,3.37
2004-09-21,25.1,12.4,25.4,11.3,0.00,0.00,10.7,311,18.83,3.61
2004-09-22,26.6,13.2,26.6,11.8,0.00,0.00,13.0,313,19.61,4.10
2004-09-23,26.1,17.6,27.2,17.0,0.00,0.00,12.7,357,16.10,3.43
2004-09-24,22.0,15.5,22.8,15.7,0.00,0.00,10.2,139,9.46,1.83
2004-09-25,24.0,13.6,24.0,13.8,0.00,0.00,11.5,224,16.03,2.96
2004-09-26,24.1,17.2,24.9,17.0,0.30,0.00,10.8,317,14.80,2.87
2004-09-27,23.1,14.5,23.7,14.8,0.00,0.00,10.6,106,12.60,2.45
2004-09-28,21.4,17.2,24.9,15.4,58.20,0.00,28.4,53,2.44,0.54
2004-09-29,18.8,15.6,17.5,13.8,49.20,0.00,33.9,21,9.66,1.86
2004-09-30,18.0,13.8,17.5,14.1,1.90,0.00,10.6,196,7.71,1.43
2004-10-01,20.9,10.6,21.0,9.3,0.00,0.00,10.7,310,18.23,2.97
2004-10-02,19.8,12.7,18.8,12.2,1.50,0.00,15.7,165,7.69,1.63
2004-10-03,18.1,11.8,18.5,9.1,0.00,0.00,17.3,9,18.05,2.97
2004-10-04,20.9,10.0,19.4,8.8,0.00,0.00,14.0,227,15.57,2.73
2004-10-05,14.9,10.7,12.2,6.8,0.00,0.00,18.2,357,17.85,3.08
2004-10-06,16.8,6.2,14.1,4.0,0.00,0.00,11.5,271,17.40,2.76
2004-10-07,21.8,8.1,21.3,6.4,0.00,0.00,9.9,249,16.83,2.84
2004-10-08,23.0,12.8,23.1,12.4,0.00,0.00,11.2,183,16.33,2.84
2004-10-09,21.1,11.4,20.3,10.8,0.00,0.00,12.3,200,13.08,2.32
2004-10-10,18.9,12.1,16.3,8.2,0.00,0.00,20.5,320,12.56,2.74
2004-10-11,14.8,9.8,10.8,6.3,0.00,0.00,23.2,344,13.69,2.83
2004-10-12,17.6,7.5,14.0,3.8,0.00,0.00,19.2,315,16.23,3.00
2004-10-13,19.5,6.7,17.8,4.4,0.10,0.00,10.2,272,14.64,2.45
2004-10-14,17.5,11.0,16.4,10.1,0.80,0.00,12.9,25,7.57,1.43
2004-10-15,18.1,12.3,17.4,11.9,10.10,0.00,19.0,143,6.57,1.21
2004-10-16,15.3,9.1,13.1,5.8,3.10,0.00,23.1,247,10.71,2.21
2004-10-17,12.2,6.8,7.5,2.8,0.00,0.00,27.1,252,10.27,2.43
2004-10-18,14.2,5.6,11.7,1.9,0.30,0.00,14.1,262,14.47,2.31
2004-10-19,11.7,9.6,9.2,6.7,16.30,0.00,19.5,48,1.21,0.56
2004-10-20,12.6,9.8,9.8,6.7,0.00,0.00,19.6,41,5.14,1.31
2004-10-21,12.3,8.6,9.9,5.7,1.30,0.00,13.6,32,6.45,1.37
2004-10-22,12.3,7.4,8.5,4.5,0.20,0.00,19.0,32,9.11,1.65
2004-10-23,11.7,5.9,8.6,2.5,0.00,0.00,15.3,32,10.97,1.78
2004-10-24,11.3,6.8,8.8,3.9,0.00,0.00,11.5,14,5.76,1.13
2004-10-25,12.7,7.3,11.1,5.2,0.00,0.00,8.0,12,6.36,1.06
2004-10-26,15.8,8.7,13.5,6.4,0.00,0.00,13.7,352,12.41,1.92
2004-10-27,16.1,7.4,13.5,5.0,0.00,0.00,13.0,358,11.72,1.89
2004-10-28,12.2,5.9,9.6,3.0,0.00,0.00,13.6,40,13.85,1.97
2004-10-29,14.5,5.3,12.9,3.0,0.90,0.00,10.0,215,7.13,1.17
2004-10-30,17.2,11.1,17.2,10.5,0.00,0.00,12.5,181,3.22,0.63
2004-10-31,21.1,14.2,18.3,12.0,0.20,0.00,21.1,255,12.34,2.57
2004-11-01,15.2,7.9,11.5,5.5,0.00,0.00,20.5,305,12.70,2.43
2004-11-02,14.1,6.3,12.6,3.8,0.00,0.00,13.2,126,7.33,1.28
2004-11-03,14.5,7.1,14.3,3.1,0.30,0.00,26.3,317,12.49,2.29
2004-11-04,10.5,2.3,10.1,-1.4,19.90,0.00,14.8,85,5.22,0.97
2004-11-05,12.0,6.8,8.4,1.8,0.10,0.00,36.4,280,11.65,2.63
2004-11-06,13.7,5.1,9.0,0.1,0.00,0.00,22.6,239,11.91,2.53
2004-11-07,18.3,5.1,15.6,2.4,0.00,0.00,16.4,227,11.65,2.17
2004-11-08,11.5,3.4,8.6,-0.1,0.20,0.00,22.7,313,9.83,2.25
2004-11-09,5.3,-0.2,-0.3,-4.3,0.00,0.00,17.2,326,10.35,1.58
2004-11-10,5.6,-2.6,1.4,-6.6,0.00,0.00,13.9,190,11.44,1.40
2004-11-11,12.9,3.0,10.0,-1.4,0.00,0.00,15.6,222,10.16,1.54
2004-11-12,6.0,3.0,2.5,-1.5,19.30,0.00,19.2,23,1.09,0.41
2004-11-13,6.1,0.4,-0.2,-5.0,9.90,1.26,23.3,0,11.36,1.59
2004-11-14,8.6,-1.5,4.2,-6.8,0.00,0.00,16.9,326,11.17,1.81
2004-11-15,13.3,0.7,10.5,-3.0,0.00,0.00,14.3,305,11.14,1.75
2004-11-16,12.9,0.9,10.1,-2.9,0.00,0.00,12.0,316,10.82,1.59
2004-11-17,12.2,0.6,10.3,-2.8,0.00,0.00,8.4,317,10.40,1.35
2004-11-18,11.4,2.5,9.8,-0.4,0.00,0.00,8.6,251,2.89,0.53
2004-11-19,15.9,8.2,15.2,6.5,0.00,0.00,8.8,324,7.55,1.16
2004-11-20,9.0,7.5,7.7,5.0,6.50,0.00,10.4,58,1.50,0.52
2004-11-21,12.3,9.1,11.8,7.8,2.60,0.00,6.6,44,2.95,0.50
2004-11-22,11.9,6.8,10.5,5.1,3.00,0.00,6.1,253,3.43,0.56
2004-11-23,11.2,6.3,9.8,4.0,0.00,0.00,7.4,81,3.69,0.61
2004-11-24,14.3,8.4,12.5,6.8,4.60,0.00,20.9,125,1.26,0.34
2004-11-25,16.4,3.7,16.0,-2.7,5.90,0.00,26.6,244,3.03,0.99
2004-11-26,6.5,0.3,1.7,-4.5,0.00,0.00,23.6,279,9.21,1.63
2004-11-27,10.1,0.3,5.5,-3.1,0.00,0.00,19.6,148,8.76,1.41
2004-11-28,13.2,7.1,13.1,1.2,26.60,0.00,35.5,125,1.02,0.90
2004-11-29,9.4,2.5,5.1,-1.1,0.00,0.00,20.9,321,9.53,1.57
2004-11-30,8.8,-0.0,5.9,-3.2,0.00,0.00,7.6,75,7.64,0.95
2004-12-01,11.4,5.9,7.3,0.4,25.60,0.00,36.1,236,2.70,1.27
2004-12-02,7.5,0.7,3.2,-2.7,0.00,0.00,20.5,260,7.42,1.41
2004-12-03,7.5,-0.6,2.1,-3.7,0.00,0.00,23.1,283,8.94,1.27
2004-12-04,4.7,-2.7,0.1,-6.5,0.00,0.00,18.2,228,9.45,1.18
2004-12-05,11.2,2.3,7.4,-2.0,0.00,0.00,18.5,271,8.91,1.51
2004-12-06,6.9,0.1,3.7,-4.3,4.40,0.00,18.8,53,1.70,0.49
2004-12-07,12.6,5.5,12.8,2.0,10.00,0.00,18.2,61,0.46,0.18
2004-12-08,13.4,5.2,13.7,1.6,0.00,0.00,23.6,275,7.84,1.46
2004-12-09,7.9,2.2,4.9,-0.8,5.70,0.00,14.5,73,5.15,0.78
2004-12-10,7.8,6.8,5.1,3.4,20.90,0.00,20.9,64,0.79,0.24
2004-12-11,10.7,4.8,9.1,1.0,1.20,0.00,15.7,249,3.55,0.57
2004-12-12,6.7,3.0,2.2,-0.9,0.00,0.00,19.0,260,6.13,1.22
2004-12-13,7.5,2.1,3.1,-3.4,0.70,0.00,22.7,250,7.88,1.58
2004-12-14,2.2,-2.8,-3.8,-8.8,0.00,0.00,20.0,301,8.83,1.48
2004-12-15,-0.0,-4.8,-5.4,-10.9,0.00,0.00,18.9,322,9.15,1.25
2004-12-16,4.3,-4.2,-0.7,-8.7,0.00,0.00,15.4,230,9.03,1.10
2004-12-17,6.0,-3.2,0.5,-7.1,0.00,0.00,20.2,269,8.69,1.37
2004-12-18,6.7,-4.1,3.1,-8.2,0.00,0.00,10.4,80,7.69,0.87
2004-12-19,6.7,-1.2,3.9,-7.3,3.00,0.63,25.1,347,4.47,0.51
2004-12-20,-3.0,-10.8,-9.6,-18.5,1.00,0.84,29.7,322,8.99,1.12
2004-12-21,1.7,-10.8,-2.9,-17.0,0.00,0.00,16.6,235,8.04,1.04
2004-12-22,8.8,-3.9,6.2,-8.1,0.00,0.00,11.9,173,8.24,0.95
2004-12-23,13.4,2.6,11.8,-1.0,23.20,0.00,37.2,176,2.11,0.52
2004-12-24,3.5,-4.0,-1.6,-7.9,0.00,0.00,20.9,316,7.21,1.23
2004-12-25,-0.5,-5.2,-4.5,-10.2,0.00,0.00,12.4,347,9.11,0.97
2004-12-26,-0.3,-5.0,-5.6,-10.2,2.10,1.54,18.7,10,2.78,0.73
2004-12-27,-2.6,-8.6,-8.2,-14.3,2.20,1.68,25.6,323,8.42,1.12
2004-12-28,-1.7,-9.1,-6.9,-14.3,0.00,0.00,15.8,246,8.03,1.02
2004-12-29,6.7,-2.8,3.2,-8.5,0.00,0.00,16.1,238,5.46,1.06
2004-12-30,6.1,-2.3,3.4,-6.1,0.00,0.00,8.9,41,8.50,0.86
2004-12-31,10.0,-0.9,6.7,-4.7,0.20,0.00,15.3,191,4.85,0.73
2005-01-01,13.2,1.1,10.5,-2.9,0.00,0.00,15.8,277,8.12,1.26
2005-01-02,6.4,-1.5,3.3,-5.4,0.00,0.00,13.7,87,6.22,0.84
2005-01-03,12.2,6.2,11.6,3.5,4.40,0.00,10.5,222,3.19,0.49
2005-01-04,8.9,2.6,7.7,-0.0,5.90,0.00,13.1,13,3.26,0.46
2005-01-05,3.2,0.7,0.3,-2.8,11.50,1.96,11.6,17,1.08,0.22
2005-01-06,3.9,0.5,0.9,-4.1,13.10,3.01,19.3,51,0.95,0.20
2005-01-07,4.2,-0.2,1.6,-4.9,0.00,0.00,20.1,287,7.38,1.03
2005-01-08,4.6,0.1,2.4,-4.4,9.70,0.00,16.0,21,0.68,0.21
2005-01-09,2.7,-3.3,-0.5,-7.1,0.00,0.00,13.4,18,7.93,0.79
2005-01-10,8.1,0.2,3.6,-3.4,0.00,0.00,17.5,241,6.23,0.93
2005-01-11,2.4,-1.8,-0.5,-5.5,5.70,1.96,15.0,48,2.93,0.47
2005-01-12,5.7,1.9,2.8,-2.4,3.60,0.63,16.5,58,2.19,0.32
2005-01-13,15.0,3.3,14.4,0.8,0.00,0.00,23.6,160,4.22,0.64
2005-01-14,15.6,1.3,14.3,-3.4,25.40,1.19,31.9,270,1.07,0.57
2005-01-15,0.9,-3.8,-4.0,-8.3,0.00,0.00,13.2,345,7.94,1.10
2005-01-16,-0.4,-4.1,-6.0,-8.3,0.00,0.00,16.0,25,5.07,1.01
2005-01-17,-1.2,-7.1,-8.1,-13.7,0.60,0.56,23.5,323,9.59,1.35
2005-01-18,-7.4,-11.4,-14.2,-18.0,0.00,0.00,26.7,321,10.83,1.18
2005-01-19,-3.5,-12.2,-9.1,-17.0,1.20,0.91,18.1,207,4.97,0.70
2005-01-20,-0.9,-7.7,-7.1,-13.4,0.00,0.07,20.7,293,10.09,1.15
2005-01-21,-7.6,-12.9,-14.0,-19.0,0.00,0.00,17.1,337,11.85,1.05
2005-01-22,0.8,-14.5,-3.7,-19.5,22.20,14.98,21.7,52,3.14,0.42
2005-01-23,0.5,-14.7,-5.1,-21.9,10.40,7.07,32.5,348,9.28,0.73
2005-01-24,-7.2,-18.7,-12.4,-23.8,0.00,0.00,22.0,281,11.55,0.68
2005-01-25,-1.5,-11.8,-5.9,-17.3,0.00,0.00,15.1,273,11.96,0.83
2005-01-26,1.3,-6.2,-2.1,-12.5,5.70,4.06,21.6,9,6.14,0.68
2005-01-27,-7.4,-16.6,-13.9,-22.4,0.00,0.00,22.6,350,13.05,0.71
2005-01-28,-7.7,-20.7,-12.4,-26.3,0.00,0.00,13.9,341,12.87,0.62
2005-01-29,-3.3,-16.8,-7.5,-21.9,0.00,0.00,9.8,270,11.92,0.83
2005-01-30,1.4,-8.9,-2.6,-13.6,0.30,0.28,18.5,340,8.16,0.80
2005-01-31,-1.3,-8.5,-5.2,-13.9,0.00,0.00,17.1,12,13.18,0.94
2005-02-01,1.0,-12.6,-2.3,-17.6,0.00,0.00,10.5,337,13.16,1.09
2005-02-02,0.8,-13.2,-2.7,-18.5,0.00,0.00,13.4,19,13.50,1.03
2005-02-03,2.4,-10.3,-0.5,-15.1,1.10,0.07,11.9,28,11.80,0.95
2005-02-04,4.1,-0.3,0.7,-5.1,4.40,3.15,16.9,7,7.04,0.79
2005-02-05,6.1,-2.3,2.6,-7.2,0.00,0.00,14.8,358,13.26,1.47
2005-02-06,5.4,-5.2,2.6,-9.8,0.00,0.00,12.3,43,13.43,1.31
2005-02-07,7.2,-4.1,4.2,-8.2,0.00,0.00,10.2,74,13.47,1.41
2005-02-08,6.9,-1.2,4.0,-4.8,0.00,0.00,10.0,233,8.86,1.02
2005-02-09,10.1,1.4,8.3,-1.8,2.50,0.00,10.7,288,6.49,0.82
2005-02-10,5.2,-2.2,3.4,-8.6,6.90,0.00,24.0,307,6.84,0.93
2005-02-11,2.9,-3.5,-4.2,-10.3,0.00,0.00,26.6,303,14.74,1.96
2005-02-12,4.6,-5.0,-0.2,-10.5,0.00,0.00,21.4,271,9.51,1.41
2005-02-13,3.6,-3.1,-1.0,-7.7,0.00,0.00,17.2,313,14.59,1.55
2005-02-14,7.1,-3.9,2.2,-8.2,13.20,0.00,27.0,127,4.45,0.71
2005-02-15,12.1,3.6,9.8,0.2,10.20,0.00,26.5,236,12.42,1.62
2005-02-16,14.2,0.6,11.9,-4.3,4.30,0.00,24.7,237,9.63,1.34
2005-02-17,4.6,-3.9,-1.3,-7.9,0.00,0.00,18.7,290,10.53,1.53
2005-02-18,-0.8,-6.0,-5.8,-12.8,0.20,0.14,28.3,302,13.86,1.78
2005-02-19,-0.1,-9.0,-6.0,-14.9,0.00,0.00,19.9,298,16.22,1.69
2005-02-20,2.0,-5.8,-2.0,-10.2,0.50,0.35,12.7,265,14.16,1.60
2005-02-21,3.6,-2.0,0.4,-6.9,10.60,7.28,17.8,77,4.92,0.59
2005-02-22,5.2,-2.1,2.0,-5.9,0.10,0.00,11.1,336,12.38,1.23
2005-02-23,2.4,-5.6,-3.1,-10.2,1.20,0.91,20.0,299,16.30,1.45
2005-02-24,-0.4,-6.9,-5.4,-11.4,4.10,2.94,16.4,53,11.48,1.17
2005-02-25,-0.3,-8.3,-4.3,-12.9,2.40,1.75,15.6,336,15.04,1.21
2005-02-26,2.7,-11.5,-1.7,-16.5,0.00,0.00,15.2,286,14.03,1.21
2005-02-27,1.0,-9.4,-3.3,-14.1,0.00,0.00,13.0,307,17.74,1.46
2005-02-28,1.1,-4.1,-4.2,-8.3,8.20,5.81,24.5,59,6.01,0.77
2005-03-01,2.2,-3.0,-2.2,-6.6,7.30,5.25,19.3,279,9.67,1.00
2005-03-02,1.2,-4.4,-5.2,-10.0,0.00,0.07,25.8,281,14.72,1.39
2005-03-03,-1.7,-8.8,-8.1,-14.5,0.00,0.00,25.0,294,19.02,1.38
2005-03-04,0.2,-14.6,-5.3,-19.7,0.00,0.00,17.3,266,18.96,1.36
2005-03-05,2.7,-9.4,-1.3,-14.5,0.00,0.00,11.8,306,19.19,1.74
2005-03-06,5.3,-8.4,0.8,-13.0,0.00,0.00,21.2,255,13.85,1.47
2005-03-07,12.8,-2.6,9.5,-6.5,0.00,0.00,20.2,196,16.21,2.07
2005-03-08,7.3,-9.0,4.3,-17.4,13.10,5.53,33.6,300,2.49,0.71
2005-03-09,-3.2,-11.4,-9.2,-19.4,0.00,0.00,32.1,282,20.31,1.50
2005-03-10,-1.2,-12.0,-6.7,-17.0,0.00,0.00,17.5,277,17.61,1.44
2005-03-11,6.4,-6.3,3.9,-10.5,0.50,0.07,20.1,102,12.26,1.31
2005-03-12,4.6,-4.1,-0.1,-8.6,4.50,2.94,20.1,297,18.85,1.71
2005-03-13,4.9,-7.6,-0.0,-11.5,0.00,0.00,16.5,303,18.41,1.79
2005-03-14,3.5,-5.8,-1.5,-10.5,0.00,0.00,18.6,318,20.78,2.11
2005-03-15,6.0,-4.4,0.5,-9.9,0.00,0.00,23.1,305,20.79,2.36
2005-03-16,7.6,-5.1,1.9,-10.0,0.00,0.00,19.6,304,19.55,2.33
2005-03-17,7.1,-3.8,3.3,-8.0,0.00,0.00,9.5,281,17.25,2.13
2005-03-18,9.7,-2.9,5.1,-6.9,0.00,0.00,17.6,314,20.61,2.64
2005-03-19,8.6,-2.8,6.2,-7.1,0.00,0.00,10.0,346,19.88,2.46
2005-03-20,5.4,-0.4,2.8,-3.9,3.00,0.00,10.1,129,4.18,0.61
2005-03-21,8.7,2.3,4.9,-1.5,1.30,0.00,14.6,325,9.46,1.39
2005-03-22,11.7,-2.3,9.7,-6.0,0.00,0.00,14.0,269,21.57,2.93
2005-03-23,4.4,0.4,-0.1,-5.4,18.00,6.51,27.8,55,5.07,0.68
2005-03-24,6.4,-0.3,3.3,-5.8,3.60,2.80,22.4,13,10.74,1.31
2005-03-25,8.9,-2.1,5.1,-5.8,0.00,0.00,13.5,284,11.49,1.50
2005-03-26,7.5,-1.6,5.1,-5.4,0.00,0.00,12.0,82,19.50,2.24
2005-03-27,8.5,2.4,5.0,-0.7,0.00,0.00,14.5,108,12.67,1.60
2005-03-28,9.4,2.8,7.7,-1.3,42.40,0.00,19.7,52,1.26,0.31
2005-03-29,13.4,5.4,10.3,1.6,0.40,0.00,22.7,8,9.29,1.42
2005-03-30,14.5,3.2,13.6,-0.3,0.00,0.00,15.7,16,20.16,3.01
2005-03-31,10.1,0.3,7.0,-2.9,0.00,0.00,19.6,127,20.03,2.37
2005-04-01,11.7,4.5,10.7,1.8,2.00,0.00,11.1,110,13.07,1.82
2005-04-02,11.8,4.5,7.7,-0.2,59.70,0.00,36.4,116,2.13,0.48
2005-04-03,9.6,3.8,6.6,-0.7,1.90,0.00,26.0,206,8.18,1.38
2005-04-04,12.5,3.7,8.4,-1.0,0.00,0.00,27.1,291,14.63,2.60
2005-04-05,17.9,2.8,14.8,-1.7,0.00,0.00,16.6,277,24.16,3.92
2005-04-06,20.2,5.8,21.1,3.2,0.00,0.00,9.2,181,22.50,3.63
2005-04-07,22.0,8.9,20.7,7.2,2.20,0.00,18.9,206,13.91,2.81
2005-04-08,16.2,6.3,14.3,4.4,7.40,0.00,16.2,16,18.00,2.69
2005-04-09,14.7,4.4,12.9,1.2,0.00,0.00,15.8,53,25.07,3.59
2005-04-10,19.7,2.8,19.2,0.2,0.00,0.00,8.3,300,24.79,3.82
2005-04-11,12.8,4.3,11.1,1.4,0.00,0.00,19.7,21,25.40,3.72
2005-04-12,12.6,1.7,8.9,-2.7,0.00,0.00,18.8,341,25.88,3.63
2005-04-13,12.0,2.1,9.4,-1.5,0.00,0.00,15.5,10,25.74,3.39
2005-04-14,15.9,2.3,14.0,-1.3,0.00,0.00,16.3,47,25.06,3.63
2005-04-15,12.2,3.4,8.6,-1.5,0.00,0.00,21.7,59,26.45,3.63
2005-04-16,13.1,2.3,11.1,-2.0,0.00,0.00,14.3,69,26.38,3.70
2005-04-17,21.8,1.2,21.5,-2.4,0.00,0.00,10.8,261,26.40,4.48
2005-04-18,22.0,7.8,22.1,4.5,0.00,0.00,11.5,324,22.59,4.19
2005-04-19,23.5,8.7,24.1,7.1,0.00,0.00,10.7,169,25.52,4.59
2005-04-20,27.9,11.6,27.1,10.0,0.00,0.00,18.6,249,24.71,5.76
2005-04-21,19.3,8.3,17.2,5.8,0.20,0.00,22.2,332,23.93,4.18
2005-04-22,13.4,5.3,10.7,3.3,0.00,0.00,18.3,137,17.06,2.55
2005-04-23,15.3,8.7,13.5,5.9,23.70,0.00,24.1,142,6.10,0.96
2005-04-24,13.2,7.1,9.7,4.6,2.70,0.00,22.6,200,20.08,2.74
2005-04-25,12.3,3.9,7.1,-0.3,0.70,0.00,27.6,249,21.46,3.24
2005-04-26,17.9,5.2,16.6,2.6,0.00,0.00,24.1,163,25.03,4.03
2005-04-27,17.2,9.6,16.4,7.2,22.20,0.00,15.0,137,8.49,1.56
2005-04-28,17.3,7.3,13.4,4.5,1.00,0.00,31.4,290,25.82,4.10
2005-04-29,16.1,4.7,14.6,1.9,0.00,0.00,14.6,226,21.02,3.44
2005-04-30,15.0,8.3,15.4,6.7,11.50,0.00,18.1,139,4.55,0.74
2005-05-01,17.0,9.2,15.0,6.4,2.90,0.00,17.2,296,17.45,2.95
2005-05-02,16.5,4.6,12.5,2.0,3.20,0.00,22.7,236,22.99,3.67
2005-05-03,13.8,4.3,9.9,1.2,0.00,0.00,16.9,270,21.68,3.27
2005-05-04,14.6,3.7,11.6,0.9,0.00,0.00,17.2,294,21.51,3.32
2005-05-05,14.6,4.0,14.1,1.3,0.00,0.00,13.2,94,23.09,3.65
2005-05-06,12.3,5.7,8.2,3.4,1.90,0.00,18.8,61,12.54,2.16
2005-05-07,14.9,6.1,11.7,2.1,2.90,0.00,22.3,13,14.72,2.59
2005-05-08,15.6,8.3,10.9,4.3,0.00,0.00,27.0,359,14.76,3.02
2005-05-09,19.3,8.1,18.3,5.4,0.00,0.00,13.3,22,21.80,3.56
2005-05-10,18.8,8.1,20.0,6.6,0.00,0.00,15.3,166,27.15,4.05
2005-05-11,23.4,8.0,25.1,6.1,0.00,0.00,10.6,194,25.82,4.31
2005-05-12,18.9,10.6,17.2,6.6,0.20,0.00,21.0,1,25.11,4.67
2005-05-13,16.2,6.1,15.1,2.4,0.00,0.00,15.6,108,29.49,4.74
2005-05-14,22.7,9.7,23.7,7.2,0.00,0.00,16.1,191,25.07,4.43
2005-05-15,23.2,15.6,23.4,16.1,1.80,0.00,12.6,219,15.72,3.15
2005-05-16,20.2,12.9,20.3,11.2,0.40,0.00,14.0,304,21.44,3.86
2005-05-17,18.8,10.6,17.2,8.1,0.00,0.00,12.5,326,24.47,4.17
2005-05-18,19.3,8.3,16.8,5.9,0.00,0.00,12.7,344,22.87,4.11
2005-05-19,19.1,8.2,17.6,5.2,0.00,0.00,14.9,48,24.87,4.36
2005-05-20,12.0,9.1,10.3,6.9,6.00,0.00,15.3,104,6.47,1.25
2005-05-21,20.2,7.9,18.1,4.9,1.50,0.00,15.5,26,25.62,4.32
2005-05-22,16.8,9.1,17.4,7.9,3.70,0.00,11.0,359,19.08,2.87
2005-05-23,16.1,8.1,15.1,6.5,0.00,0.00,6.4,355,17.33,2.77
2005-05-24,15.6,8.6,12.5,5.0,3.20,0.00,24.7,42,11.06,2.10
2005-05-25,10.9,8.2,6.9,4.5,14.60,0.00,26.3,10,4.66,0.98
2005-05-26,15.1,9.3,13.8,5.1,4.30,0.00,27.8,4,6.07,1.50
2005-05-27,24.6,11.7,24.3,10.7,0.00,0.00,12.6,291,24.10,4.48
2005-05-28,24.0,10.6,23.1,9.5,0.80,0.00,14.1,243,22.97,4.42
2005-05-29,23.3,12.1,22.0,10.5,0.00,0.00,16.0,294,26.25,5.09
2005-05-30,23.3,11.1,22.3,9.8,0.30,0.00,14.8,290,27.08,5.14
2005-05-31,23.6,11.1,23.8,10.0,0.00,0.00,12.9,48,25.82,4.69
2005-06-01,18.9,11.0,20.2,9.9,0.00,0.00,15.5,130,24.79,3.77
2005-06-02,19.0,10.8,19.8,10.1,0.00,0.00,12.4,143,22.61,3.50
2005-06-03,17.5,11.0,17.9,10.1,5.70,0.00,9.8,99,6.17,1.23
2005-06-04,26.6,15.4,28.7,15.6,7.10,0.00,11.6,350,20.24,3.82
2005-06-05,29.4,15.7,32.8,16.2,0.00,0.00,12.0,286,25.42,5.13
2005-06-06,29.1,18.0,33.0,20.0,1.40,0.00,17.0,176,25.53,4.98
2005-06-07,30.9,19.4,31.5,21.1,0.60,0.00,17.0,251,23.98,5.33
2005-06-08,30.9,17.9,34.2,18.2,0.00,0.00,15.4,197,25.65,5.79
2005-06-09,30.6,18.4,33.8,19.9,0.00,0.00,17.7,183,26.52,5.49
2005-06-10,28.5,20.7,32.6,22.9,6.50,0.00,15.2,180,14.72,3.11
2005-06-11,30.1,20.4,34.3,22.1,4.60,0.00,14.2,201,18.95,4.08
2005-06-12,31.3,21.4,33.7,23.3,0.00,0.00,14.2,227,23.96,5.64
2005-06-13,31.7,21.8,34.9,23.9,0.00,0.00,14.3,231,23.12,5.32
2005-06-14,33.4,24.6,34.3,27.2,0.00,0.00,21.5,285,25.75,6.62
2005-06-15,29.3,18.6,31.6,19.3,1.10,0.00,16.9,134,21.39,4.56
2005-06-16,26.9,17.2,28.0,17.3,14.90,0.00,18.6,140,20.69,4.00
2005-06-17,23.4,15.3,21.0,14.6,0.50,0.00,18.6,273,24.73,5.12
2005-06-18,23.8,15.2,22.9,13.9,0.00,0.00,12.8,313,16.95,3.84
2005-06-19,20.6,15.4,20.4,14.8,1.80,0.00,15.5,68,15.53,3.11
2005-06-20,22.4,14.1,23.3,14.3,0.00,0.00,13.4,126,22.64,4.10
2005-06-21,28.2,12.9,29.3,12.3,0.00,0.00,14.1,225,29.35,5.84
2005-06-22,28.5,17.5,29.5,17.1,3.40,0.00,16.6,320,23.48,4.98
2005-06-23,24.9,15.7,25.9,14.6,0.00,0.00,16.3,106,30.58,6.01
2005-06-24,29.1,15.6,30.0,15.8,0.00,0.00,16.9,215,29.44,6.34
2005-06-25,32.7,18.9,34.9,19.1,0.00,0.00,17.4,219,29.31,6.95
2005-06-26,32.8,20.9,35.7,21.8,0.00,0.00,15.9,202,27.39,6.51
2005-06-27,25.7,20.1,28.3,23.0,9.10,0.00,13.8,124,10.31,2.01
2005-06-28,30.6,21.0,33.8,23.4,4.60,0.00,14.7,204,15.08,3.43
2005-06-29,25.7,21.8,28.4,25.1,26.00,0.00,17.4,211,11.14,2.34
2005-06-30,26.1,20.8,30.4,23.5,19.20,0.00,9.7,137,11.12,2.19
2005-07-01,27.5,19.9,30.7,22.7,5.40,0.00,15.9,178,16.59,3.33
2005-07-02,26.6,20.5,28.2,20.4,0.80,0.00,13.6,337,25.20,4.97
2005-07-03,25.1,17.5,27.1,17.1,0.00,0.00,12.1,70,27.41,5.43
2005-07-04,25.6,16.3,27.9,17.1,0.00,0.00,13.0,123,29.13,5.44
2005-07-05,27.7,17.4,31.6,18.9,2.10,0.00,14.5,179,22.29,4.29
2005-07-06,26.9,21.1,30.5,24.1,7.10,0.00,12.0,64,12.45,2.58
2005-07-07,23.1,19.4,25.1,20.2,0.30,0.00,15.4,69,8.96,2.07
2005-07-08,19.2,16.8,19.9,15.9,44.80,0.00,23.2,49,2.84,0.84
2005-07-09,26.8,16.5,27.9,16.1,0.30,0.00,18.0,290,22.72,4.59
2005-07-10,31.4,19.1,31.8,18.5,0.00,0.00,17.9,292,28.22,6.50
2005-07-11,31.7,18.7,34.1,18.4,0.00,0.00,15.0,293,27.48,6.22
2005-07-12,26.6,19.3,30.1,20.8,0.00,0.00,15.0,98,23.82,4.63
2005-07-13,25.5,18.6,28.7,20.0,0.50,0.00,11.7,133,13.43,2.64
2005-07-14,27.1,20.6,30.2,23.6,0.00,0.00,13.6,143,17.02,3.45
2005-07-15,27.7,22.2,32.4,25.6,1.70,0.00,11.3,139,18.19,3.64
2005-07-16,26.8,21.7,30.7,25.2,1.00,0.00,14.1,128,14.22,2.91
2005-07-17,27.4,22.5,31.4,26.2,3.50,0.00,13.1,135,12.12,2.45
2005-07-18,30.4,23.3,36.2,28.2,12.80,0.00,11.3,183,17.04,3.51
2005-07-19,33.2,23.5,37.8,27.9,2.40,0.00,11.9,246,24.97,5.45
2005-07-20,32.1,23.7,34.3,27.3,0.00,0.00,10.6,313,26.94,5.90
2005-07-21,32.9,20.2,34.8,22.6,0.00,0.00,8.6,294,28.18,6.09
2005-07-22,32.7,21.4,35.8,24.2,0.00,0.00,11.0,317,24.78,5.52
2005-07-23,29.6,22.5,29.6,22.8,0.00,0.00,16.6,356,27.81,6.42
2005-07-24,30.1,18.2,31.3,18.9,0.00,0.00,14.7,271,23.36,5.51
2005-07-25,32.4,22.2,35.6,22.0,1.30,0.00,23.1,233,13.88,4.02
2005-07-26,34.1,20.3,37.7,22.9,0.00,0.00,14.1,213,27.27,6.39
2005-07-27,35.6,25.1,40.4,26.4,0.70,0.00,17.3,251,23.19,6.42
2005-07-28,27.1,20.4,28.6,19.4,0.00,0.00,17.9,24,19.70,4.71
2005-07-29,29.0,19.2,29.3,21.2,0.00,0.00,15.8,195,21.15,4.69
2005-07-30,27.7,20.7,30.1,23.4,0.00,0.00,12.2,159,19.63,4.26
2005-07-31,27.0,18.6,29.6,21.1,0.80,0.00,14.5,126,21.40,4.34
2005-08-01,29.6,19.2,32.7,21.1,0.00,0.00,13.1,190,23.10,5.00
2005-08-02,33.9,21.9,35.7,23.7,0.00,0.00,12.5,293,24.40,5.71
2005-08-03,33.6,22.4,36.7,24.6,0.00,0.00,11.3,254,23.37,5.59
2005-08-04,33.8,22.8,37.9,25.4,1.70,0.00,13.6,151,23.16,5.42
2005-08-05,35.7,24.6,36.5,27.2,0.00,0.00,22.7,259,20.40,5.93
2005-08-06,30.1,21.7,32.3,22.4,0.00,0.00,11.0,68,22.23,5.36
2005-08-07,29.1,20.9,31.7,24.0,0.10,0.00,14.3,164,17.09,3.92
2005-08-08,29.4,21.9,33.2,25.9,4.10,0.00,8.2,219,12.52,2.73
2005-08-09,28.4,21.5,30.6,24.5,0.50,0.00,12.0,213,13.60,3.15
2005-08-10,29.7,21.3,32.6,23.8,0.00,0.00,12.2,174,22.60,4.81
2005-08-11,33.8,22.2,36.4,24.5,0.00,0.00,11.1,275,22.84,5.43
2005-08-12,34.0,22.8,37.3,25.0,0.90,0.00,12.6,189,21.55,5.25
2005-08-13,35.8,25.5,39.6,29.5,0.30,0.00,14.8,219,20.68,5.41
2005-08-14,34.5,25.5,38.2,30.7,1.40,0.00,16.6,208,20.75,4.98
2005-08-15,28.0,22.3,33.0,24.9,1.60,0.00,14.2,22,10.55,2.58
2005-08-16,24.3,20.8,26.7,23.2,3.10,0.00,8.4,126,10.85,2.28
2005-08-17,30.4,19.5,30.6,21.1,0.00,0.00,15.4,314,21.65,5.23
2005-08-18,26.6,19.5,28.1,19.2,0.00,0.00,13.5,72,21.42,4.87
2005-08-19,26.3,20.6,28.3,22.7,0.30,0.00,15.5,118,13.89,3.24
2005-08-20,27.9,21.2,30.0,24.0,0.00,0.00,11.4,165,10.71,2.74
2005-08-21,33.0,23.1,35.3,26.8,0.00,0.00,12.1,243,17.01,4.27
2005-08-22,31.0,22.1,30.4,22.7,0.00,0.00,16.3,300,21.91,5.92
2005-08-23,27.8,17.9,27.2,18.1,0.00,0.00,12.0,315,17.51,4.30
2005-08-24,26.4,19.9,24.8,19.3,0.00,0.00,17.6,358,19.59,5.05
2005-08-25,27.4,17.0,28.2,16.1,0.00,0.00,13.9,5,24.31,5.27
2005-08-26,27.4,17.3,27.0,18.3,0.00,0.00,15.1,209,13.73,3.62
2005-08-27,26.5,19.1,25.5,20.6,0.00,0.00,20.6,156,15.67,3.93
2005-08-28,26.7,21.3,29.1,23.0,2.50,0.00,10.7,146,6.81,1.76
2005-08-29,28.6,21.2,31.9,25.1,0.20,0.00,14.4,140,16.74,3.56
2005-08-30,26.7,23.2,31.2,26.7,3.20,0.00,15.3,162,6.12,1.53
2005-08-31,30.3,23.7,31.8,25.1,3.40,0.00,26.0,194,12.37,3.58
2005-09-01,29.1,19.9,29.4,20.9,0.00,0.00,17.9,305,22.65,5.25
2005-09-02,31.0,17.2,30.1,18.3,0.00,0.00,16.7,280,21.98,5.41
2005-09-03,27.5,19.0,27.1,18.4,0.00,0.00,17.6,322,19.44,5.29
2005-09-04,28.3,17.8,27.8,17.8,0.00,0.00,13.7,351,21.66,5.27
2005-09-05,26.5,18.1,26.9,17.5,0.00,0.00,15.8,51,21.89,4.86
2005-09-06,26.7,16.2,26.9,17.0,0.00,0.00,14.1,100,22.10,4.44
2005-09-07,27.0,14.6,27.3,14.8,0.00,0.00,15.0,135,22.37,4.52
2005-09-08,29.7,15.4,29.6,16.2,0.00,0.00,10.8,206,21.90,4.65
2005-09-09,27.6,18.0,25.7,18.1,0.00,0.00,13.0,358,18.22,4.25
2005-09-10,27.0,15.6,26.7,14.4,0.00,0.00,11.0,21,21.54,4.23
2005-09-11,25.3,15.6,24.8,14.4,0.00,0.00,14.0,88,19.21,4.24
2005-09-12,33.4,16.9,31.6,16.6,0.00,0.00,14.9,255,21.29,5.51
2005-09-13,32.2,19.0,34.3,19.8,0.00,0.00,15.1,181,20.64,5.06
2005-09-14,28.9,18.0,31.5,19.1,2.10,0.00,17.3,179,14.73,3.25
2005-09-15,27.5,22.4,31.3,26.8,3.50,0.00,9.7,142,10.83,2.25
2005-09-16,27.5,21.6,30.7,24.7,1.90,0.00,14.1,94,11.93,2.56
2005-09-17,28.5,21.8,31.7,23.7,1.40,0.00,14.4,284,12.81,2.91
2005-09-18,28.4,18.5,27.5,19.1,0.00,0.00,13.1,320,18.25,4.22
2005-09-19,29.0,18.9,30.0,20.3,0.00,0.00,11.0,206,18.37,4.00
2005-09-20,28.3,20.6,28.5,22.1,0.00,0.00,22.1,227,10.99,3.23
2005-09-21,28.0,17.7,26.9,17.2,0.00,0.00,13.8,299,19.93,4.49
2005-09-22,28.6,16.0,26.3,15.7,0.00,0.00,18.3,207,19.84,5.06
2005-09-23,32.1,19.9,32.5,19.6,0.30,0.00,19.0,299,15.25,4.35
2005-09-24,22.3,15.6,20.7,13.2,0.00,0.00,17.9,62,18.30,4.41
2005-09-25,23.5,13.5,22.6,13.2,0.00,0.00,15.5,170,11.37,2.77
2005-09-26,26.4,18.9,25.7,18.5,4.00,0.00,24.0,204,7.88,2.81
2005-09-27,23.8,16.2,22.2,14.9,0.00,0.00,21.4,331,18.63,4.12
2005-09-28,22.3,12.1,21.1,11.1,0.00,0.00,17.7,125,14.27,3.15
2005-09-29,24.5,14.8,23.1,11.4,1.70,0.00,31.4,225,8.31,3.07
2005-09-30,18.9,9.7,17.5,7.2,0.00,0.00,12.8,295,17.93,3.40
2005-10-01,21.9,10.0,20.2,8.8,0.00,0.00,10.3,186,18.43,3.35
2005-10-02,25.1,10.8,24.8,9.7,0.00,0.00,9.6,182,18.08,3.36
2005-10-03,23.4,12.6,23.6,12.8,0.00,0.00,9.9,115,14.43,2.63
2005-10-04,24.0,15.4,25.0,16.1,0.00,0.00,7.7,134,11.23,2.12
2005-10-05,25.1,15.9,26.5,17.3,0.00,0.00,9.2,117,12.92,2.45
2005-10-06,24.1,17.1,25.6,19.0,0.00,0.00,11.5,182,7.15,1.56
2005-10-07,23.5,19.7,25.4,22.3,7.50,0.00,18.3,148,4.92,1.13
2005-10-08,22.5,19.7,24.8,20.7,80.60,0.00,26.1,176,0.96,0.52
2005-10-09,17.3,13.7,16.5,11.9,0.50,0.00,22.8,3,3.85,1.11
2005-10-10,16.3,14.9,15.9,13.9,0.70,0.00,12.1,26,2.26,0.92
2005-10-11,16.6,14.1,15.6,12.5,4.80,0.00,18.6,22,1.98,0.66
2005-10-12,13.9,12.3,11.9,9.0,67.00,0.00,25.6,26,1.47,0.44
2005-10-13,16.2,14.2,14.4,11.2,26.90,0.00,28.2,45,1.45,0.63
2005-10-14,17.5,14.9,17.1,13.0,65.50,0.00,22.4,16,1.40,0.42
2005-10-15,22.0,14.0,19.6,9.9,3.10,0.00,25.0,325,10.65,2.69
2005-10-16,16.7,11.7,11.3,7.5,0.00,0.00,32.1,284,10.78,3.34
2005-10-17,16.6,9.3,13.0,7.4,0.00,0.00,26.1,296,12.76,2.72
2005-10-18,20.3,8.7,17.3,6.3,1.00,0.00,22.7,261,13.42,2.79
2005-10-19,19.5,8.1,16.8,5.9,0.00,0.00,18.4,239,14.33,2.87
2005-10-20,15.2,9.1,13.5,5.9,0.00,0.00,16.4,339,14.71,2.49
2005-10-21,11.9,10.6,10.8,9.3,0.40,0.00,6.2,296,2.54,0.67
2005-10-22,11.3,10.5,9.9,7.7,21.40,0.00,21.3,57,1.60,0.48
2005-10-23,11.9,7.9,8.2,4.2,3.70,0.00,21.2,305,6.29,1.35
2005-10-24,11.5,4.3,8.4,1.5,10.10,0.00,28.2,51,7.20,1.25
2005-10-25,10.0,4.6,5.4,0.4,22.00,0.00,35.5,24,1.11,0.47
2005-10-26,10.9,4.0,5.5,-0.2,2.20,0.00,27.2,304,10.91,1.82
2005-10-27,9.3,3.4,5.2,-0.1,0.00,0.00,13.8,295,9.66,1.51
2005-10-28,8.7,2.3,5.1,-0.8,0.00,0.00,8.8,23,9.12,1.30
2005-10-29,8.2,2.9,4.5,-0.3,0.00,0.00,19.8,326,8.42,1.44
2005-10-30,17.8,5.3,15.1,1.5,0.00,0.00,18.0,296,13.34,2.38
2005-10-31,18.1,5.0,15.8,2.0,0.00,0.00,11.0,249,13.13,2.22
2005-11-01,18.4,5.9,16.4,3.6,0.00,0.00,15.1,209,12.62,2.18
2005-11-02,13.7,5.9,9.0,3.1,0.80,0.00,21.1,305,12.56,2.18
2005-11-03,17.2,3.4,12.9,0.3,0.00,0.00,25.1,226,12.27,2.47
2005-11-04,18.0,6.4,16.2,4.2,0.00,0.00,15.5,215,11.55,2.07
2005-11-05,20.7,8.6,20.8,7.1,0.00,0.00,9.9,207,11.24,1.82
2005-11-06,19.3,9.1,18.9,7.9,1.10,0.00,20.5,186,9.07,1.58
2005-11-07,15.7,9.1,14.1,6.0,0.00,0.00,20.4,264,12.00,2.27
2005-11-08,16.2,7.3,14.3,4.0,0.00,0.00,13.1,264,9.96,1.87
2005-11-09,15.1,6.4,14.0,3.3,1.50,0.00,18.9,107,3.10,0.92
2005-11-10,15.9,5.5,14.8,0.8,8.10,0.00,25.6,292,9.76,2.25
2005-11-11,7.8,2.1,2.2,-1.0,0.00,0.00,21.2,294,9.76,1.80
2005-11-12,12.5,0.9,9.4,-2.3,0.00,0.00,10.9,235,11.20,1.59
2005-11-13,16.4,4.7,13.3,1.9,0.00,0.00,15.6,201,10.26,1.82
2005-11-14,16.9,9.3,14.2,5.9,0.30,0.00,13.1,277,10.64,1.93
2005-11-15,17.7,8.4,18.5,4.8,0.10,0.00,14.2,109,3.09,0.98
2005-11-16,20.8,9.5,19.2,7.5,6.90,0.00,27.6,195,8.07,1.69
2005-11-17,9.1,2.4,6.9,-2.6,1.70,0.00,19.1,293,11.09,1.92
2005-11-18,4.6,-0.1,0.2,-4.7,0.00,0.00,14.8,292,10.87,1.56
2005-11-19,7.1,-2.1,2.6,-5.6,0.00,0.00,12.0,228,10.60,1.30
2005-11-20,12.3,0.8,8.5,-2.8,0.00,0.00,12.9,233,10.44,1.59
2005-11-21,11.2,1.6,9.4,-1.4,4.00,0.00,10.9,221,6.03,0.88
2005-11-22,7.5,2.4,4.3,-4.1,20.90,0.00,29.4,332,1.00,0.61
2005-11-23,2.2,-1.7,-4.1,-8.0,0.00,0.00,24.6,288,10.09,1.72
2005-11-24,8.8,-2.7,3.0,-10.8,1.30,0.28,32.1,239,8.48,1.71
2005-11-25,0.4,-5.5,-4.9,-12.6,0.00,0.00,28.7,261,10.27,1.55
2005-11-26,3.4,-4.4,-1.0,-8.3,0.00,0.00,9.4,209,8.21,0.97
2005-11-27,7.9,0.9,5.6,-2.5,0.00,0.00,8.0,49,4.72,0.68
2005-11-28,14.9,5.2,14.0,2.7,0.50,0.00,12.5,110,3.73,0.65
2005-11-29,15.8,13.1,14.0,11.4,5.90,0.00,28.1,153,2.46,0.89
2005-11-30,15.4,7.2,14.6,4.0,14.90,0.00,27.2,266,6.24,1.20
2005-12-01,7.6,2.5,4.6,-1.8,0.00,0.00,15.9,346,8.30,1.17
2005-12-02,4.7,0.7,-0.1,-5.5,0.20,0.00,28.9,263,8.21,1.62
2005-12-03,2.1,-1.9,-4.4,-7.5,0.00,0.00,23.9,267,9.17,1.60
2005-12-04,2.0,-3.6,-1.6,-7.8,9.10,6.23,13.3,309,1.50,0.38
2005-12-05,1.5,-6.3,-1.5,-10.4,0.70,0.56,8.5,275,4.86,0.51
2005-12-06,1.8,-3.5,-3.4,-9.0,3.10,2.17,18.0,302,7.39,0.92
2005-12-07,-0.7,-7.4,-7.5,-12.9,0.00,0.00,27.0,280,8.23,1.11
2005-12-08,-1.6,-10.4,-5.3,-15.6,0.00,0.00,16.5,300,9.54,0.84
2005-12-09,1.6,-2.9,-4.4,-7.6,17.80,10.99,26.1,300,4.88,0.62
2005-12-10,-0.3,-9.5,-4.5,-14.4,0.00,0.00,12.4,233,8.75,0.61
2005-12-11,2.0,-8.4,-2.4,-12.8,0.00,0.00,12.4,240,8.24,0.67
2005-12-12,1.2,-8.5,-3.5,-13.0,0.00,0.00,13.7,276,8.73,0.70
2005-12-13,-4.9,-12.2,-10.4,-17.6,0.00,0.00,14.8,342,9.53,0.73
2005-12-14,-6.0,-14.9,-10.8,-20.2,0.00,0.00,13.1,355,9.19,0.65
2005-12-15,3.4,-11.6,-1.1,-16.5,1.40,0.14,18.0,50,7.27,0.67
2005-12-16,9.8,-1.0,7.7,-5.2,19.40,0.00,32.2,166,7.39,0.94
2005-12-17,4.4,-4.3,0.0,-8.6,0.00,0.00,14.0,268,7.98,0.92
2005-12-18,3.7,-3.3,-0.1,-7.3,0.00,0.00,9.2,276,7.28,0.83
2005-12-19,1.4,-3.5,-4.4,-8.7,0.00,0.00,19.5,284,7.74,1.04
2005-12-20,0.8,-5.5,-5.2,-11.0,0.00,0.00,17.7,271,8.87,1.23
2005-12-21,0.5,-5.4,-4.5,-9.7,0.00,0.00,15.1,274,8.98,1.06
2005-12-22,2.3,-4.3,-2.6,-8.9,0.00,0.00,14.3,248,8.46,1.03
2005-12-23,8.2,-0.6,4.5,-5.6,0.00,0.00,15.8,228,7.59,1.18
2005-12-24,10.3,-0.5,8.0,-4.1,0.00,0.00,10.1,214,7.79,0.98
2005-12-25,10.6,0.3,9.4,-3.3,17.60,0.00,13.2,114,5.40,0.63
2005-12-26,10.5,2.2,9.5,-3.8,4.50,0.00,23.5,282,2.81,0.58
2005-12-27,6.2,-1.1,1.5,-4.9,0.00,0.00,23.6,305,8.87,1.40
2005-12-28,8.5,-2.2,5.7,-5.6,0.00,0.00,10.9,167,7.00,0.81
2005-12-29,8.2,4.2,7.1,2.0,10.20,0.00,15.2,349,0.98,0.22
2005-12-30,6.2,-1.8,2.1,-5.5,0.20,0.00,21.7,309,8.42,1.17
2005-12-31,3.7,-2.5,0.0,-6.2,5.00,2.59,9.7,34,4.05,0.50
2006-01-01,5.7,-3.0,3.1,-6.6,0.10,0.07,7.0,280,6.84,0.70
2006-01-02,6.5,-2.2,3.4,-5.8,8.00,0.00,19.2,100,4.72,0.61
2006-01-03,3.9,0.7,-0.7,-4.1,18.50,0.28,28.4,40,1.09,0.25
2006-01-04,3.0,-2.1,-0.5,-6.5,0.20,0.00,16.1,39,7.60,0.82
2006-01-05,9.2,1.3,5.8,-1.8,1.20,0.00,16.4,238,5.96,0.81
2006-01-06,4.6,-1.4,-0.4,-6.6,0.00,0.00,16.8,323,6.73,1.07
2006-01-07,0.7,-4.8,-3.8,-10.0,0.00,0.00,15.3,281,9.49,1.17
2006-01-08,6.4,-2.7,2.9,-7.0,0.30,0.21,12.2,208,8.78,1.07
2006-01-09,14.8,1.9,11.8,-1.6,0.00,0.00,16.5,226,8.77,1.34
2006-01-10,7.9,-1.1,5.2,-4.6,0.00,0.00,11.0,273,9.50,1.11
2006-01-11,11.2,-0.6,9.3,-3.9,3.40,0.00,19.2,183,3.02,0.47
2006-01-12,12.4,3.5,9.8,0.2,1.70,0.00,17.2,256,9.56,1.25
2006-01-13,9.4,1.6,8.1,-1.4,0.00,0.00,11.8,182,2.53,0.34
2006-01-14,11.9,0.5,10.9,-6.9,25.80,0.21,35.2,155,1.12,0.28
2006-01-15,-0.5,-8.7,-8.6,-15.6,8.00,4.62,38.5,325,7.61,1.49
2006-01-16,0.1,-9.4,-5.2,-15.9,0.00,0.00,20.6,294,9.74,1.22
2006-01-17,4.9,-5.8,0.1,-10.1,0.00,0.00,20.8,71,6.87,0.95
2006-01-18,13.8,1.2,10.4,-5.2,21.50,0.00,40.0,201,1.46,0.76
2006-01-19,6.8,-0.8,2.8,-6.3,0.00,0.00,22.2,238,9.36,1.60
2006-01-20,13.2,1.8,10.3,-2.3,0.00,0.00,15.0,225,9.44,1.49
2006-01-21,15.0,2.7,11.1,-2.7,0.00,0.00,26.8,252,8.27,1.72
2006-01-22,4.2,-3.0,0.5,-6.8,0.00,0.00,16.3,356,10.52,1.34
2006-01-23,4.1,1.0,1.0,-2.5,23.30,1.33,13.8,26,0.89,0.21
2006-01-24,6.6,-3.3,2.3,-7.0,0.30,0.00,12.3,240,11.24,1.24
2006-01-25,6.1,-0.1,0.2,-5.6,1.10,0.00,24.0,275,9.64,1.43
2006-01-26,1.8,-3.7,-5.1,-9.6,0.00,0.00,25.3,317,11.46,1.75
2006-01-27,5.1,-4.5,0.4,-9.9,0.00,0.00,16.3,297,11.69,1.63
2006-01-28,11.6,-1.0,7.7,-6.1,0.00,0.00,16.0,253,11.20,1.90
2006-01-29,9.3,0.2,6.7,-3.0,2.70,0.00,18.8,204,3.57,0.58
2006-01-30,14.1,2.4,12.5,-0.7,0.00,0.00,14.1,171,10.79,1.35
2006-01-31,5.5,3.1,2.1,-1.4,4.80,0.00,17.3,10,1.62,0.31
2006-02-01,6.6,-0.4,2.7,-4.5,0.00,0.00,17.3,298,11.59,1.49
2006-02-02,9.8,-1.9,6.4,-5.5,0.00,0.00,13.4,176,10.95,1.31
2006-02-03,14.7,5.1,12.6,2.2,14.10,0.00,27.1,194,4.60,0.82
2006-02-04,10.4,1.8,8.1,-1.1,12.90,0.00,22.7,76,6.08,0.81
2006-02-05,12.2,2.9,10.3,-3.5,7.70,0.00,23.2,234,11.37,1.77
2006-02-06,4.0,-0.3,-2.9,-6.4,0.00,0.00,33.6,249,10.87,2.20
2006-02-07,5.8,-1.3,0.2,-6.6,0.00,0.00,21.7,277,11.53,1.91
2006-02-08,2.3,-3.5,-2.3,-7.4,0.00,0.00,10.8,294,7.99,1.12
2006-02-09,1.8,-4.0,-3.9,-9.2,0.00,0.00,17.3,293,13.46,1.69
2006-02-10,3.1,-4.0,-1.7,-8.7,0.00,0.00,15.2,263,9.00,1.32
2006-02-11,3.5,-2.9,-1.1,-6.5,3.30,2.38,22.7,60,8.04,0.98
2006-02-12,-0.8,-4.8,-6.8,-12.4,18.30,12.88,32.2,1,5.03,0.68
2006-02-13,-0.2,-10.6,-5.3,-16.0,0.00,0.00,18.6,254,14.08,1.08
2006-02-14,2.3,-7.3,-2.0,-12.5,0.00,0.00,15.1,233,14.80,1.22
2006-02-15,5.0,-5.9,2.2,-10.1,0.00,0.00,10.7,216,14.91,1.34
2006-02-16,6.0,-0.9,3.3,-4.8,0.00,0.00,14.3,180,14.77,1.44
2006-02-17,11.0,0.4,5.6,-5.3,1.80,0.00,32.5,247,9.73,1.95
2006-02-18,1.8,-7.9,-4.9,-15.4,0.00,0.00,25.8,293,9.63,1.80
2006-02-19,-1.3,-9.3,-7.4,-16.2,0.00,0.00,24.7,284,16.10,1.81
2006-02-20,2.0,-5.9,-3.4,-11.0,0.00,0.00,12.6,251,15.98,1.78
2006-02-21,5.2,-5.4,-0.5,-9.6,0.00,0.00,21.6,261,15.19,1.79
2006-02-22,5.9,-4.1,1.2,-8.4,0.00,0.00,14.7,209,13.31,1.51
2006-02-23,7.5,-1.1,3.8,-4.1,0.50,0.00,11.9,269,9.87,1.11
2006-02-24,3.4,-2.3,-4.1,-8.2,0.30,0.00,38.0,299,15.64,2.16
2006-02-25,7.7,-4.4,3.6,-8.9,0.30,0.14,28.3,238,11.71,1.80
2006-02-26,-1.4,-7.0,-8.9,-13.4,0.00,0.00,29.7,321,17.07,2.00
2006-02-27,-0.7,-8.6,-7.1,-14.4,0.00,0.00,26.6,297,16.02,1.76
2006-02-28,1.1,-6.6,-5.1,-11.9,0.00,0.00,21.2,286,17.91,1.80
2006-03-01,4.6,-5.0,-0.5,-10.2,0.00,0.00,16.3,301,18.06,2.13
2006-03-02,1.9,-2.8,-1.6,-7.2,8.50,3.36,15.3,359,3.59,0.62
2006-03-03,0.9,-6.0,-5.9,-12.3,0.00,0.00,30.5,310,18.54,1.85
2006-03-04,3.7,-5.5,-2.6,-12.3,0.00,0.00,26.4,305,18.30,2.15
2006-03-05,7.6,-2.4,1.8,-7.8,0.00,0.00,21.1,306,18.58,2.47
2006-03-06,5.6,-4.3,2.3,-8.7,0.00,0.00,10.7,320,17.02,1.87
2006-03-07,6.3,-3.0,1.9,-7.6,0.00,0.00,13.5,346,19.00,2.16
2006-03-08,7.7,-4.6,4.5,-8.9,0.00,0.00,10.3,284,18.75,2.22
2006-03-09,11.4,2.5,8.1,-0.9,0.00,0.00,15.8,154,10.43,1.60
2006-03-10,21.1,8.1,17.8,5.7,0.20,0.00,26.3,230,14.97,3.18
2006-03-11,15.8,4.2,13.1,1.2,0.00,0.00,15.9,300,18.87,2.86
2006-03-12,11.6,8.1,11.1,5.9,9.00,0.00,9.9,200,4.66,0.79
2006-03-13,16.5,7.0,16.3,5.1,0.00,0.00,12.0,180,9.85,1.34
2006-03-14,15.1,4.6,15.0,-1.7,3.20,0.00,29.6,262,12.78,2.62
2006-03-15,6.9,1.4,-0.2,-4.7,0.00,0.00,34.0,284,13.47,2.89
2006-03-16,8.0,-0.1,2.7,-5.3,0.00,0.00,22.8,300,20.08,2.94
2006-03-17,7.3,-2.7,2.5,-6.6,0.00,0.00,19.5,315,21.05,2.73
2006-03-18,6.4,-2.4,-0.1,-7.2,0.00,0.00,26.1,309,20.30,2.72
2006-03-19,5.4,-2.9,-1.0,-7.8,0.00,0.00,24.8,303,15.84,2.38
2006-03-20,4.5,-2.0,-1.7,-7.8,0.00,0.00,24.0,312,17.47,2.30
2006-03-21,5.9,-3.9,1.6,-9.6,0.00,0.00,18.0,305,19.09,2.43
2006-03-22,7.4,-1.3,1.1,-6.4,0.00,0.00,22.4,321,16.35,2.48
2006-03-23,10.8,-1.1,6.5,-6.0,0.00,0.00,17.7,319,20.15,2.81
2006-03-24,9.9,-0.8,6.6,-4.7,0.00,0.00,11.6,51,14.15,2.01
2006-03-25,7.1,2.0,3.5,-1.6,0.10,0.00,16.4,40,11.02,1.46
2006-03-26,10.9,1.8,7.0,-1.6,1.90,0.00,16.8,322,15.01,2.08
2006-03-27,13.7,1.1,9.6,-3.4,0.00,0.00,15.6,310,22.66,3.46
2006-03-28,11.4,0.9,8.6,-2.6,0.00,0.00,11.7,78,15.16,2.24
2006-03-29,15.0,0.3,13.8,-3.0,0.00,0.00,13.1,137,22.54,3.29
2006-03-30,17.7,2.2,16.7,-0.6,0.00,0.00,11.9,206,22.28,3.56
2006-03-31,20.0,4.6,18.4,1.5,0.00,0.00,16.7,204,22.51,3.97
2006-04-01,21.6,11.3,19.9,8.5,3.10,0.00,21.8,237,13.54,2.85
2006-04-02,17.8,7.2,14.6,4.0,0.00,0.00,18.7,327,23.75,4.05
2006-04-03,11.1,4.5,7.9,1.2,17.80,0.00,17.9,107,7.08,1.35
2006-04-04,13.0,5.2,9.8,0.0,5.00,0.00,27.9,293,16.89,2.80
2006-04-05,8.4,2.5,2.5,-1.3,1.40,0.00,23.2,301,15.45,2.42
2006-04-06,11.2,1.2,7.3,-3.0,0.00,0.00,18.3,287,16.52,2.43
2006-04-07,15.4,2.2,14.2,-0.9,2.90,0.00,16.7,189,9.64,1.56
2006-04-08,11.0,3.7,9.5,-0.3,14.50,0.00,19.7,355,2.39,0.50
2006-04-09,13.0,2.0,9.7,-3.0,0.00,0.00,18.4,359,24.63,3.43
2006-04-10,14.6,1.7,13.4,-2.1,0.00,0.00,14.7,297,24.91,3.74
2006-04-11,17.9,3.3,16.7,0.4,0.00,0.00,15.4,188,24.41,3.88
2006-04-12,18.2,4.9,16.3,2.3,0.00,0.00,20.3,174,20.65,3.44
2006-04-13,23.3,11.3,21.4,8.3,3.70,0.00,18.3,239,21.81,4.23
2006-04-14,18.5,7.5,17.9,5.4,4.90,0.00,8.8,194,11.88,2.05
2006-04-15,24.9,9.6,24.5,8.8,0.30,0.00,15.0,277,20.04,3.92
2006-04-16,18.3,8.6,15.2,5.6,0.00,0.00,18.2,321,25.87,4.56
2006-04-17,16.1,5.6,12.4,2.6,0.00,0.00,19.6,8,21.39,3.74
2006-04-18,20.6,6.8,17.6,3.3,0.00,0.00,18.5,354,25.50,4.49
2006-04-19,21.5,6.9,18.1,4.6,0.00,0.00,20.9,348,25.60,4.66
2006-04-20,25.6,11.9,24.2,8.7,0.00,0.00,18.7,337,27.01,5.67
2006-04-21,13.3,7.4,10.7,3.4,0.00,0.00,21.1,105,24.89,3.49
2006-04-22,7.6,5.9,3.1,1.6,29.40,0.00,24.5,92,2.80,0.79
2006-04-23,15.4,7.9,15.3,3.7,68.50,0.00,24.5,98,4.31,0.78
2006-04-24,15.4,8.8,14.6,6.8,0.80,0.00,12.5,61,9.73,1.55
2006-04-25,20.2,6.4,19.3,4.2,0.00,0.00,26.5,281,22.65,3.97
2006-04-26,13.9,5.1,12.0,1.4,0.00,0.00,17.7,259,27.73,4.30
2006-04-27,20.2,5.0,18.3,2.3,0.00,0.00,15.5,293,24.70,4.20
2006-04-28,15.3,6.6,13.4,3.7,0.00,0.00,17.9,25,26.30,4.20
2006-04-29,15.9,4.6,13.6,1.1,0.00,0.00,15.2,50,27.99,4.18
2006-04-30,18.7,3.9,16.3,1.2,0.00,0.00,16.6,41,28.24,4.47
2006-05-01,19.3,7.8,15.8,3.4,0.00,0.00,20.7,47,27.63,4.89
2006-05-02,18.1,7.6,15.2,3.9,0.00,0.00,13.0,15,21.55,3.81
2006-05-03,19.2,8.0,16.3,6.1,0.40,0.00,15.9,5,17.67,3.13
2006-05-04,25.5,10.7,25.5,10.0,0.00,0.00,12.6,327,26.14,4.77
2006-05-05,25.0,14.4,24.4,12.3,0.00,0.00,13.2,295,24.85,4.99
2006-05-06,23.3,11.3,22.6,7.5,0.00,0.00,21.7,1,21.55,4.64
2006-05-07,17.4,7.2,17.2,4.3,0.00,0.00,18.1,22,28.20,4.81
2006-05-08,16.1,10.4,12.0,8.1,0.00,0.00,18.4,88,12.58,2.78
2006-05-09,17.0,10.3,12.2,7.8,0.00,0.00,20.2,14,11.07,3.28
2006-05-10,18.0,12.1,16.6,9.5,0.00,0.00,14.4,26,7.77,2.03
2006-05-11,16.9,12.0,15.3,10.2,0.20,0.00,24.8,101,12.55,2.17
2006-05-12,20.1,13.0,20.8,10.3,23.50,0.00,27.4,115,14.98,2.49
2006-05-13,20.9,11.5,22.0,9.5,0.00,0.00,15.5,69,23.17,3.82
2006-05-14,17.0,10.3,15.3,7.8,0.00,0.00,14.5,44,12.56,2.35
2006-05-15,16.7,9.9,17.1,6.8,8.10,0.00,20.5,70,9.92,1.60
2006-05-16,17.5,11.0,17.9,9.8,13.90,0.00,14.5,318,12.99,2.15
2006-05-17,20.4,10.1,18.0,8.1,0.00,0.00,18.7,238,21.69,3.95
2006-05-18,21.3,11.5,20.6,10.4,0.20,0.00,16.0,218,22.76,4.05
2006-05-19,17.0,11.8,15.3,8.8,18.00,0.00,18.7,257,15.02,2.50
2006-05-20,19.0,9.7,15.5,6.5,0.00,0.00,23.2,259,22.55,4.16
2006-05-21,20.3,8.9,17.4,5.9,0.90,0.00,26.6,267,22.01,4.39
2006-05-22,17.7,7.6,13.8,3.6,0.00,0.00,24.6,305,26.16,4.70
2006-05-23,17.9,6.8,13.1,2.9,0.00,0.00,24.2,309,22.57,4.16
2006-05-24,21.9,9.0,19.0,6.1,0.00,0.00,15.1,307,26.38,4.82
2006-05-25,25.5,9.1,24.8,7.4,0.50,0.00,14.8,215,23.71,4.76
2006-05-26,23.6,13.3,27.3,13.6,1.70,0.00,9.2,133,20.04,3.54
2006-05-27,26.7,14.7,27.1,15.3,0.90,0.00,14.1,345,22.04,4.33
2006-05-28,26.2,16.7,30.0,16.9,0.00,0.00,15.6,53,28.46,5.34
2006-05-29,30.4,14.7,33.9,15.3,0.00,0.00,7.6,199,27.30,5.37
2006-05-30,28.3,17.9,31.7,19.0,0.00,0.00,14.2,84,28.08,5.41
2006-05-31,25.2,16.8,28.2,17.8,0.00,0.00,14.9,142,23.06,4.23
2006-06-01,31.1,18.1,35.3,19.5,16.10,0.00,14.2,200,25.59,5.23
2006-06-02,27.8,20.0,33.3,22.4,24.40,0.00,11.4,228,17.75,3.51
2006-06-03,23.7,16.1,26.6,15.4,23.80,0.00,15.7,35,6.35,1.31
2006-06-04,19.5,14.0,18.7,12.0,1.30,0.00,16.8,1,9.36,2.09
2006-06-05,20.7,13.5,21.4,13.1,0.30,0.00,8.9,31,19.85,3.44
2006-06-06,21.5,13.4,23.2,13.5,0.30,0.00,13.1,69,21.45,3.67
2006-06-07,16.4,13.4,16.2,11.1,24.40,0.00,25.6,8,2.55,0.74
2006-06-08,18.5,13.4,19.3,12.1,4.10,0.00,15.3,316,7.03,1.48
2006-06-09,22.6,13.7,23.1,13.5,0.50,0.00,17.6,302,18.90,3.38
2006-06-10,18.1,12.7,14.7,9.1,0.50,0.00,30.2,301,22.28,4.08
2006-06-11,20.5,10.8,18.2,7.0,0.00,0.00,22.2,303,24.18,4.67
2006-06-12,22.2,12.0,22.9,10.6,0.00,0.00,14.2,309,19.73,3.75
2006-06-13,25.5,15.4,26.4,14.6,0.00,0.00,12.1,311,23.89,4.63
2006-06-14,23.7,16.5,24.9,17.4,0.30,0.00,8.5,120,15.90,3.08
2006-06-15,25.0,16.0,23.2,15.7,0.10,0.00,18.0,334,25.69,5.19
2006-06-16,28.5,14.2,28.4,12.8,0.00,0.00,11.5,312,28.94,6.17
2006-06-17,29.3,16.3,29.5,14.5,0.00,0.00,14.5,245,23.31,5.69
2006-06-18,32.9,19.4,35.3,19.9,0.00,0.00,13.6,228,29.02,6.77
2006-06-19,31.7,22.0,33.5,23.7,4.30,0.00,19.4,222,26.20,6.12
2006-06-20,28.3,19.0,32.1,21.4,5.10,0.00,14.0,265,24.74,5.06
2006-06-21,28.1,17.8,30.5,18.4,0.00,0.00,13.9,190,27.28,5.61
2006-06-22,30.4,19.1,32.8,20.3,0.00,0.00,14.7,214,21.97,4.93
2006-06-23,29.2,22.2,34.6,25.3,10.90,0.00,10.4,229,20.33,4.30
2006-06-24,24.3,21.0,28.9,24.1,46.20,0.00,9.9,176,7.06,1.47
2006-06-25,21.6,20.6,24.4,23.1,32.40,0.00,14.1,142,2.27,0.59
2006-06-26,24.2,20.8,26.6,22.4,5.70,0.00,20.4,161,9.62,1.93
2006-06-27,25.7,21.4,27.2,23.0,1.60,0.00,25.6,160,20.26,3.75
2006-06-28,28.0,21.0,31.9,20.9,20.00,0.00,31.5,176,15.76,3.37
2006-06-29,27.8,21.2,31.6,24.2,1.00,0.00,14.5,212,21.50,4.37
2006-06-30,26.2,18.1,26.7,18.4,0.00,0.00,14.8,286,27.03,5.36
2006-07-01,28.0,16.3,28.8,17.1,0.00,0.00,15.5,240,26.88,5.72
2006-07-02,31.6,20.5,33.4,20.0,0.00,0.00,20.0,234,26.79,6.49
2006-07-03,30.0,21.9,34.3,23.7,2.40,0.00,16.5,256,20.66,4.58
2006-07-04,30.8,22.2,33.9,25.5,1.90,0.00,15.5,236,21.39,4.67
2006-07-05,24.9,21.8,27.5,24.3,3.40,0.00,12.1,246,9.46,2.13
2006-07-06,24.9,17.5,24.9,17.7,11.40,0.00,16.2,356,18.58,3.80
2006-07-07,25.9,16.4,27.1,15.8,0.00,0.00,14.4,354,25.89,5.12
2006-07-08,26.2,18.2,28.0,19.4,0.00,0.00,9.3,64,21.51,4.22
2006-07-09,27.4,19.7,28.1,21.0,0.00,0.00,14.5,215,23.23,5.11
2006-07-10,27.6,18.6,29.3,19.9,0.00,0.00,13.4,200,24.00,5.04
2006-07-11,31.1,21.2,34.2,22.6,0.30,0.00,16.4,211,24.80,5.54
2006-07-12,29.4,22.6,32.5,25.6,7.00,0.00,14.8,208,9.86,2.47
2006-07-13,28.4,22.0,31.0,24.9,5.50,0.00,18.4,276,11.56,2.93
2006-07-14,28.6,19.8,32.5,22.7,0.00,0.00,13.0,166,24.99,4.98
2006-07-15,28.6,19.2,32.7,21.6,0.30,0.00,10.9,175,22.27,4.48
2006-07-16,32.9,21.1,35.0,23.7,0.00,0.00,13.7,342,28.14,6.08
2006-07-17,36.1,21.6,39.5,24.2,0.00,0.00,8.4,278,28.16,6.42
2006-07-18,36.3,23.1,40.0,25.7,1.30,0.00,10.1,280,26.82,6.54
2006-07-19,29.1,22.9,32.8,25.7,0.40,0.00,15.9,80,22.10,4.76
2006-07-20,26.8,21.9,29.3,24.0,3.40,0.00,18.9,50,15.03,3.25
2006-07-21,31.0,21.0,35.8,24.1,6.60,0.00,12.8,215,20.25,4.30
2006-07-22,27.3,22.5,30.4,25.9,23.90,0.00,18.8,199,9.69,2.00
2006-07-23,24.3,21.0,27.0,23.5,0.00,0.00,11.9,308,12.40,2.54
2006-07-24,28.2,19.4,30.6,21.7,0.00,0.00,13.3,222,24.68,5.05
2006-07-25,27.8,19.5,29.1,21.0,0.00,0.00,16.3,204,19.85,4.44
2006-07-26,29.1,19.6,33.4,22.2,0.00,0.00,12.2,197,23.72,4.98
2006-07-27,30.7,21.7,34.6,23.8,0.50,0.00,17.0,212,23.30,5.14
2006-07-28,32.4,23.0,35.1,27.0,5.70,0.00,19.9,240,18.47,4.22
2006-07-29,32.6,22.0,34.9,24.9,0.00,0.00,11.6,271,23.92,5.59
2006-07-30,32.0,24.0,35.1,25.5,0.00,0.00,12.3,305,24.26,5.71
2006-07-31,32.7,21.5,36.0,24.2,0.00,0.00,13.0,243,24.95,5.73
2006-08-01,36.4,24.6,40.0,28.5,0.00,0.00,12.0,259,23.10,6.08
2006-08-02,37.3,26.1,41.6,30.0,3.30,0.00,13.6,267,23.87,6.36
2006-08-03,36.8,26.5,39.6,29.4,0.00,0.00,16.0,271,23.56,6.53
2006-08-04,31.3,24.8,34.1,26.6,1.50,0.00,15.5,315,21.42,5.19
2006-08-05,32.1,21.4,33.7,22.4,0.00,0.00,12.9,340,27.05,6.26
2006-08-06,26.7,21.4,28.2,22.3,1.40,0.00,15.3,97,19.30,4.50
2006-08-07,30.4,22.3,32.9,24.0,0.70,0.00,17.1,215,16.67,4.43
2006-08-08,30.6,23.0,31.1,22.6,0.00,0.00,15.7,339,22.29,5.84
2006-08-09,27.8,18.6,29.6,18.9,0.00,0.00,14.2,119,26.46,5.92
2006-08-10,29.0,19.7,29.5,20.9,0.00,0.00,14.2,229,18.74,4.66
2006-08-11,27.0,18.7,25.6,17.6,0.00,0.00,17.7,12,26.36,5.85
2006-08-12,26.6,16.4,24.9,15.1,0.00,0.00,13.5,346,27.09,5.96
2006-08-13,28.1,15.1,27.1,14.0,0.00,0.00,11.4,316,26.46,5.69
2006-08-14,30.5,15.9,30.1,15.4,0.00,0.00,19.9,219,20.06,5.16
2006-08-15,29.1,21.7,29.9,23.4,3.30,0.00,19.5,245,15.38,3.91
2006-08-16,29.4,18.3,31.0,18.6,0.00,0.00,10.5,331,22.82,4.80
2006-08-17,28.8,19.6,29.6,20.0,0.00,0.00,16.6,72,21.25,4.83
2006-08-18,26.7,19.6,27.6,21.5,0.00,0.00,11.8,148,17.61,3.82
2006-08-19,27.7,18.6,29.3,20.9,0.80,0.00,15.9,184,15.14,3.42
2006-08-20,31.4,21.8,32.9,23.4,4.30,0.00,18.4,246,19.23,4.92
2006-08-21,29.5,19.7,28.9,19.5,0.00,0.00,17.3,324,24.14,5.77
2006-08-22,30.2,18.1,30.8,19.0,0.00,0.00,9.8,275,23.01,5.08
2006-08-23,30.2,17.9,29.6,18.7,0.00,0.00,13.9,311,22.64,5.52
2006-08-24,27.4,19.5,29.0,19.6,0.20,0.00,11.8,142,18.68,4.22
2006-08-25,24.9,19.2,28.0,20.2,1.80,0.00,14.4,80,11.74,2.51
2006-08-26,21.4,18.2,21.1,19.2,24.50,0.00,18.0,88,7.21,1.81
2006-08-27,21.6,17.9,24.3,18.1,22.20,0.00,18.7,127,2.55,1.09
2006-08-28,24.9,20.9,27.7,23.8,16.90,0.00,12.2,39,8.08,1.67
2006-08-29,20.5,18.2,22.8,18.7,10.50,0.00,16.0,84,4.29,0.98
2006-08-30,22.1,17.5,24.1,17.8,1.50,0.00,14.3,32,5.41,1.26
2006-08-31,21.0,16.5,20.3,14.2,0.00,0.00,17.2,34,15.71,3.33
2006-09-01,19.9,15.6,17.8,13.2,3.30,0.00,26.0,59,7.83,2.27
2006-09-02,19.2,15.4,19.1,12.3,49.40,0.00,39.6,75,2.94,0.95
2006-09-03,24.2,18.0,25.2,18.9,3.90,0.00,17.9,235,19.02,3.61
2006-09-04,22.8,15.3,22.2,14.9,0.00,0.00,14.2,280,16.10,3.17
2006-09-05,20.0,15.6,21.2,16.3,14.80,0.00,8.5,33,4.39,0.97
2006-09-06,23.3,14.9,24.0,15.2,0.00,0.00,11.7,300,14.40,2.67
2006-09-07,24.8,14.2,26.6,14.7,0.00,0.00,7.1,346,19.86,3.59
2006-09-08,26.0,15.6,27.4,16.5,0.00,0.00,10.0,228,18.98,3.75
2006-09-09,27.0,16.5,28.6,17.5,0.00,0.00,10.7,249,19.07,3.82
2006-09-10,21.9,16.4,21.6,14.9,0.00,0.00,12.5,19,13.09,2.77
2006-09-11,19.0,14.3,17.1,12.7,0.00,0.00,17.0,51,19.52,3.65
2006-09-12,18.9,11.0,18.3,8.9,0.00,0.00,13.0,56,21.75,3.80
2006-09-13,20.0,11.7,18.3,10.8,0.00,0.00,14.1,172,10.05,2.25
2006-09-14,19.0,16.7,20.3,16.8,11.60,0.00,13.2,133,2.85,0.81
2006-09-15,20.2,17.9,21.1,18.9,16.80,0.00,17.7,52,4.50,0.92
2006-09-16,23.8,17.2,25.1,17.7,10.70,0.00,14.5,23,11.70,2.22
2006-09-17,25.2,16.0,28.0,16.6,0.00,0.00,9.4,341,19.80,3.50
2006-09-18,26.1,15.3,28.8,16.0,0.00,0.00,12.3,199,18.69,3.52
2006-09-19,25.5,17.7,28.0,18.9,3.90,0.00,10.9,210,12.57,2.37
2006-09-20,20.1,14.8,19.7,12.2,0.00,0.00,18.7,293,15.73,3.26
2006-09-21,19.1,10.9,16.7,8.1,0.00,0.00,15.6,304,18.25,3.42
2006-09-22,20.1,11.2,18.6,10.4,0.00,0.00,13.5,207,17.74,3.25
2006-09-23,23.2,16.4,25.8,15.1,4.00,0.00,16.9,214,5.86,1.61
2006-09-24,26.3,19.6,27.7,19.9,1.30,0.00,18.8,233,10.62,2.43
2006-09-25,20.6,15.5,19.5,14.2,0.00,0.00,17.1,283,14.39,3.17
2006-09-26,21.4,12.7,20.2,10.9,0.00,0.00,13.7,283,18.29,3.55
2006-09-27,20.8,11.9,20.4,11.1,0.00,0.00,10.4,116,12.09,2.26
2006-09-28,21.9,13.3,21.2,13.0,0.00,0.00,18.5,152,15.42,2.78
2006-09-29,17.7,12.0,17.7,10.6,6.20,0.00,21.0,276,13.91,2.38
2006-09-30,18.4,8.6,16.3,6.9,0.00,0.00,15.0,171,13.92,2.75
2006-10-01,19.0,13.6,19.1,11.9,7.40,0.00,15.5,208,9.11,1.91
2006-10-02,19.2,11.0,16.8,8.9,0.00,0.00,14.3,305,15.32,2.65
2006-10-03,25.2,10.9,25.2,9.8,0.00,0.00,13.3,226,16.59,3.20
2006-10-04,25.5,14.5,26.2,15.3,0.70,0.00,15.7,224,16.20,3.23
2006-10-05,20.7,12.9,20.9,10.3,4.60,0.00,20.8,357,16.50,2.90
2006-10-06,13.5,11.6,10.8,7.7,1.80,0.00,22.1,38,3.99,1.73
2006-10-07,16.1,10.6,14.2,7.2,1.10,0.00,21.0,39,8.65,1.94
2006-10-08,19.8,9.2,19.6,8.1,0.00,0.00,9.8,92,16.57,2.63
2006-10-09,24.6,10.3,25.2,9.2,0.00,0.00,9.3,244,16.14,2.87
2006-10-10,23.0,12.1,23.5,11.0,0.00,0.00,11.2,40,15.84,2.74
2006-10-11,18.0,14.7,16.5,13.9,21.80,0.00,19.8,82,3.97,1.07
2006-10-12,20.4,12.3,19.3,6.7,3.80,0.00,24.3,260,10.24,2.19
2006-10-13,12.1,5.3,8.3,1.3,0.00,0.00,21.7,258,16.89,3.15
2006-10-14,14.3,3.9,9.9,1.4,0.00,0.00,23.2,253,15.55,2.85
2006-10-15,13.5,3.5,8.9,0.4,0.00,0.00,17.9,264,13.99,2.32
2006-10-16,15.1,6.7,13.2,4.4,0.00,0.00,9.1,194,15.52,2.38
2006-10-17,15.3,9.0,13.6,7.0,14.90,0.00,21.4,140,2.61,0.95
2006-10-18,21.9,15.2,22.4,14.4,3.30,0.00,18.4,243,9.42,1.74
2006-10-19,19.2,12.2,19.2,11.9,0.20,0.00,11.6,186,6.50,1.26
2006-10-20,18.4,8.1,19.0,3.1,8.30,0.00,37.6,260,3.33,0.97
2006-10-21,13.7,6.6,8.1,2.7,0.00,0.00,25.3,293,13.81,2.50
2006-10-22,15.4,6.3,12.3,4.1,0.00,0.00,19.6,186,10.63,1.80
2006-10-23,11.9,7.4,9.1,3.5,0.30,0.00,22.7,281,11.37,2.10
2006-10-24,9.9,4.6,4.4,0.3,0.10,0.00,25.0,294,8.53,2.15
2006-10-25,11.3,5.3,5.2,0.7,0.00,0.00,27.8,302,9.58,2.25
2006-10-26,9.5,3.6,4.6,0.1,0.00,0.00,19.7,308,10.52,1.90
2006-10-27,9.4,0.6,6.5,-2.5,3.00,0.00,12.2,131,10.25,1.39
2006-10-28,17.1,7.6,16.0,0.9,41.20,0.00,34.4,196,3.66,1.28
2006-10-29,10.9,6.3,4.1,-0.4,0.00,0.00,35.3,254,13.32,3.43
2006-10-30,14.8,5.1,11.0,0.1,0.00,0.00,19.3,257,13.33,2.68
2006-10-31,19.9,6.2,18.7,3.5,0.00,0.00,13.8,220,11.69,2.03
2006-11-01,18.8,11.8,18.1,10.8,1.40,0.00,12.6,259,11.33,1.84
2006-11-02,11.4,5.1,10.3,1.3,6.00,0.00,16.3,327,9.12,1.37
2006-11-03,8.1,1.8,3.3,-2.7,0.00,0.00,17.9,304,11.73,2.02
2006-11-04,7.4,-0.1,3.4,-4.3,0.00,0.00,12.4,307,12.37,1.63
2006-11-05,9.0,0.9,5.6,-2.3,0.00,0.00,7.3,231,11.08,1.43
2006-11-06,12.6,0.4,9.6,-2.9,0.00,0.00,9.4,233,12.07,1.60
2006-11-07,14.7,3.5,13.0,0.7,0.00,0.00,10.3,141,9.24,1.32
2006-11-08,14.0,10.6,14.3,9.7,34.40,0.00,22.0,70,0.81,0.29
2006-11-09,19.3,12.0,18.6,10.4,0.00,0.00,16.3,324,9.22,1.62
2006-11-10,15.4,9.1,13.3,6.6,0.00,0.00,14.3,305,11.49,1.88
2006-11-11,18.4,6.6,17.8,4.5,0.00,0.00,13.6,155,9.74,1.47
2006-11-12,15.8,11.8,15.4,9.3,8.80,0.00,21.5,33,1.91,0.35
2006-11-13,14.7,12.3,12.8,9.3,11.60,0.00,25.2,42,2.12,0.43
2006-11-14,14.5,11.3,14.4,9.3,2.50,0.00,20.5,358,1.65,0.43
2006-11-15,17.9,12.3,18.1,12.1,0.20,0.00,10.2,125,4.64,0.79
2006-11-16,19.4,14.0,18.4,13.9,16.10,0.00,33.9,152,4.53,0.97
2006-11-17,17.8,10.5,16.6,6.8,2.40,0.00,30.2,231,6.93,1.68
2006-11-18,10.1,5.5,7.1,2.3,0.00,0.00,13.7,321,6.81,1.45
2006-11-19,9.3,4.9,6.0,1.6,0.00,0.00,12.2,332,7.03,1.32
2006-11-20,7.8,3.0,3.5,-0.9,0.00,0.00,13.2,314,9.65,1.59
2006-11-21,6.7,0.3,2.6,-3.7,0.00,0.00,13.7,23,10.58,1.36
2006-11-22,7.5,3.9,2.3,-1.2,1.50,0.00,24.0,32,4.56,1.32
2006-11-23,5.6,4.9,1.4,-0.2,30.40,0.00,25.5,14,0.89,0.36
2006-11-24,13.6,4.9,9.6,0.2,3.50,0.00,22.0,355,10.23,2.26
2006-11-25,10.3,1.7,8.3,-1.8,0.00,0.00,12.4,64,9.31,1.15
2006-11-26,13.4,1.8,11.8,-1.1,0.00,0.00,10.3,235,9.35,1.14
2006-11-27,14.6,3.3,13.7,0.7,0.00,0.00,8.5,243,6.95,0.94
2006-11-28,12.5,5.2,10.4,3.1,0.00,0.00,14.3,77,5.92,0.82
2006-11-29,13.5,9.5,12.8,8.1,0.00,0.00,9.8,123,3.24,0.55
2006-11-30,18.1,11.1,17.5,10.3,0.00,0.00,16.9,204,5.18,1.05
2006-12-01,19.2,12.8,18.0,6.6,4.30,0.00,35.2,207,3.25,1.31
2006-12-02,11.2,3.8,4.5,-0.7,0.00,0.00,29.9,278,9.53,2.38
2006-12-03,6.7,-0.7,2.9,-4.2,0.00,0.00,12.5,238,9.12,1.20
2006-12-04,4.0,-1.2,-0.6,-5.9,0.10,0.00,25.1,302,8.83,1.40
2006-12-05,2.4,-3.2,-3.0,-7.5,0.00,0.00,20.8,274,7.24,1.24
2006-12-06,7.5,-3.8,2.6,-7.9,0.00,0.00,21.0,198,8.65,1.26
2006-12-07,10.3,-0.8,6.1,-7.6,0.00,0.00,25.5,264,8.22,1.48
2006-12-08,-1.5,-6.9,-8.3,-15.5,0.00,0.00,37.3,301,8.69,1.59
2006-12-09,2.7,-4.2,-2.7,-9.8,0.00,0.00,16.5,245,9.00,1.45
2006-12-10,9.4,-0.9,4.8,-6.7,0.00,0.00,17.0,243,8.83,1.82
2006-12-11,12.0,0.8,9.2,-2.8,0.00,0.00,12.1,297,8.37,1.23
2006-12-12,8.1,2.0,5.3,-1.1,0.00,0.00,9.6,62,5.52,0.78
2006-12-13,11.7,7.3,10.8,5.1,3.40,0.00,11.0,177,2.74,0.44
2006-12-14,12.6,5.0,10.8,2.5,0.00,0.00,10.4,214,7.36,0.85
2006-12-15,11.4,5.6,9.7,3.3,0.00,0.00,15.3,216,4.55,0.68
2006-12-16,9.7,1.8,5.5,-1.4,0.00,0.00,16.7,293,8.64,1.41
2006-12-17,13.0,0.5,10.1,-2.8,0.00,0.00,14.6,233,8.16,1.26
2006-12-18,15.3,6.0,13.7,1.7,0.40,0.00,14.1,283,4.47,1.16
2006-12-19,7.0,1.0,2.5,-3.3,0.00,0.00,13.4,309,8.51,1.41
2006-12-20,6.4,-2.2,1.8,-6.0,0.00,0.00,14.0,250,8.72,1.16
2006-12-21,10.3,1.2,7.0,-3.5,0.00,0.00,15.3,249,5.58,1.10
2006-12-22,8.5,-0.4,6.1,-3.9,5.90,0.00,12.4,59,2.10,0.49
2006-12-23,13.8,6.6,12.6,2.7,20.80,0.00,18.2,228,3.51,0.75
2006-12-24,10.7,3.4,6.2,-0.7,0.00,0.00,24.0,270,8.05,1.54
2006-12-25,6.3,0.1,3.4,-3.2,5.70,0.00,20.7,67,3.17,0.58
2006-12-26,11.2,5.7,8.6,1.1,0.40,0.00,23.0,302,2.69,0.60
2006-12-27,6.0,2.0,0.6,-2.7,0.00,0.00,23.2,290,6.41,1.50
2006-12-28,8.3,-1.5,4.7,-5.7,0.00,0.00,13.6,250,7.73,1.11
2006-12-29,7.5,0.2,4.3,-3.1,0.00,0.00,9.7,28,8.33,0.97
2006-12-30,9.4,0.0,5.7,-3.6,0.00,0.00,16.7,294,5.47,0.90
2006-12-31,5.3,-1.4,2.1,-5.7,0.00,0.00,15.1,335,8.91,1.06
2007-01-01,13.0,5.2,12.9,1.7,24.20,0.00,18.4,172,0.73,0.36
2007-01-02,7.9,0.9,4.5,-2.9,0.00,0.00,24.0,295,9.29,1.52
2007-01-03,9.7,-2.4,5.6,-5.9,0.00,0.00,17.8,231,8.21,1.21
2007-01-04,12.3,2.1,9.9,-1.5,0.00,0.00,15.1,232,7.20,0.98
2007-01-05,14.5,7.2,14.2,5.1,1.20,0.00,16.7,211,2.19,0.43
2007-01-06,20.2,12.0,19.1,8.0,5.50,0.00,20.8,232,4.83,1.35
2007-01-07,11.2,4.7,7.3,1.5,1.10,0.00,15.8,300,7.93,1.44
2007-01-08,12.2,4.2,11.7,-1.9,28.40,0.00,24.9,233,2.13,0.90
2007-01-09,6.5,0.5,1.1,-4.6,0.00,0.00,24.8,256,7.90,1.74
2007-01-10,2.5,-1.6,-3.6,-7.0,0.00,0.00,27.5,293,8.76,1.53
2007-01-11,2.1,-4.4,-2.7,-8.8,0.00,0.00,15.0,238,9.58,1.23
2007-01-12,8.4,-0.3,4.4,-5.2,0.00,0.00,17.1,224,5.01,1.24
2007-01-13,11.4,5.5,10.6,2.4,3.50,0.00,12.7,252,1.29,0.36
2007-01-14,7.6,6.0,6.5,3.8,4.40,0.00,11.8,43,1.26,0.26
2007-01-15,12.9,4.6,11.0,1.4,2.30,0.00,17.6,71,1.26,0.26
2007-01-16,13.1,-2.8,11.2,-9.7,1.10,0.00,23.0,310,6.09,1.42
2007-01-17,-1.7,-6.9,-6.2,-13.7,0.00,0.00,26.1,324,10.69,1.42
2007-01-18,3.5,-5.3,-0.5,-9.6,2.40,0.56,11.2,118,5.12,0.66
2007-01-19,5.6,-0.4,-0.5,-6.1,1.00,0.91,26.3,279,9.69,1.34
2007-01-20,-0.3,-5.4,-6.7,-12.6,0.00,0.00,36.6,298,10.13,1.77
2007-01-21,-1.8,-6.6,-6.4,-12.7,0.00,0.00,23.5,302,7.97,1.18
2007-01-22,1.0,-3.3,-2.0,-7.5,0.00,0.35,7.1,181,5.02,0.59
2007-01-23,2.4,-3.3,-2.6,-8.1,0.00,0.00,14.2,294,10.13,1.12
2007-01-24,3.9,-3.4,-0.8,-7.8,0.00,0.00,13.6,278,9.47,1.15
2007-01-25,1.2,-6.5,-3.7,-13.5,0.40,0.28,22.5,318,9.62,1.21
2007-01-26,-5.1,-12.2,-11.9,-19.5,0.00,0.00,29.9,308,11.43,1.35
2007-01-27,4.6,-7.0,0.4,-11.6,0.00,0.00,10.7,220,7.45,1.08
2007-01-28,4.8,-1.4,1.5,-4.8,1.10,0.21,9.3,280,10.09,1.07
2007-01-29,-1.0,-6.1,-5.6,-12.7,1.70,1.26,26.6,312,11.75,1.34
2007-01-30,2.3,-6.8,-2.6,-11.4,0.50,0.35,19.5,241,11.31,1.35
2007-01-31,1.0,-4.6,-5.3,-10.0,0.00,0.00,23.7,299,12.41,1.38
2007-02-01,2.7,-5.1,-2.5,-10.0,0.00,0.00,17.2,207,8.02,1.12
2007-02-02,4.8,-2.5,1.8,-6.1,4.20,0.28,11.6,72,9.03,0.97
2007-02-03,0.9,-5.2,-3.4,-10.7,0.00,0.00,22.3,265,13.41,1.54
2007-02-04,-3.7,-8.3,-9.4,-15.3,0.00,0.00,24.6,264,13.61,1.67
2007-02-05,-6.9,-13.5,-15.0,-20.9,0.00,0.00,30.1,279,13.54,1.39
2007-02-06,-4.0,-12.4,-10.5,-18.6,0.00,0.00,20.5,270,13.74,1.38
2007-02-07,-3.3,-10.0,-10.0,-15.5,0.00,0.00,22.2,287,13.77,1.44
2007-02-08,-1.8,-10.6,-8.6,-16.4,0.00,0.00,30.3,276,13.06,1.52
2007-02-09,-0.6,-8.6,-7.6,-14.8,0.00,0.00,26.4,279,13.83,1.62
2007-02-10,0.7,-6.7,-5.2,-11.1,0.00,0.00,18.7,289,12.88,1.46
2007-02-11,0.5,-8.4,-5.1,-13.0,0.00,0.00,14.5,260,14.08,1.55
2007-02-12,4.4,-4.9,-0.4,-9.8,0.00,0.00,15.1,265,13.06,1.63
2007-02-13,-1.9,-4.4,-6.1,-10.2,0.90,0.84,18.2,37,8.36,1.39
2007-02-14,-1.1,-9.0,-8.0,-16.6,34.40,4.55,37.1,9,2.08,0.49
2007-02-15,-6.3,-11.8,-13.6,-18.1,0.00,0.00,28.0,285,15.67,1.07
2007-02-16,-3.1,-12.9,-9.9,-19.5,0.00,0.00,27.3,265,15.47,1.24
2007-02-17,1.4,-10.6,-3.8,-16.2,0.00,0.00,17.4,249,15.77,1.45
2007-02-18,0.2,-7.1,-6.3,-13.8,0.00,0.00,23.5,298,14.03,1.39
2007-02-19,-3.6,-12.9,-8.8,-19.5,0.00,0.00,23.9,293,16.23,1.26
2007-02-20,10.6,-6.8,6.6,-12.1,0.00,0.00,15.5,227,12.25,1.77
2007-02-21,9.1,-2.1,5.2,-6.1,2.60,0.00,12.5,304,15.87,1.80
2007-02-22,6.0,-1.8,2.4,-5.7,3.70,0.00,18.4,229,7.03,0.84
2007-02-23,2.3,-6.1,-3.6,-13.0,0.00,0.00,29.3,314,15.42,1.79
2007-02-24,4.9,-8.1,-0.9,-14.9,0.00,0.00,25.0,314,16.55,1.97
2007-02-25,3.6,-4.6,-0.3,-9.4,3.20,2.31,16.3,330,9.12,1.19
2007-02-26,0.7,-0.9,-1.9,-5.4,11.40,8.19,15.2,34,3.61,0.45
2007-02-27,5.2,-1.4,2.4,-4.6,0.00,0.00,6.8,248,11.09,1.16
2007-02-28,5.9,-5.8,1.4,-10.2,0.00,0.00,14.8,306,16.64,1.59
2007-03-01,5.3,-3.7,1.9,-8.0,0.00,0.00,15.5,74,15.15,1.68
2007-03-02,12.4,1.7,11.1,-2.6,41.00,0.00,22.9,184,6.17,1.16
2007-03-03,12.8,-2.2,10.3,-6.2,0.00,0.00,21.3,261,15.11,2.19
2007-03-04,3.6,-1.5,-2.2,-7.1,0.00,0.00,25.8,278,12.99,1.82
2007-03-05,4.6,-5.1,-2.8,-12.7,0.70,0.07,28.9,281,14.21,2.21
2007-03-06,-6.0,-12.4,-13.6,-20.9,0.00,0.00,33.7,310,19.79,1.69
2007-03-07,-3.6,-12.4,-7.5,-18.0,1.80,1.33,13.8,279,11.22,1.09
2007-03-08,1.3,-9.3,-5.5,-14.3,0.00,0.00,26.4,301,19.18,1.84
2007-03-09,0.3,-9.8,-4.1,-14.4,0.00,0.00,11.7,126,19.00,1.71
2007-03-10,12.9,-4.3,10.1,-8.3,0.00,0.00,15.6,186,15.87,2.01
2007-03-11,9.8,-0.2,5.0,-4.4,3.80,0.00,18.0,305,15.39,1.99
2007-03-12,12.4,-3.4,9.3,-7.5,0.00,0.00,10.5,241,18.04,2.46
2007-03-13,13.5,-1.3,10.7,-4.8,0.00,0.00,11.2,203,16.01,2.21
2007-03-14,20.0,6.2,19.7,3.7,0.40,0.00,11.3,209,15.97,2.59
2007-03-15,15.8,2.9,15.2,-1.2,4.30,0.00,20.8,326,7.74,1.29
2007-03-16,2.0,-2.0,-2.2,-8.3,49.60,12.39,26.4,33,2.02,0.44
2007-03-17,2.2,-3.6,-1.6,-9.6,7.60,0.21,25.8,319,15.93,1.59
2007-03-18,2.3,-5.8,-4.4,-10.7,0.00,0.00,27.0,281,19.42,1.72
2007-03-19,3.9,-10.6,0.1,-15.5,1.50,0.42,16.8,215,16.74,1.67
2007-03-20,7.1,-1.9,2.4,-7.1,0.00,0.00,23.2,287,19.84,2.41
2007-03-21,3.7,-5.0,0.2,-9.9,0.00,0.00,15.0,88,21.25,2.15
2007-03-22,18.0,2.0,16.2,-1.7,1.90,0.00,20.4,211,15.02,2.32
2007-03-23,13.4,7.5,12.0,5.1,3.70,0.00,15.1,276,7.23,1.21
2007-03-24,10.9,4.1,8.6,0.8,2.50,0.00,15.5,86,16.88,2.17
2007-03-25,10.8,3.0,8.6,-0.1,0.00,0.00,13.4,61,17.12,2.07
2007-03-26,11.0,0.6,8.2,-2.5,0.00,0.00,18.9,197,12.20,1.60
2007-03-27,23.4,8.3,22.6,5.6,0.00,0.00,16.8,305,19.87,3.50
2007-03-28,16.2,6.7,12.6,1.9,0.00,0.00,15.7,348,19.94,3.33
2007-03-29,12.3,1.8,7.2,-4.0,0.00,0.00,23.0,333,23.74,3.94
2007-03-30,17.5,-0.5,13.7,-4.4,0.00,0.00,14.0,311,23.25,3.90
2007-03-31,11.5,2.1,10.0,-1.3,0.00,0.00,13.0,51,19.53,2.82
2007-04-01,8.8,1.8,5.0,-1.0,3.70,0.00,13.9,99,8.09,1.17
2007-04-02,14.5,5.7,13.7,3.4,1.70,0.00,13.8,80,10.07,1.48
2007-04-03,16.2,5.1,16.4,0.7,0.00,0.00,19.7,104,18.94,2.69
2007-04-04,5.6,4.0,2.3,-0.6,15.20,0.00,21.8,84,1.82,0.46
2007-04-05,6.9,1.5,1.9,-3.8,0.00,0.00,29.3,286,18.05,2.62
2007-04-06,5.6,-1.2,0.2,-6.1,0.00,0.00,19.9,269,17.37,2.41
2007-04-07,5.4,-3.1,0.3,-7.2,0.00,0.00,16.9,304,14.81,2.08
2007-04-08,5.5,-1.6,-1.1,-7.0,0.00,0.00,26.0,272,15.65,2.45
2007-04-09,8.5,-2.1,4.2,-6.6,0.00,0.00,18.4,288,20.80,2.79
2007-04-10,9.2,-2.5,3.9,-6.6,0.00,0.00,19.8,301,19.53,2.61
2007-04-11,9.5,-0.8,7.7,-4.4,0.00,0.00,15.0,127,22.28,2.86
2007-04-12,9.7,3.0,6.7,-0.8,35.40,0.00,26.6,67,3.67,0.73
2007-04-13,10.4,2.5,4.3,-0.8,0.00,0.00,31.9,287,14.78,2.56
2007-04-14,12.2,1.7,9.2,-2.8,0.00,0.00,18.3,292,23.48,3.28
2007-04-15,10.8,4.5,9.0,-0.2,103.40,0.00,25.9,104,1.92,0.45
2007-04-16,10.5,5.2,8.4,1.7,15.30,0.00,20.2,330,7.34,1.01
2007-04-17,9.2,4.7,3.4,0.2,2.40,0.00,26.4,356,9.82,1.59
2007-04-18,9.0,5.2,5.9,0.3,0.00,0.00,20.9,18,6.76,1.51
2007-04-19,13.0,5.6,11.3,2.0,1.70,0.00,17.3,35,8.71,1.39
2007-04-20,18.9,2.3,16.5,-1.0,0.00,0.00,15.9,355,26.81,4.09
2007-04-21,22.9,2.7,21.4,-0.3,0.00,0.00,9.8,299,26.51,4.49
2007-04-22,21.7,6.0,22.8,3.1,0.00,0.00,11.7,95,26.53,4.59
2007-04-23,26.1,8.0,26.9,5.7,0.00,0.00,20.3,215,26.00,5.27
2007-04-24,22.4,12.7,20.9,9.7,0.00,0.00,20.4,294,25.36,5.16
2007-04-25,17.5,8.2,17.3,5.2,6.70,0.00,13.8,38,19.38,3.27
2007-04-26,13.0,6.8,11.2,4.9,0.30,0.00,15.9,101,19.23,2.63
2007-04-27,14.0,8.2,14.9,5.8,19.60,0.00,11.0,80,3.32,0.67
2007-04-28,18.8,10.7,16.8,9.7,0.20,0.00,16.3,261,15.58,2.81
2007-04-29,17.7,10.2,15.4,8.6,0.30,0.00,22.2,308,13.93,2.62
2007-04-30,23.5,6.9,20.1,4.6,0.80,0.00,27.2,277,24.93,4.83
2007-05-01,19.2,8.0,18.2,5.8,1.90,0.00,14.8,275,24.08,4.15
2007-05-02,18.6,9.5,16.9,6.8,10.20,0.00,15.5,346,16.63,2.79
2007-05-03,19.0,7.1,17.6,4.6,0.00,0.00,14.4,334,27.96,4.76
2007-05-04,18.9,7.0,16.9,4.3,0.00,0.00,15.4,334,28.31,4.77
2007-05-05,19.7,6.6,20.4,3.9,0.00,0.00,10.7,34,25.23,4.28
2007-05-06,14.1,6.7,9.8,3.2,0.30,0.00,28.1,38,21.16,3.76
2007-05-07,16.4,4.1,15.5,1.7,0.00,0.00,11.7,87,28.19,4.15
2007-05-08,19.7,6.4,19.3,4.0,0.00,0.00,13.6,188,28.61,4.49
2007-05-09,24.6,9.1,26.3,7.7,0.20,0.00,14.1,210,24.74,4.23
2007-05-10,22.7,16.2,24.0,16.9,0.90,0.00,11.3,184,13.49,2.38
2007-05-11,24.0,15.0,26.6,15.7,10.10,0.00,7.3,167,15.92,2.91
2007-05-12,20.7,11.3,21.8,9.9,0.00,0.00,15.9,54,21.20,3.59
2007-05-13,18.4,10.6,15.4,7.8,4.30,0.00,18.5,5,29.43,4.78
2007-05-14,19.2,6.8,17.7,4.6,0.00,0.00,16.1,225,29.49,5.22
2007-05-15,27.4,11.7,26.0,8.8,0.00,0.00,22.5,226,28.18,6.30
2007-05-16,28.0,16.6,28.2,17.2,14.00,0.00,21.9,233,23.33,5.28
2007-05-17,17.9,11.2,17.3,9.0,0.20,0.00,13.6,18,16.55,2.88
2007-05-18,13.5,8.8,11.0,5.3,3.40,0.00,19.6,42,7.41,1.49
2007-05-19,14.5,10.1,10.8,7.3,4.70,0.00,18.2,312,12.31,2.33
2007-05-20,22.8,10.6,20.6,8.1,1.80,0.00,19.5,288,22.47,4.34
2007-05-21,20.5,11.8,18.9,9.1,0.00,0.00,16.1,328,27.63,4.71
2007-05-22,21.0,9.2,22.1,7.0,0.00,0.00,11.9,75,28.65,4.75
2007-05-23,22.3,10.0,22.9,9.2,0.00,0.00,17.7,178,25.56,4.52
2007-05-24,27.6,12.8,28.4,11.0,0.00,0.00,14.4,239,28.65,5.79
2007-05-25,31.0,15.9,31.9,14.9,0.00,0.00,14.4,250,28.84,6.49
2007-05-26,29.7,17.9,31.6,18.2,0.00,0.00,15.1,307,25.59,5.80
2007-05-27,27.7,17.3,30.1,17.6,0.00,0.00,15.1,133,24.72,5.26
2007-05-28,29.0,19.4,30.7,20.0,1.40,0.00,13.3,261,21.92,4.99
2007-05-29,25.7,14.4,25.2,13.4,0.00,0.00,12.3,350,29.97,5.78
2007-05-30,27.8,16.3,28.9,16.8,0.00,0.00,11.3,200,29.41,5.74
2007-05-31,30.8,16.8,33.1,16.6,0.00,0.00,15.3,151,25.91,5.71
2007-06-01,31.0,17.8,34.0,19.2,0.90,0.00,14.8,248,24.91,5.39
2007-06-02,30.7,20.4,33.4,22.5,2.90,0.00,13.4,214,24.13,5.43
2007-06-03,24.5,15.8,25.4,14.0,6.00,0.00,23.5,147,12.81,2.92
2007-06-04,20.1,16.1,21.7,14.6,14.80,0.00,24.2,42,4.86,1.02
2007-06-05,26.5,17.5,27.4,19.0,0.00,0.00,22.9,239,24.84,5.47
2007-06-06,21.4,14.5,20.0,12.1,0.60,0.00,22.7,318,23.43,4.95
2007-06-07,22.9,12.7,24.5,11.4,0.00,0.00,16.1,173,29.41,5.24
2007-06-08,26.7,15.6,31.3,16.4,0.00,0.00,16.0,155,26.94,4.85
2007-06-09,27.1,17.0,29.6,17.4,3.10,0.00,17.2,47,18.62,3.58
2007-06-10,22.2,16.7,22.3,16.9,0.00,0.00,7.2,73,13.56,2.73
2007-06-11,27.8,16.8,28.5,17.6,0.90,0.00,10.2,350,25.45,5.16
2007-06-12,27.9,17.8,28.9,18.9,4.90,0.00,15.3,21,22.20,4.53
2007-06-13,19.4,15.3,22.1,12.6,3.10,0.00,17.2,71,8.29,1.87
2007-06-14,18.2,13.4,17.3,10.7,0.30,0.00,17.4,45,10.88,2.70
2007-06-15,21.2,13.1,20.8,12.9,0.00,0.00,11.1,102,15.47,2.95
2007-06-16,26.3,13.0,26.9,12.9,0.00,0.00,8.1,226,26.15,4.92
2007-06-17,31.0,17.0,31.7,16.5,0.00,0.00,14.3,279,28.43,6.61
2007-06-18,28.1,19.2,31.1,20.0,0.00,0.00,15.2,127,27.59,5.75
2007-06-19,27.6,17.3,29.9,18.5,0.00,0.00,19.9,173,27.48,5.44
2007-06-20,27.1,19.6,27.0,17.9,13.80,0.00,19.1,308,17.72,4.00
2007-06-21,27.6,15.3,27.4,13.8,0.90,0.00,18.9,301,27.03,6.10
2007-06-22,23.8,16.9,20.6,14.0,0.00,0.00,26.5,310,28.08,6.43
2007-06-23,24.0,13.6,21.7,10.8,0.00,0.00,17.7,308,30.72,6.58
2007-06-24,27.3,12.1,27.2,10.2,0.00,0.00,12.3,300,28.90,6.04
2007-06-25,25.5,16.6,27.1,16.5,0.00,0.00,15.1,219,18.19,4.02
2007-06-26,32.6,18.9,36.3,21.2,0.00,0.00,13.3,207,26.62,5.88
2007-06-27,33.7,22.0,37.0,25.5,3.20,0.00,16.6,228,23.36,5.50
2007-06-28,32.4,22.1,35.7,25.0,1.50,0.00,15.6,254,22.26,5.14
2007-06-29,25.5,21.1,27.2,22.3,0.20,0.00,10.6,329,15.37,3.62
2007-06-30,27.6,16.0,27.9,15.2,0.00,0.00,11.6,299,27.09,5.73
2007-07-01,24.4,16.9,22.4,15.7,0.00,0.00,17.7,336,24.82,5.96
2007-07-02,24.1,13.9,21.5,11.7,0.00,0.00,18.0,333,24.94,5.51
2007-07-03,26.0,13.7,26.5,12.7,0.00,0.00,14.8,264,23.62,5.27
2007-07-04,22.6,17.2,21.3,16.6,9.80,0.00,22.0,192,9.49,2.74
2007-07-05,26.2,19.3,28.5,20.0,12.30,0.00,15.7,222,12.69,2.57
2007-07-06,28.8,19.7,29.6,21.1,1.90,0.00,15.8,292,26.74,5.60
2007-07-07,29.4,17.0,30.0,17.8,0.00,0.00,16.0,275,25.01,5.66
2007-07-08,32.3,19.2,33.2,19.2,0.00,0.00,18.8,250,26.72,6.60
2007-07-09,33.6,22.2,36.8,24.8,0.00,0.00,12.8,219,26.85,6.28
2007-07-10,33.1,22.4,37.7,25.7,0.00,0.00,15.9,189,24.99,5.81
2007-07-11,30.1,23.2,34.5,26.6,8.50,0.00,14.5,168,16.71,3.60
2007-07-12,28.3,19.0,28.3,18.2,0.00,0.00,18.4,317,28.97,6.23
2007-07-13,28.4,18.6,26.5,17.9,0.00,0.00,18.8,245,18.53,5.19
2007-07-14,27.7,17.5,28.7,17.9,0.00,0.00,14.5,212,19.66,4.69
2007-07-15,31.5,20.7,31.5,21.7,0.00,0.00,18.4,209,23.34,5.88
2007-07-16,27.1,21.5,29.9,21.7,0.80,0.00,14.7,56,19.09,4.31
2007-07-17,30.1,19.0,33.0,21.0,0.00,0.00,12.9,144,24.47,5.24
2007-07-18,26.5,21.3,30.7,23.9,10.80,0.00,10.5,149,10.69,2.19
2007-07-19,29.8,20.0,32.7,23.0,5.70,0.00,16.6,207,17.95,3.68
2007-07-20,27.4,19.3,27.1,17.6,0.50,0.00,22.7,289,25.99,6.03
2007-07-21,27.9,16.5,26.3,15.7,0.00,0.00,18.0,350,25.41,5.98
2007-07-22,27.2,18.3,27.1,17.4,0.00,0.00,15.2,33,22.77,5.33
2007-07-23,22.1,16.9,26.1,16.1,38.40,0.00,22.0,21,4.10,1.22
2007-07-24,26.9,15.1,29.2,15.0,0.00,0.00,13.3,217,26.30,5.08
2007-07-25,27.3,18.8,30.2,20.9,0.00,0.00,12.0,147,26.94,5.18
2007-07-26,28.0,19.9,31.9,22.9,0.00,0.00,11.3,165,20.74,4.14
2007-07-27,27.6,19.9,31.2,23.1,0.70,0.00,18.3,173,22.06,4.27
2007-07-28,29.2,21.5,33.7,24.8,2.20,0.00,10.0,183,20.83,4.25
2007-07-29,28.1,22.3,32.9,26.5,11.40,0.00,6.2,65,14.68,2.96
2007-07-30,29.2,21.7,33.8,25.6,5.70,0.00,7.6,241,21.03,4.22
2007-07-31,29.7,20.6,32.6,22.2,0.00,0.00,11.6,351,24.47,5.03
2007-08-01,30.8,20.8,34.0,23.5,0.00,0.00,8.6,328,23.71,5.06
2007-08-02,33.1,22.1,37.3,25.6,0.00,0.00,12.4,201,26.42,5.96
2007-08-03,33.0,22.7,35.5,24.9,0.50,0.00,13.7,215,23.94,6.00
2007-08-04,33.2,23.0,37.5,26.4,0.00,0.00,12.0,265,24.49,5.63
2007-08-05,28.1,20.6,30.8,20.3,0.00,0.00,15.0,64,26.63,6.04
2007-08-06,29.7,21.9,32.9,24.5,3.30,0.00,14.3,183,14.26,3.31
2007-08-07,32.9,22.4,37.2,26.1,0.00,0.00,11.5,218,22.48,4.94
2007-08-08,33.7,25.1,36.8,28.5,9.60,0.00,18.4,254,20.17,5.17
2007-08-09,27.6,21.3,30.5,23.1,1.20,0.00,15.3,99,19.50,4.38
2007-08-10,21.0,16.1,22.9,14.5,30.20,0.00,22.9,66,2.37,0.88
2007-08-11,26.4,15.0,27.7,13.8,0.00,0.00,14.2,1,25.74,4.93
2007-08-12,29.1,18.2,32.0,19.5,0.00,0.00,8.4,255,22.72,4.66
2007-08-13,29.2,22.0,30.5,20.8,0.00,0.00,18.2,304,19.71,4.97
2007-08-14,27.3,17.3,27.7,16.6,0.00,0.00,16.2,331,26.29,5.56
2007-08-15,30.4,17.3,30.8,17.4,0.00,0.00,14.9,244,23.42,5.31
2007-08-16,29.8,22.4,32.7,24.9,0.80,0.00,11.8,209,15.95,3.72
2007-08-17,29.2,20.5,30.5,22.4,11.00,0.00,13.4,278,16.95,3.90
2007-08-18,23.6,15.4,21.9,12.2,0.00,0.00,25.9,314,26.07,5.29
2007-08-19,24.5,16.9,24.5,16.9,8.60,0.00,7.1,265,12.77,2.74
2007-08-20,19.1,16.7,19.7,16.5,12.30,0.00,18.4,59,4.09,1.10
2007-08-21,16.6,14.8,16.2,13.7,23.00,0.00,16.5,67,2.03,0.80
2007-08-22,18.7,15.4,19.9,14.6,0.20,0.00,12.2,43,3.19,1.10
2007-08-23,22.8,17.3,25.1,18.5,0.00,0.00,7.6,96,7.92,1.64
2007-08-24,28.1,18.4,31.5,20.4,0.00,0.00,13.3,204,14.82,3.02
2007-08-25,31.7,21.4,37.2,24.5,0.00,0.00,12.1,206,18.90,4.03
2007-08-26,28.1,22.9,30.3,24.0,1.30,0.00,11.6,304,11.67,2.72
2007-08-27,27.2,19.3,29.4,20.2,0.00,0.00,11.7,38,19.85,4.13
2007-08-28,27.1,18.8,30.2,21.5,0.10,0.00,10.8,162,17.41,3.55
2007-08-29,27.6,18.7,30.2,20.7,0.00,0.00,13.5,184,20.15,4.11
2007-08-30,28.4,17.8,31.5,19.0,0.00,0.00,15.3,180,19.05,3.99
2007-08-31,26.5,18.4,28.0,20.1,0.20,0.00,16.6,6,14.23,3.25
2007-09-01,26.2,17.1,25.4,15.6,0.00,0.00,17.7,360,22.00,5.16
2007-09-02,24.4,14.1,25.1,13.1,0.00,0.00,13.2,104,23.71,4.74
2007-09-03,28.5,16.2,29.0,15.8,0.00,0.00,16.8,237,21.02,4.73
2007-09-04,28.8,19.3,29.2,19.7,0.00,0.00,14.7,319,22.23,4.81
2007-09-05,26.0,17.4,27.0,16.3,0.00,0.00,12.1,52,21.43,4.53
2007-09-06,26.8,17.4,28.4,18.6,0.00,0.00,17.1,158,20.07,4.18
2007-09-07,30.4,20.1,33.1,22.1,0.00,0.00,15.6,205,18.00,4.19
2007-09-08,31.5,20.8,33.6,22.2,0.00,0.00,16.6,205,20.35,5.02
2007-09-09,28.9,20.7,29.7,22.7,0.10,0.00,14.7,186,17.64,4.06
2007-09-10,27.4,22.2,31.2,26.2,2.20,0.00,6.6,116,9.95,2.07
2007-09-11,24.0,21.2,27.4,21.9,16.20,0.00,19.1,206,3.57,0.94
2007-09-12,23.6,16.5,21.7,15.8,0.00,0.00,19.1,282,21.38,4.60
2007-09-13,23.2,15.0,23.6,14.8,0.00,0.00,12.3,146,17.55,3.43
2007-09-14,22.7,15.4,21.6,15.7,0.10,0.00,15.2,155,9.50,2.46
2007-09-15,20.6,14.6,20.3,11.9,3.20,0.00,20.9,319,16.57,3.51
2007-09-16,18.0,10.8,16.9,8.6,0.00,0.00,13.3,353,18.33,3.18
2007-09-17,19.3,11.2,18.6,9.2,0.00,0.00,11.5,55,18.72,3.23
2007-09-18,20.3,11.4,19.1,10.3,0.00,0.00,11.5,66,20.73,3.49
2007-09-19,22.4,10.7,22.7,9.7,0.00,0.00,9.6,95,19.90,3.45
2007-09-20,27.0,12.8,27.6,12.7,0.00,0.00,11.4,222,19.80,3.84
2007-09-21,27.1,15.3,28.4,15.5,0.00,0.00,10.3,160,19.49,3.83
2007-09-22,24.8,15.9,26.8,16.9,0.80,0.00,12.8,187,7.65,1.63
2007-09-23,27.0,17.5,25.1,16.4,0.00,0.00,14.0,329,20.13,4.45
2007-09-24,25.5,14.1,24.7,12.9,0.00,0.00,12.7,189,19.59,4.34
2007-09-25,30.1,14.5,29.9,13.8,0.00,0.00,14.5,228,19.21,4.49
2007-09-26,31.5,18.9,32.5,19.6,0.00,0.00,13.8,214,17.40,4.44
2007-09-27,28.3,19.9,29.4,22.3,0.00,0.00,18.5,180,14.48,3.21
2007-09-28,24.3,17.7,24.4,15.6,0.10,0.00,17.6,298,12.73,3.28
2007-09-29,23.9,14.6,21.3,12.3,0.00,0.00,20.6,338,18.60,4.28
2007-09-30,21.9,12.6,21.8,11.3,0.00,0.00,12.7,78,16.26,3.28
2007-10-01,19.8,13.3,18.4,13.0,0.00,0.00,12.8,125,9.94,2.19
2007-10-02,22.8,13.7,22.0,13.3,0.50,0.00,14.8,118,10.21,2.28
2007-10-03,25.3,17.4,27.0,18.9,0.80,0.00,10.8,143,9.00,1.88
2007-10-04,28.1,18.6,30.4,20.8,0.00,0.00,9.9,203,14.18,2.87
2007-10-05,26.9,18.5,29.1,20.9,0.00,0.00,9.7,187,13.83,2.74
2007-10-06,28.6,17.5,29.7,19.2,0.00,0.00,11.6,237,15.35,3.37
2007-10-07,26.3,18.2,27.0,18.8,0.40,0.00,13.9,320,10.33,2.68
2007-10-08,30.9,18.1,31.6,18.5,0.00,0.00,19.6,250,11.76,3.36
2007-10-09,24.5,17.6,26.1,16.2,0.80,0.00,20.2,110,5.61,1.88
2007-10-10,22.8,16.7,23.5,17.4,4.80,0.00,11.5,60,9.96,1.95
2007-10-11,20.7,14.4,19.2,15.3,15.90,0.00,21.4,72,6.92,1.47
2007-10-12,16.0,10.2,14.4,6.2,1.90,0.00,29.0,304,10.74,2.41
2007-10-13,15.7,7.6,12.2,4.5,0.00,0.00,15.2,268,13.55,2.68
2007-10-14,17.4,8.1,13.6,5.3,0.00,0.00,20.2,290,12.57,2.64
2007-10-15,19.3,8.4,16.9,6.4,0.00,0.00,13.9,291,13.58,2.42
2007-10-16,20.0,10.3,19.1,9.4,0.00,0.00,8.9,291,14.51,2.40
2007-10-17,22.8,13.3,23.1,13.6,0.00,0.00,10.3,195,11.79,2.15
2007-10-18,25.1,14.4,25.6,14.8,0.00,0.00,11.9,204,10.78,2.18
2007-10-19,22.7,19.5,24.3,20.9,11.40,0.00,21.5,171,3.05,0.70
2007-10-20,21.1,15.3,22.8,12.4,1.00,0.00,21.8,259,13.55,3.08
2007-10-21,23.1,11.7,21.1,9.5,0.00,0.00,16.0,238,14.58,3.31
2007-10-22,23.9,12.2,22.7,11.4,0.00,0.00,14.8,210,13.70,2.86
2007-10-23,24.8,16.6,23.5,16.2,0.00,0.00,26.9,207,9.04,2.64
2007-10-24,22.6,14.4,22.4,12.8,5.50,0.00,17.8,353,2.48,0.96
2007-10-25,13.2,11.0,11.7,8.7,6.80,0.00,17.8,32,2.64,1.04
2007-10-26,14.9,12.0,14.1,9.0,5.60,0.00,18.7,64,1.30,0.93
2007-10-27,19.7,13.6,20.8,10.7,23.70,0.00,27.9,197,1.68,0.70
2007-10-28,13.2,7.8,10.3,3.8,0.00,0.00,22.7,311,13.80,2.92
2007-10-29,11.4,3.9,7.7,0.7,0.00,0.00,12.3,291,13.77,2.04
2007-10-30,16.1,5.3,13.8,2.3,0.00,0.00,11.7,248,13.07,2.05
2007-10-31,16.9,5.9,14.2,3.6,0.00,0.00,17.0,199,12.25,2.07
2007-11-01,18.3,10.0,16.6,6.1,0.20,0.00,15.7,253,8.32,1.89
2007-11-02,12.4,6.1,8.1,2.3,0.00,0.00,17.1,33,12.74,2.25
2007-11-03,10.6,7.4,5.1,2.3,0.50,0.00,25.7,355,4.45,1.99
2007-11-04,13.6,5.8,10.4,1.9,0.20,0.00,18.0,282,10.56,2.09
2007-11-05,13.6,3.5,10.2,0.5,0.00,0.00,19.4,220,12.17,2.01
2007-11-06,12.8,6.2,9.6,0.8,6.90,0.00,20.6,229,6.42,1.73
2007-11-07,10.1,2.9,4.6,-0.6,0.00,0.00,21.7,288,10.86,2.17
2007-11-08,6.8,-0.4,3.8,-4.0,0.00,0.00,8.9,315,9.17,1.11
2007-11-09,8.6,2.0,5.3,-1.1,4.20,0.00,8.7,28,7.25,1.05
2007-11-10,7.8,2.6,3.5,-1.1,7.80,0.00,18.5,15,6.27,1.02
2007-11-11,7.8,-0.7,3.6,-4.7,0.00,0.00,12.5,347,11.89,1.48
2007-11-12,8.8,3.0,5.8,-0.2,0.20,0.00,10.2,169,3.27,0.72
2007-11-13,15.0,7.3,13.3,5.1,2.00,0.00,12.2,269,6.23,0.98
2007-11-14,13.9,3.5,12.8,0.9,0.00,0.00,17.0,186,4.14,0.64
2007-11-15,14.7,5.6,14.7,1.3,10.10,0.00,26.3,266,1.15,0.41
2007-11-16,7.7,2.9,1.5,-2.3,0.00,0.00,29.3,295,10.15,1.98
2007-11-17,8.3,0.9,3.8,-3.8,0.00,0.00,17.4,268,9.24,1.55
2007-11-18,6.5,3.3,2.3,-0.5,0.30,0.00,13.8,46,4.87,1.06
2007-11-19,6.2,3.2,2.4,-1.1,4.00,0.00,17.6,53,4.02,0.82
2007-11-20,7.9,2.8,6.3,-0.6,3.00,0.00,12.6,155,1.37,0.42
2007-11-21,13.3,3.3,12.8,0.7,0.00,0.00,7.9,138,3.11,0.51
2007-11-22,19.4,6.8,18.9,1.1,0.50,0.00,23.6,238,9.02,1.69
2007-11-23,5.2,-0.6,-0.9,-5.6,0.00,0.00,24.2,314,10.39,1.95
2007-11-24,2.9,-3.9,-1.2,-8.4,0.00,0.00,12.1,279,10.24,1.31
2007-11-25,8.4,-1.9,4.2,-5.6,0.00,0.00,11.5,221,10.09,1.39
2007-11-26,15.1,2.6,13.4,-0.9,11.80,0.00,22.5,173,1.04,0.28
2007-11-27,15.8,5.6,13.6,0.5,2.80,0.00,28.1,255,6.40,1.57
2007-11-28,6.4,1.2,3.5,-3.7,0.00,0.00,19.1,292,9.80,1.61
2007-11-29,10.2,2.7,6.6,-1.0,0.00,0.00,16.3,222,5.22,1.14
2007-11-30,5.6,-0.2,0.8,-4.4,0.00,0.00,18.1,256,9.69,1.73
2007-12-01,2.5,-1.8,-3.6,-7.4,0.00,0.00,22.0,315,9.69,1.79
2007-12-02,3.5,-3.0,0.9,-7.2,1.70,0.77,9.1,65,2.71,0.56
2007-12-03,6.9,0.3,4.6,-6.4,8.90,0.00,27.9,270,7.41,1.20
2007-12-04,1.0,-2.1,-6.5,-8.3,0.20,0.21,35.1,290,6.26,1.65
2007-12-05,-0.1,-3.9,-4.1,-8.2,0.70,0.63,15.6,278,4.70,0.72
2007-12-06,0.5,-5.8,-3.9,-11.5,0.00,0.00,18.8,310,9.39,1.09
2007-12-07,2.3,-5.1,-2.1,-8.9,0.10,0.14,10.6,219,4.42,0.63
2007-12-08,7.6,-1.6,4.5,-5.3,0.00,0.00,10.5,266,7.59,0.85
2007-12-09,2.5,-2.2,-0.4,-5.9,6.10,0.00,9.4,10,1.16,0.33
2007-12-10,4.9,2.4,2.5,-0.7,7.00,0.00,9.4,8,1.18,0.24
2007-12-11,7.2,-2.4,4.0,-5.9,0.20,0.00,16.2,190,5.94,0.66
2007-12-12,11.5,0.3,9.9,-4.4,0.20,0.00,22.3,280,2.96,0.89
2007-12-13,1.3,-1.7,-2.5,-5.4,20.50,7.70,15.3,39,0.78,0.32
2007-12-14,5.6,-1.6,1.3,-6.0,0.00,0.00,15.2,265,8.15,0.83
2007-12-15,-0.4,-4.7,-5.5,-10.0,0.10,0.07,18.0,26,8.49,0.99
2007-12-16,7.1,-0.2,2.9,-7.3,19.40,0.98,30.6,62,0.93,0.43
2007-12-17,0.2,-4.5,-6.6,-11.9,0.00,0.00,35.5,287,8.81,1.47
2007-12-18,3.2,-3.8,-1.3,-8.1,0.00,0.00,11.7,252,8.75,0.98
2007-12-19,6.1,-2.7,2.7,-6.3,0.20,0.00,9.7,195,5.16,0.70
2007-12-20,6.3,-2.0,2.2,-5.7,0.00,0.00,15.8,313,7.77,0.87
2007-12-21,3.9,-1.7,-0.4,-5.5,0.60,0.00,16.2,50,2.20,0.49
2007-12-22,6.0,1.5,3.0,-2.8,0.00,0.00,14.3,55,3.75,0.63
2007-12-23,12.9,5.1,10.3,2.5,22.90,0.00,33.1,156,1.18,0.47
2007-12-24,11.0,1.4,7.5,-3.5,0.10,0.00,23.7,257,8.85,1.77
2007-12-25,6.5,-0.9,2.7,-5.1,0.00,0.00,12.1,280,8.73,1.13
2007-12-26,3.3,-2.9,-0.1,-6.3,4.80,1.33,18.7,32,3.53,0.48
2007-12-27,3.3,1.0,0.9,-3.5,0.30,0.00,18.7,353,1.09,0.28
2007-12-28,8.0,0.8,5.3,-2.7,0.30,0.00,12.4,237,8.28,1.00
2007-12-29,10.6,2.3,9.3,-1.2,11.90,0.00,20.7,218,4.20,0.74
2007-12-30,5.0,-0.5,1.7,-4.1,3.70,0.00,15.0,17,5.38,0.73
2007-12-31,7.0,-0.2,1.6,-3.8,6.50,0.07,24.3,286,8.42,1.00
2008-01-01,7.5,-1.6,4.5,-5.4,3.80,0.00,24.0,199,2.56,0.71
2008-01-02,1.1,-7.4,-4.4,-14.8,0.00,0.00,27.1,313,8.14,1.39
2008-01-03,-6.0,-10.5,-12.6,-17.4,0.00,0.00,25.5,328,9.63,1.18
2008-01-04,1.9,-8.8,-3.6,-13.3,0.00,0.00,18.1,239,8.40,1.22
2008-01-05,5.4,-4.9,1.6,-8.9,0.20,0.00,11.2,215,8.00,1.00
2008-01-06,8.2,0.3,5.7,-3.4,1.00,0.00,10.2,211,5.40,0.70
2008-01-07,14.5,2.7,13.3,-0.3,0.00,0.00,11.2,219,6.01,0.81
2008-01-08,15.8,7.3,15.2,5.3,0.00,0.00,14.5,215,6.77,0.90
2008-01-09,14.9,6.2,10.4,2.2,1.80,0.00,25.9,232,5.67,1.53
2008-01-10,8.4,0.3,5.6,-3.3,0.00,0.00,13.0,253,6.96,1.16
2008-01-11,13.7,4.5,12.3,1.0,12.40,0.00,18.6,174,1.42,0.36
2008-01-12,8.6,0.9,5.1,-2.3,0.00,0.00,10.9,305,8.62,1.08
2008-01-13,6.5,-1.5,2.0,-5.2,1.80,0.07,16.9,57,8.83,1.08
2008-01-14,3.4,0.8,1.0,-3.9,12.10,4.90,19.1,7,4.54,0.51
2008-01-15,3.8,-0.8,-0.9,-5.1,1.60,0.49,17.3,285,8.81,1.07
2008-01-16,4.5,-2.9,-1.2,-7.0,0.00,0.00,19.1,314,10.32,1.40
2008-01-17,3.4,-2.8,-0.9,-6.6,4.50,2.59,14.4,96,5.82,0.75
2008-01-18,7.6,0.1,2.6,-4.9,3.50,0.07,19.2,270,9.90,1.27
2008-01-19,3.1,-2.1,-1.7,-5.9,0.00,0.00,12.8,250,7.49,1.16
2008-01-20,0.1,-6.2,-4.1,-13.6,0.00,0.42,26.3,300,10.73,1.51
2008-01-21,-2.9,-9.0,-8.4,-15.4,0.00,0.00,23.3,268,11.07,1.37
2008-01-22,3.8,-6.0,-1.5,-11.0,0.30,0.00,23.8,213,6.49,1.00
2008-01-23,4.2,-3.6,-1.6,-8.1,0.00,0.00,17.3,270,11.19,1.31
2008-01-24,1.0,-5.0,-3.1,-9.3,0.00,0.00,18.0,308,7.14,0.98
2008-01-25,0.4,-6.1,-5.6,-11.9,0.00,0.00,19.4,287,11.71,1.55
2008-01-26,-0.0,-4.7,-4.0,-9.7,0.00,0.00,11.7,259,7.39,0.98
2008-01-27,2.2,-2.3,-2.6,-6.6,0.00,0.21,15.0,8,5.81,0.90
2008-01-28,5.0,-3.3,0.2,-8.2,0.00,0.00,18.3,326,11.83,1.45
2008-01-29,3.9,-4.3,0.7,-8.2,0.10,0.00,8.0,218,4.07,0.61
2008-01-30,7.2,-1.2,2.8,-6.6,2.30,0.00,31.0,238,8.64,1.47
2008-01-31,3.0,-4.8,-0.9,-9.3,0.00,0.00,10.7,318,12.34,1.48
2008-02-01,10.6,-1.5,8.1,-5.9,21.70,0.00,27.3,78,1.01,0.42
2008-02-02,7.8,-0.3,3.6,-4.2,0.00,0.00,25.8,259,12.22,1.46
2008-02-03,8.7,-2.1,5.8,-5.6,0.00,0.00,8.4,264,12.24,1.36
2008-02-04,4.2,-1.5,1.0,-5.4,3.90,1.26,11.3,55,4.13,0.56
2008-02-05,11.0,4.6,9.3,1.5,5.70,0.00,13.3,214,3.82,0.49
2008-02-06,17.4,6.4,16.5,4.4,9.20,0.00,23.0,222,3.46,0.68
2008-02-07,10.1,2.1,8.5,-1.8,4.20,0.00,18.7,309,9.18,1.42
2008-02-08,7.9,-2.2,3.3,-6.0,0.00,0.00,15.7,330,11.43,1.43
2008-02-09,5.8,-1.2,2.4,-4.8,0.60,0.00,13.6,136,4.97,0.66
2008-02-10,6.4,-7.6,0.4,-16.4,0.70,0.00,34.0,271,11.18,1.79
2008-02-11,-3.7,-11.7,-10.5,-19.3,0.00,0.00,34.6,289,14.47,1.63
2008-02-12,-1.3,-7.8,-5.7,-13.0,7.40,4.62,14.1,297,7.88,0.97
2008-02-13,9.5,0.2,8.1,-4.4,52.60,0.35,27.3,354,0.97,0.34
2008-02-14,4.6,-2.3,-0.2,-8.5,0.80,0.35,22.4,317,14.73,1.68
2008-02-15,9.2,-2.2,4.0,-6.6,0.00,0.00,19.8,249,12.83,1.77
2008-02-16,1.4,-5.0,-3.5,-10.5,0.00,0.00,16.1,328,14.93,1.62
2008-02-17,8.0,-4.3,4.4,-8.4,4.10,0.00,19.5,163,7.55,1.02
2008-02-18,15.9,3.9,15.0,-0.7,20.50,0.00,27.6,210,3.82,0.74
2008-02-19,4.9,-1.5,-1.2,-8.1,0.00,0.00,31.8,260,13.33,2.01
2008-02-20,1.2,-4.2,-4.8,-10.5,0.00,0.00,23.1,273,14.49,1.84
2008-02-21,0.4,-6.7,-4.2,-12.1,0.00,0.00,16.9,314,16.24,1.66
2008-02-22,0.8,-3.2,-2.6,-7.2,14.40,8.47,13.7,83,2.47,0.40
2008-02-23,1.0,-3.3,-2.0,-7.8,0.10,0.07,12.2,358,7.79,0.77
2008-02-24,1.9,-10.3,-1.6,-15.0,0.00,0.00,15.6,292,16.89,1.41
2008-02-25,6.4,-6.8,3.1,-11.1,0.00,0.00,9.7,262,16.66,1.72
2008-02-26,7.7,-3.1,3.7,-7.3,12.40,0.00,18.1,175,7.80,0.93
2008-02-27,5.4,-4.1,2.6,-10.7,0.00,0.00,22.2,297,13.60,1.62
2008-02-28,-2.0,-7.8,-8.2,-14.7,0.00,0.00,22.4,303,17.53,1.79
2008-02-29,0.5,-8.8,-4.2,-13.4,0.60,0.49,17.8,143,17.45,1.62
2008-03-01,7.1,-0.4,2.3,-5.8,5.90,1.89,22.3,248,15.84,1.91
2008-03-02,5.8,-3.4,0.9,-9.1,0.00,0.00,20.0,303,17.96,2.10
2008-03-03,12.6,-2.5,9.3,-6.2,0.00,0.00,16.4,190,9.13,1.45
2008-03-04,16.5,6.7,16.0,3.2,4.40,0.00,19.5,205,8.27,1.47
2008-03-05,12.0,2.8,9.3,-1.6,21.80,0.00,31.1,222,10.07,1.71
2008-03-06,8.2,-1.3,5.1,-4.6,0.00,0.00,12.8,149,17.71,2.06
2008-03-07,9.6,-1.6,6.2,-5.1,10.10,0.00,18.1,75,11.36,1.31
2008-03-08,14.2,4.4,11.3,-3.0,36.40,0.00,36.9,188,1.51,0.49
2008-03-09,5.4,-2.1,-1.0,-8.8,0.00,0.00,34.1,270,19.40,2.78
2008-03-10,7.8,-4.5,2.9,-9.1,0.00,0.00,22.7,287,17.03,2.15
2008-03-11,7.9,-1.3,4.6,-4.9,0.50,0.00,13.1,170,17.18,2.01
2008-03-12,8.8,1.6,2.7,-3.4,0.00,0.00,27.0,282,14.45,2.21
2008-03-13,6.5,-2.5,3.0,-6.3,0.00,0.00,17.3,182,18.65,2.12
2008-03-14,12.3,0.3,10.3,-2.6,0.20,0.00,14.5,76,16.89,2.19
2008-03-15,11.7,3.8,9.2,-0.4,2.60,0.00,18.4,23,12.71,1.74
2008-03-16,8.3,2.4,4.2,-3.8,1.60,0.00,22.7,349,7.54,1.40
2008-03-17,8.5,-1.1,3.4,-6.8,0.00,0.00,22.2,343,21.25,2.89
2008-03-18,6.4,-1.9,2.4,-5.9,0.20,0.00,14.9,108,12.27,1.73
2008-03-19,12.2,3.9,11.3,-0.2,21.30,0.00,15.9,143,1.95,0.48
2008-03-20,13.9,2.4,12.6,-4.5,6.40,0.00,34.3,292,18.60,2.87
2008-03-21,7.1,-0.1,0.4,-6.5,0.00,0.00,29.8,294,22.01,3.21
2008-03-22,9.3,0.3,5.2,-4.7,0.10,0.21,17.9,314,16.31,2.82
2008-03-23,7.8,-3.0,4.4,-7.3,0.00,0.00,16.4,318,22.38,2.76
2008-03-24,7.8,-2.7,5.2,-7.1,0.00,0.00,13.3,21,19.42,2.30
2008-03-25,7.3,-2.6,4.2,-7.4,0.00,0.00,19.5,113,22.76,2.97
2008-03-26,15.2,3.9,10.2,-1.3,0.00,0.00,28.9,244,18.50,3.30
2008-03-27,9.0,1.4,6.4,-2.1,1.20,0.00,9.4,36,6.61,1.10
2008-03-28,10.0,4.5,8.4,0.9,1.90,0.00,14.4,15,8.38,1.30
2008-03-29,7.4,-0.7,2.4,-5.3,0.00,0.00,21.1,328,23.66,2.98
2008-03-30,6.6,-3.2,4.5,-8.1,0.00,0.00,11.8,61,23.41,2.79
2008-03-31,10.9,-1.4,7.7,-5.2,1.80,0.00,19.3,169,3.17,0.83
2008-04-01,18.4,10.8,17.0,7.8,2.00,0.00,27.1,211,6.54,1.49
2008-04-02,13.0,2.8,9.9,-3.2,0.00,0.00,25.9,314,24.02,3.67
2008-04-03,9.4,-1.3,6.8,-5.1,0.00,0.00,17.3,182,21.15,2.89
2008-04-04,11.6,4.3,11.3,1.2,16.20,0.00,15.0,52,3.28,0.62
2008-04-05,15.1,9.0,12.8,5.5,1.20,0.00,16.7,321,20.46,2.96
2008-04-06,9.8,5.4,5.4,0.6,0.00,0.00,21.9,60,8.98,1.68
2008-04-07,8.4,4.5,5.7,0.0,0.00,0.00,20.1,68,8.32,1.42
2008-04-08,11.8,4.0,10.7,0.5,0.00,0.00,13.5,75,17.89,2.34
2008-04-09,13.3,2.4,12.0,-0.3,0.00,0.00,12.6,115,19.17,2.40
2008-04-10,21.6,7.1,20.5,5.7,0.50,0.00,11.8,301,24.02,4.01
2008-04-11,12.6,8.5,10.1,5.6,3.20,0.00,16.6,83,11.94,1.84
2008-04-12,21.9,11.3,21.8,10.1,3.60,0.00,17.8,243,16.55,3.11
2008-04-13,13.1,7.7,9.8,2.5,0.20,0.00,19.2,312,15.30,3.01
2008-04-14,12.1,2.6,8.0,-1.1,0.00,0.00,17.7,341,19.39,3.07
2008-04-15,13.6,2.5,11.6,-1.4,0.00,0.00,15.9,3,25.92,3.84
2008-04-16,16.2,3.5,15.6,0.8,0.00,0.00,13.5,129,26.18,3.98
2008-04-17,20.4,4.0,20.2,1.4,0.00,0.00,11.9,104,26.19,4.18
2008-04-18,25.1,7.2,25.9,5.0,0.00,0.00,11.2,159,25.69,4.52
2008-04-19,20.3,8.0,20.2,6.3,0.00,0.00,16.6,100,24.97,4.04
2008-04-20,16.5,10.1,13.9,7.7,0.00,0.00,21.0,89,15.25,2.33
2008-04-21,17.0,8.7,15.2,5.8,0.00,0.00,18.2,72,19.32,2.86
2008-04-22,19.0,7.8,19.4,5.4,0.00,0.00,12.5,87,25.06,3.71
2008-04-23,23.9,9.1,24.0,8.1,0.00,0.00,12.1,239,24.72,4.45
2008-04-24,23.9,13.3,23.0,11.6,0.00,0.00,14.4,336,26.81,5.16
2008-04-25,20.0,8.3,18.9,5.8,0.00,0.00,13.2,126,23.83,4.43
2008-04-26,14.3,9.3,11.2,6.6,0.00,0.00,20.6,109,18.39,2.99
2008-04-27,12.2,8.7,9.9,6.1,1.50,0.00,12.5,92,7.55,1.45
2008-04-28,15.1,8.7,15.0,5.8,30.60,0.00,18.6,115,2.32,0.55
2008-04-29,14.4,8.5,12.1,3.9,1.50,0.00,24.5,316,16.18,2.79
2008-04-30,12.6,3.9,8.1,0.2,0.00,0.00,20.3,308,21.89,3.48
2008-05-01,14.3,4.8,13.2,1.9,0.00,0.00,15.8,119,19.79,3.09
2008-05-02,16.3,8.3,15.1,6.3,2.40,0.00,14.7,63,13.54,2.10
2008-05-03,14.2,9.6,11.8,7.2,0.10,0.00,17.6,77,8.32,1.45
2008-05-04,19.8,10.3,20.2,8.3,3.10,0.00,15.3,18,14.82,2.46
2008-05-05,19.8,10.1,19.2,7.9,0.10,0.00,11.8,3,26.46,4.38
2008-05-06,23.2,8.7,22.0,7.4,0.00,0.00,12.1,295,26.65,4.77
2008-05-07,21.9,9.4,21.6,7.7,0.00,0.00,15.8,165,27.40,4.93
2008-05-08,21.4,15.4,21.6,14.1,6.20,0.00,17.9,240,8.71,2.22
2008-05-09,15.2,9.4,14.4,6.1,31.60,0.00,25.4,37,2.80,0.82
2008-05-10,17.0,8.4,15.4,6.1,0.10,0.00,15.5,344,18.03,3.11
2008-05-11,14.7,8.5,13.4,4.1,0.00,0.00,24.2,99,25.50,3.62
2008-05-12,10.5,7.3,6.4,1.6,10.10,0.00,31.9,48,4.44,1.46
2008-05-13,19.8,8.4,17.6,4.0,0.00,0.00,21.2,18,28.11,4.99
2008-05-14,20.7,6.7,22.1,4.4,0.00,0.00,15.3,176,27.89,4.63
2008-05-15,21.3,10.8,21.9,9.3,1.30,0.00,10.2,51,16.81,3.00
2008-05-16,14.3,10.4,14.6,7.0,18.40,0.00,22.5,44,4.41,0.79
2008-05-17,21.4,8.6,19.3,5.3,3.10,0.00,24.7,287,28.04,4.94
2008-05-18,17.9,11.3,18.1,10.1,3.70,0.00,14.4,235,17.22,2.84
2008-05-19,14.9,7.9,10.1,4.8,0.00,0.00,28.1,276,26.01,4.22
2008-05-20,12.6,6.5,10.4,3.3,8.30,0.00,13.7,239,8.38,1.51
2008-05-21,18.8,6.5,15.5,4.1,0.00,0.00,19.2,260,24.98,4.10
2008-05-22,15.8,7.5,13.7,5.1,1.20,0.00,22.1,283,23.16,3.52
2008-05-23,19.1,9.3,16.2,5.6,0.00,0.00,21.3,301,24.58,4.54
2008-05-24,19.9,10.0,17.3,7.3,0.00,0.00,17.3,323,23.09,4.43
2008-05-25,23.1,10.0,22.7,7.8,0.00,0.00,13.5,302,30.05,5.61
2008-05-26,24.8,12.0,24.9,10.0,0.00,0.00,18.8,206,29.19,5.64
2008-05-27,27.5,17.3,29.9,16.5,9.70,0.00,18.2,242,18.73,3.97
2008-05-28,19.0,11.6,17.5,7.2,0.00,0.00,21.7,355,30.13,5.39
2008-05-29,23.3,7.9,20.9,5.1,0.00,0.00,17.7,284,30.43,5.64
2008-05-30,25.3,10.6,26.0,9.0,0.00,0.00,15.4,200,29.88,5.87
2008-05-31,24.2,16.5,25.7,15.1,2.20,0.00,17.8,211,14.27,3.16
2008-06-01,26.7,18.1,24.8,17.4,0.00,0.00,21.3,274,24.36,5.34
2008-06-02,25.8,14.1,23.9,12.9,0.00,0.00,17.8,315,25.61,5.45
2008-06-03,27.7,13.4,26.9,12.4,0.00,0.00,17.1,212,23.87,5.60
2008-06-04,22.0,15.1,23.7,14.2,37.70,0.00,16.6,104,9.47,2.04
2008-06-05,23.3,16.5,24.3,16.6,22.80,0.00,12.8,47,17.22,3.28
2008-06-06,23.8,15.3,25.8,14.7,0.00,0.00,14.3,157,15.87,2.97
2008-06-07,32.7,16.9,37.7,18.3,0.00,0.00,11.9,225,26.59,5.62
2008-06-08,33.1,22.0,37.2,24.7,0.00,0.00,16.0,267,27.31,5.93
2008-06-09,34.5,23.2,38.1,26.3,0.00,0.00,13.7,266,27.92,6.33
2008-06-10,33.9,22.2,38.6,25.4,0.00,0.00,16.9,244,27.39,6.38
2008-06-11,29.1,20.9,30.6,22.4,1.10,0.00,13.2,315,29.36,6.26
2008-06-12,28.2,19.2,29.0,19.7,0.00,0.00,13.1,355,29.61,6.19
2008-06-13,26.5,17.1,29.0,18.0,0.00,0.00,15.0,130,29.38,5.83
2008-06-14,31.1,19.1,35.7,20.2,4.70,0.00,12.3,195,25.49,5.38
2008-06-15,27.3,20.0,29.8,21.5,2.00,0.00,13.6,19,19.60,4.02
2008-06-16,26.7,19.4,28.5,20.4,7.40,0.00,16.6,180,21.99,4.38
2008-06-17,24.6,17.5,25.9,16.8,0.00,0.00,16.5,279,21.75,4.70
2008-06-18,23.4,14.3,23.3,12.7,2.70,0.00,13.0,256,23.60,4.71
2008-06-19,22.8,13.6,22.4,13.1,0.00,0.00,10.2,267,20.84,4.10
2008-06-20,25.6,14.3,25.6,14.3,0.00,0.00,12.7,237,26.34,5.17
2008-06-21,27.5,15.9,29.4,17.1,0.00,0.00,13.2,189,25.82,5.23
2008-06-22,26.3,19.2,29.1,20.8,7.80,0.00,16.4,178,21.95,4.24
2008-06-23,25.6,19.8,28.2,22.6,10.40,0.00,9.7,181,15.00,2.98
2008-06-24,25.8,18.1,25.9,19.2,2.50,0.00,18.8,305,23.78,5.10
2008-06-25,27.6,15.5,27.4,15.5,0.00,0.00,14.2,281,24.95,5.44
2008-06-26,26.8,19.8,28.7,19.8,6.50,0.00,14.8,241,11.97,2.93
2008-06-27,30.4,19.7,35.1,21.3,1.60,0.00,11.9,238,20.99,4.57
2008-06-28,31.0,20.9,34.5,24.1,0.50,0.00,14.4,205,23.43,5.03
2008-06-29,28.9,22.6,31.9,25.8,7.00,0.00,13.0,197,16.89,3.74
2008-06-30,28.9,21.6,32.2,24.3,0.00,0.00,11.6,245,25.30,5.39
2008-07-01,29.1,19.2,31.4,21.2,1.40,0.00,10.5,231,26.36,5.40
2008-07-02,29.1,19.2,28.6,21.0,0.00,0.00,13.4,276,26.24,5.75
2008-07-03,32.0,19.3,31.6,18.8,0.00,0.00,20.8,230,26.52,6.68
2008-07-04,26.9,20.9,29.4,23.4,3.40,0.00,10.7,27,13.13,2.90
2008-07-05,24.7,19.6,27.6,22.3,12.30,0.00,7.8,134,16.23,3.16
2008-07-06,25.4,19.2,28.4,21.7,0.50,0.00,10.6,127,15.84,3.13
2008-07-07,26.9,20.2,30.5,23.1,1.00,0.00,10.4,162,14.56,3.03
2008-07-08,31.0,21.7,34.5,24.4,0.20,0.00,15.5,219,24.17,5.40
2008-07-09,30.1,22.2,33.0,24.8,3.50,0.00,19.9,228,21.74,4.74
2008-07-10,29.6,20.6,29.9,21.5,0.00,0.00,15.2,300,28.60,6.29
2008-07-11,29.2,17.5,31.7,18.4,0.00,0.00,12.0,139,25.67,5.45
2008-07-12,28.8,19.2,29.8,21.1,0.00,0.00,16.9,167,24.39,5.64
2008-07-13,28.4,20.2,29.5,22.1,0.00,0.00,19.9,169,26.91,5.82
2008-07-14,27.4,19.5,27.9,20.6,4.60,0.00,11.7,266,13.64,3.12
2008-07-15,30.3,18.4,33.4,19.9,0.00,0.00,11.2,241,27.43,5.73
2008-07-16,31.3,19.9,33.9,21.8,0.00,0.00,12.4,131,29.03,6.23
2008-07-17,33.2,20.0,36.5,22.0,1.20,0.00,9.5,220,25.01,5.57
2008-07-18,34.3,21.3,37.8,24.1,0.00,0.00,9.8,255,26.41,6.18
2008-07-19,34.4,24.4,35.8,26.4,1.10,0.00,15.5,237,21.90,6.08
2008-07-20,33.4,24.2,35.9,27.5,0.00,0.00,20.8,213,23.26,6.30
2008-07-21,32.4,24.6,34.4,27.7,0.00,0.00,13.5,281,23.22,5.55
2008-07-22,30.8,22.0,34.2,24.1,6.50,0.00,13.8,67,20.34,4.44
2008-07-23,27.1,21.8,31.2,25.6,13.30,0.00,17.1,110,9.91,2.04
2008-07-24,26.9,20.4,27.9,21.6,21.90,0.00,16.6,214,11.30,2.47
2008-07-25,28.7,17.0,29.4,17.7,0.00,0.00,11.5,271,24.79,5.23
2008-07-26,28.9,19.1,29.9,20.5,0.00,0.00,16.6,205,22.69,5.34
2008-07-27,27.2,21.0,30.6,21.8,4.10,0.00,15.2,189,16.32,3.60
2008-07-28,29.0,18.8,30.9,21.2,0.00,0.00,10.1,269,23.41,4.89
2008-07-29,30.7,19.6,31.7,20.5,0.00,0.00,15.8,282,23.20,5.50
2008-07-30,29.5,19.6,32.1,21.8,1.20,0.00,10.5,154,19.24,4.29
2008-07-31,31.4,21.9,33.5,25.6,3.50,0.00,15.9,269,23.04,5.31
2008-08-01,30.6,20.3,32.0,22.7,0.00,0.00,10.6,308,22.46,5.05
2008-08-02,27.0,21.3,29.7,23.5,4.60,0.00,10.1,226,15.35,3.28
2008-08-03,27.9,18.4,27.4,19.0,0.00,0.00,17.8,317,21.61,5.06
2008-08-04,28.4,18.7,28.0,19.4,0.00,0.00,15.8,306,21.21,5.07
2008-08-05,29.3,18.2,32.1,19.6,0.00,0.00,14.3,134,21.43,4.64
2008-08-06,30.5,21.9,31.8,23.3,6.30,0.00,16.3,289,20.57,4.95
2008-08-07,28.8,19.1,29.7,20.5,0.20,0.00,10.4,276,21.14,4.76
2008-08-08,25.9,17.7,25.9,18.9,8.00,0.00,14.7,307,19.63,4.39
2008-08-09,26.1,16.9,27.2,16.3,0.00,0.00,13.3,292,21.52,4.56
2008-08-10,27.9,17.2,28.0,18.4,18.40,0.00,15.7,178,21.44,4.46
2008-08-11,22.4,17.5,24.0,17.5,7.40,0.00,14.5,342,16.45,2.98
2008-08-12,26.0,15.5,25.0,15.2,0.10,0.00,14.3,307,20.30,4.24
2008-08-13,26.2,15.9,27.3,16.2,0.00,0.00,13.2,192,21.39,4.28
2008-08-14,27.9,18.4,31.1,20.4,5.30,0.00,8.4,233,21.86,4.20
2008-08-15,25.7,17.9,29.3,20.0,16.10,0.00,8.9,152,19.47,3.60
2008-08-16,26.7,17.2,27.3,18.7,0.30,0.00,15.0,309,21.77,4.44
2008-08-17,28.2,16.4,28.8,16.4,0.00,0.00,11.5,278,21.80,4.76
2008-08-18,30.2,18.5,30.6,18.9,0.00,0.00,13.0,233,20.61,4.97
2008-08-19,27.9,19.1,28.7,17.6,0.50,0.00,16.8,299,20.85,5.13
2008-08-20,24.9,14.4,24.5,13.1,0.00,0.00,14.4,3,25.66,4.92
2008-08-21,25.9,14.7,27.4,15.1,0.00,0.00,10.6,120,24.65,4.73
2008-08-22,26.1,16.8,27.2,17.8,0.00,0.00,13.5,147,24.50,4.74
2008-08-23,25.7,17.6,26.5,18.8,0.00,0.00,11.0,126,19.00,3.81
2008-08-24,26.5,18.0,27.6,19.7,0.00,0.00,14.1,178,16.30,3.49
2008-08-25,28.8,20.8,30.9,20.0,1.20,0.00,15.8,276,14.97,3.78
2008-08-26,26.5,16.1,25.1,14.6,0.00,0.00,15.0,1,24.76,5.40
2008-08-27,24.3,15.4,24.4,13.6,0.00,0.00,12.8,71,23.25,4.78
2008-08-28,26.5,16.6,25.8,17.2,0.00,0.00,12.5,119,22.63,4.66
2008-08-29,25.1,16.9,25.4,18.0,6.10,0.00,11.4,133,16.14,3.33
2008-08-30,28.4,19.0,31.0,21.1,6.10,0.00,10.1,356,9.49,2.13
2008-08-31,28.7,17.8,28.7,17.0,0.00,0.00,13.7,337,23.71,5.33
2008-09-01,29.2,16.4,28.3,15.5,0.00,0.00,11.5,349,23.35,5.18
2008-09-02,30.1,17.6,30.3,17.3,0.00,0.00,11.6,1,21.39,4.88
2008-09-03,28.3,19.2,29.9,21.3,1.10,0.00,12.0,159,17.71,3.85
2008-09-04,32.0,19.2,34.4,21.3,0.00,0.00,14.2,184,21.41,4.87
2008-09-05,29.3,21.4,31.3,23.2,0.40,0.00,20.4,166,21.90,4.88
2008-09-06,27.4,21.8,30.9,23.0,57.30,0.00,32.9,102,7.42,1.62
2008-09-07,26.3,19.3,26.8,19.0,1.00,0.00,34.0,295,22.00,4.62
2008-09-08,26.5,16.7,27.4,17.2,0.00,0.00,11.6,254,21.09,4.40
2008-09-09,23.3,19.6,26.0,20.2,2.20,0.00,15.5,220,6.47,1.64
2008-09-10,21.6,16.3,21.6,15.7,0.00,0.00,12.8,8,18.68,3.56
2008-09-11,21.1,15.5,20.5,15.1,0.00,0.00,12.1,113,13.83,2.88
2008-09-12,20.5,17.8,21.0,17.1,15.90,0.00,15.5,179,4.04,1.47
2008-09-13,25.4,18.7,28.6,21.4,0.70,0.00,10.7,174,10.72,2.17
2008-09-14,30.1,20.9,34.5,23.5,1.60,0.00,20.0,185,14.24,3.19
2008-09-15,26.9,20.0,26.9,19.0,0.00,0.00,23.4,272,17.99,4.92
2008-09-16,20.9,15.5,21.4,15.2,0.00,0.00,15.1,359,9.98,2.29
2008-09-17,22.2,14.4,22.9,13.8,0.00,0.00,11.2,356,19.30,3.34
2008-09-18,22.4,13.7,21.6,12.5,0.00,0.00,17.9,4,18.64,3.85
2008-09-19,17.5,12.2,15.2,9.9,0.00,0.00,15.7,59,15.22,2.98
2008-09-20,19.3,12.2,19.2,11.0,0.00,0.00,9.8,74,17.78,3.02
2008-09-21,25.5,10.6,27.0,9.6,0.00,0.00,9.7,240,19.88,3.56
2008-09-22,22.2,15.3,21.8,14.3,0.00,0.00,15.7,30,13.33,2.71
2008-09-23,20.5,13.1,19.2,11.6,0.00,0.00,14.0,47,19.58,3.40
2008-09-24,20.4,11.2,19.2,10.4,0.00,0.00,13.4,67,18.78,3.23
2008-09-25,18.7,13.0,15.6,10.8,0.10,0.00,24.2,56,10.34,2.67
2008-09-26,18.0,14.7,18.7,12.0,46.20,0.00,26.7,44,1.87,0.55
2008-09-27,19.9,16.4,22.3,16.7,22.20,0.00,14.1,47,1.57,0.40
2008-09-28,22.8,18.5,25.9,20.7,8.20,0.00,6.6,1,7.29,1.38
2008-09-29,22.5,17.0,22.1,17.1,0.80,0.00,16.6,343,12.45,2.43
2008-09-30,21.2,13.7,21.5,13.8,0.00,0.00,10.3,82,13.86,2.52
2008-10-01,21.0,15.3,21.6,15.3,0.60,0.00,11.2,249,12.59,2.30
2008-10-02,17.0,11.7,14.5,8.8,0.00,0.00,23.6,270,13.50,2.89
2008-10-03,18.8,10.3,14.9,6.9,0.00,0.00,26.4,249,14.17,2.98
2008-10-04,16.8,8.0,14.6,6.0,0.20,0.00,10.0,277,14.78,2.47
2008-10-05,17.1,12.2,16.9,11.7,3.80,0.00,10.2,31,7.76,1.33
2008-10-06,16.5,9.5,13.8,7.4,0.00,0.00,15.1,4,11.43,2.24
2008-10-07,16.9,6.3,14.7,3.3,0.00,0.00,11.9,319,17.34,2.70
2008-10-08,17.9,6.8,15.5,4.8,0.00,0.00,13.6,208,14.19,2.49
2008-10-09,23.2,13.8,22.8,12.0,3.50,0.00,16.7,239,11.86,2.40
2008-10-10,21.8,11.5,20.0,10.2,0.00,0.00,13.7,308,16.89,2.99
2008-10-11,19.6,10.3,19.2,8.0,0.00,0.00,12.6,28,16.18,2.77
2008-10-12,20.0,9.7,19.6,8.3,0.00,0.00,10.1,120,15.82,2.55
2008-10-13,23.8,12.1,23.4,11.2,0.00,0.00,10.2,290,12.15,2.40
2008-10-14,21.2,12.7,20.7,12.6,0.00,0.00,12.6,160,12.11,2.18
2008-10-15,21.0,14.0,19.9,13.2,0.00,0.00,12.2,323,15.57,2.71
2008-10-16,25.4,14.2,26.2,12.4,0.90,0.00,18.7,262,10.00,2.36
2008-10-17,15.5,10.2,12.7,7.2,0.00,0.00,15.9,356,14.80,2.75
2008-10-18,13.1,7.5,8.9,3.2,0.00,0.00,18.8,22,12.95,2.69
2008-10-19,12.3,6.2,7.8,1.5,0.00,0.00,21.4,16,15.20,2.73
2008-10-20,15.9,3.8,12.6,0.3,0.00,0.00,11.8,323,15.21,2.50
2008-10-21,16.1,5.3,12.4,2.1,0.00,0.00,23.7,268,11.59,2.66
2008-10-22,11.1,6.1,5.6,1.5,0.00,0.00,26.3,334,10.59,2.40
2008-10-23,11.4,3.5,8.2,-0.4,0.00,0.00,14.8,11,14.63,2.05
2008-10-24,12.8,2.8,9.9,-0.1,0.00,0.00,11.6,181,12.10,1.72
2008-10-25,18.2,10.0,17.1,8.2,21.30,0.00,34.7,148,5.16,1.28
2008-10-26,16.5,8.1,16.0,5.8,3.90,0.00,15.8,269,13.97,2.30
2008-10-27,16.1,7.6,13.8,5.2,0.00,0.00,18.7,323,11.93,2.24
2008-10-28,9.0,3.7,5.0,-2.1,50.50,0.00,32.6,317,1.01,0.48
2008-10-29,8.2,3.1,2.1,-1.6,0.50,0.00,25.7,272,11.00,2.18
2008-10-30,9.0,1.6,4.7,-2.9,0.00,0.00,20.5,299,12.31,1.84
2008-10-31,15.2,1.0,11.6,-2.5,0.00,0.00,16.0,248,12.93,2.24
2008-11-01,18.1,6.9,16.9,4.2,0.00,0.00,15.7,298,10.70,2.00
2008-11-02,9.1,4.2,6.8,-0.3,0.00,0.00,15.8,37,12.50,1.83
2008-11-03,15.0,4.8,13.3,1.8,0.00,0.00,10.3,130,7.36,1.22
2008-11-04,15.9,8.3,15.6,7.3,0.00,0.00,7.3,71,6.31,1.00
2008-11-05,15.9,10.8,15.0,9.5,3.80,0.00,26.1,33,4.05,0.84
2008-11-06,15.4,13.6,13.8,10.2,1.30,0.00,28.2,34,2.19,0.70
2008-11-07,16.8,13.6,17.6,12.8,0.00,0.00,11.2,14,3.15,0.68
2008-11-08,16.3,12.4,16.2,12.1,6.60,0.00,15.5,179,4.15,0.68
2008-11-09,13.1,6.2,11.3,3.5,0.20,0.00,18.7,266,9.86,1.98
2008-11-10,9.7,4.2,4.7,-0.3,0.00,0.00,19.5,267,9.71,2.02
2008-11-11,9.7,1.8,5.4,-2.4,0.00,0.00,14.4,287,11.01,1.68
2008-11-12,9.4,2.3,6.6,-0.5,0.00,0.00,7.5,253,9.80,1.24
2008-11-13,13.5,5.2,12.5,2.6,8.00,0.00,14.3,122,3.41,0.66
2008-11-14,16.5,12.3,16.6,12.4,0.70,0.00,11.3,182,3.22,0.62
2008-11-15,18.0,12.9,17.6,12.7,24.30,0.00,27.0,174,1.46,0.39
2008-11-16,15.7,5.5,15.8,0.1,1.90,0.00,28.8,265,8.68,2.09
2008-11-17,7.6,2.0,2.8,-2.5,0.00,0.00,19.4,256,9.05,1.66
2008-11-18,4.7,-0.6,-1.2,-7.1,0.00,0.00,22.7,347,9.62,1.63
2008-11-19,1.8,-3.3,-3.8,-9.6,0.00,0.00,22.1,332,10.99,1.70
2008-11-20,3.3,-3.7,-1.4,-7.8,0.00,0.00,14.8,282,7.08,1.04
2008-11-21,2.5,-4.0,-2.5,-8.3,0.00,0.00,19.5,326,8.04,1.20
2008-11-22,-0.1,-4.7,-7.4,-11.6,0.10,0.14,30.0,302,9.20,1.70
2008-11-23,2.4,-4.3,-2.5,-9.8,0.00,0.00,15.3,276,10.25,1.30
2008-11-24,8.4,-3.2,4.8,-7.1,0.20,0.00,13.8,172,8.05,1.22
2008-11-25,6.9,0.3,4.6,-3.8,14.90,0.00,15.9,234,2.63,0.46
2008-11-26,7.4,-0.3,2.6,-4.5,0.00,0.00,18.9,238,6.79,1.09
2008-11-27,6.3,-2.0,2.0,-6.0,0.00,0.00,15.5,253,8.86,1.08
2008-11-28,8.1,-1.3,3.1,-5.2,0.00,0.00,21.5,246,9.17,1.24
2008-11-29,6.7,-2.6,2.8,-6.5,0.00,0.00,14.0,284,9.03,1.09
2008-11-30,7.8,-1.7,5.0,-5.4,10.20,0.00,23.4,56,1.02,0.34
2008-12-01,12.3,5.8,10.4,1.3,5.80,0.00,21.3,209,4.96,0.95
2008-12-02,7.4,0.0,2.6,-4.1,0.00,0.00,17.1,248,8.09,1.42
2008-12-03,5.2,-3.2,0.9,-7.1,0.00,0.00,12.1,241,9.35,1.10
2008-12-04,9.6,0.1,6.7,-4.2,0.90,0.00,14.7,226,5.11,0.92
2008-12-05,4.4,-1.7,1.3,-5.7,0.00,0.00,12.3,299,7.89,1.00
2008-12-06,1.8,-3.8,-2.9,-7.6,0.40,0.28,9.6,231,7.55,0.86
2008-12-07,2.3,-5.1,-3.5,-12.7,0.80,0.63,29.9,287,7.83,1.25
2008-12-08,-1.6,-6.9,-6.2,-13.9,0.00,0.00,27.0,296,9.25,1.24
2008-12-09,10.1,-4.9,6.4,-9.0,0.10,0.00,22.3,193,3.75,0.86
2008-12-10,14.7,5.4,14.3,2.3,14.80,0.00,25.0,214,1.53,0.50
2008-12-11,4.6,2.7,1.4,-1.7,28.80,0.00,23.1,26,0.48,0.18
2008-12-12,9.2,-0.2,7.6,-4.8,32.10,0.00,25.0,318,5.73,0.95
2008-12-13,0.5,-2.5,-4.4,-8.6,0.00,0.00,19.1,313,9.22,1.08
2008-12-14,5.9,-4.0,1.4,-8.0,0.00,0.00,16.6,197,8.24,0.99
2008-12-15,16.2,3.3,12.9,-0.3,0.30,0.00,22.4,211,5.81,1.45
2008-12-16,12.8,0.9,11.0,-3.3,7.00,1.54,18.4,335,1.45,0.53
2008-12-17,6.1,0.8,4.2,-3.4,5.10,0.98,13.7,332,1.88,0.32
2008-12-18,5.3,-2.3,2.2,-6.0,0.00,0.00,10.0,286,7.89,0.81
2008-12-19,1.3,-1.1,-3.1,-5.3,17.60,10.29,20.8,43,1.32,0.32
2008-12-20,-0.1,-5.6,-4.8,-11.0,1.90,1.54,19.0,18,2.66,0.41
2008-12-21,5.5,-3.9,2.2,-10.1,9.30,0.77,25.4,336,1.85,0.55
2008-12-22,-4.5,-12.6,-11.7,-20.1,0.00,0.00,30.1,275,9.27,0.91
2008-12-23,-3.0,-11.4,-7.4,-16.4,0.00,0.00,17.3,246,9.04,0.75
2008-12-24,10.9,-2.3,6.5,-6.9,10.00,0.00,30.1,213,1.88,0.50
2008-12-25,11.6,-2.0,7.6,-6.2,2.20,0.00,32.4,281,9.00,1.38
2008-12-26,4.3,-3.9,1.2,-7.7,0.20,0.00,10.2,48,5.39,0.64
2008-12-27,9.5,2.4,7.5,-0.5,0.40,0.00,11.5,210,3.74,0.56
2008-12-28,17.5,6.6,15.0,1.9,0.10,0.00,25.5,234,3.10,1.13
2008-12-29,6.7,0.3,2.4,-3.8,0.00,0.00,15.3,280,9.05,1.42
2008-12-30,5.2,-0.9,-0.8,-4.9,0.00,0.00,28.5,289,9.09,1.88
2008-12-31,3.9,-7.4,-0.5,-16.1,2.10,0.98,34.1,350,3.86,0.99
2009-01-01,-2.9,-10.0,-8.9,-17.1,0.00,0.00,31.3,310,9.54,1.23
2009-01-02,0.4,-6.5,-4.2,-10.9,1.20,0.84,16.0,213,2.87,0.67
2009-01-03,3.3,-2.6,-3.1,-8.3,0.00,0.00,24.6,290,9.50,1.48
2009-01-04,5.1,-4.2,0.9,-9.5,0.00,0.00,16.6,288,9.23,1.32
2009-01-05,6.5,-0.3,3.1,-4.0,0.00,0.00,11.4,274,5.72,0.93
2009-01-06,1.2,-2.7,-3.1,-6.7,2.30,1.12,11.4,42,4.00,0.73
2009-01-07,4.3,-0.4,2.5,-4.6,32.20,0.00,19.7,52,0.80,0.19
2009-01-08,3.3,-1.4,-2.3,-7.0,0.00,0.00,28.8,254,8.61,1.48
2009-01-09,1.0,-4.1,-5.5,-9.2,0.00,0.00,23.2,298,9.15,1.46
2009-01-10,-1.6,-5.1,-5.2,-9.4,6.40,4.55,15.7,41,3.60,0.53
2009-01-11,0.6,-8.0,-4.3,-12.6,2.80,0.42,18.4,345,7.97,0.64
2009-01-12,-0.5,-10.9,-5.4,-15.7,0.00,0.00,14.8,306,10.24,0.82
2009-01-13,3.6,-6.0,-0.3,-10.8,0.00,0.00,16.2,183,5.98,0.74
2009-01-14,-0.7,-9.1,-4.4,-15.7,0.00,0.00,24.7,305,10.45,0.96
2009-01-15,-5.9,-12.0,-11.4,-16.9,0.90,0.77,16.0,0,7.01,0.70
2009-01-16,-9.0,-16.5,-14.0,-22.0,0.00,0.00,16.6,283,10.82,0.72
2009-01-17,-7.4,-18.5,-12.2,-23.5,0.00,0.00,11.7,242,10.38,0.72
2009-01-18,0.8,-7.4,-3.1,-12.0,3.40,2.59,9.3,110,4.35,0.49
2009-01-19,0.3,-5.5,-2.5,-9.5,1.50,1.26,8.0,294,5.94,0.52
2009-01-20,-2.8,-12.3,-7.4,-17.3,0.00,0.00,15.2,330,11.12,0.76
2009-01-21,-3.8,-13.8,-9.0,-18.9,0.00,0.00,16.8,292,11.48,0.79
2009-01-22,1.8,-10.5,-3.4,-15.7,0.00,0.00,18.8,251,11.07,1.00
2009-01-23,5.1,-6.4,1.3,-11.2,0.00,0.00,14.8,204,10.69,1.14
2009-01-24,3.3,-8.9,-1.1,-14.8,0.00,0.00,22.9,305,8.74,1.21
2009-01-25,-2.2,-11.9,-7.6,-17.0,0.00,0.00,13.5,285,11.56,1.15
2009-01-26,-1.5,-8.9,-6.1,-13.6,0.00,0.00,8.7,288,9.77,1.00
2009-01-27,-1.3,-5.2,-5.1,-9.4,0.00,0.07,8.9,321,7.21,0.83
2009-01-28,5.1,-3.3,2.5,-7.5,25.00,7.70,28.6,125,1.30,0.32
2009-01-29,0.6,-5.7,-4.2,-10.8,0.00,0.00,22.1,276,12.33,1.17
2009-01-30,2.4,-5.3,-2.8,-9.9,0.00,0.00,16.5,242,8.58,1.03
2009-01-31,-3.0,-8.1,-9.1,-13.8,0.00,0.00,25.3,287,12.42,1.18
2009-02-01,8.9,-6.8,4.5,-11.7,0.00,0.00,18.0,224,12.12,1.62
2009-02-02,10.2,-2.1,7.9,-5.5,0.00,0.00,17.1,321,11.91,1.49
2009-02-03,1.0,-3.4,-3.7,-7.8,5.50,4.06,20.2,5,3.50,0.67
2009-02-04,-2.8,-11.1,-8.0,-16.2,0.10,0.21,16.9,334,13.78,1.07
2009-02-05,-6.4,-13.2,-13.0,-18.8,0.00,0.00,22.0,309,13.85,0.90
2009-02-06,-0.8,-13.7,-5.5,-18.6,0.00,0.00,11.4,239,12.27,1.02
2009-02-07,7.5,-6.0,3.4,-10.9,0.00,0.00,15.1,211,12.13,1.48
2009-02-08,12.1,0.2,8.2,-4.3,0.00,0.00,22.0,276,11.84,1.82
2009-02-09,7.5,-4.1,3.7,-8.1,0.00,0.00,13.4,282,13.76,1.60
2009-02-10,8.6,-1.8,6.7,-5.4,0.00,0.00,9.2,134,5.71,0.76
2009-02-11,15.8,2.2,14.8,-0.6,0.00,0.00,12.3,204,12.48,1.68
2009-02-12,11.5,3.8,8.8,-2.7,2.10,0.00,38.3,260,9.51,2.06
2009-02-13,5.6,-1.4,-0.7,-6.6,0.00,0.00,26.1,302,14.00,2.29
2009-02-14,5.5,-3.2,1.1,-8.3,0.00,0.00,12.4,293,13.21,1.85
2009-02-15,5.2,-2.9,0.3,-7.9,0.00,0.00,17.5,323,15.21,1.99
2009-02-16,4.3,-4.3,-0.6,-8.8,0.00,0.00,15.0,345,13.60,1.68
2009-02-17,4.0,-4.1,0.2,-8.8,0.00,0.00,15.3,335,15.48,1.72
2009-02-18,5.3,-4.6,1.5,-8.5,9.50,0.28,24.7,161,8.12,0.93
2009-02-19,8.3,-2.7,4.5,-10.1,0.40,0.00,26.1,263,9.98,1.59
2009-02-20,1.0,-4.9,-6.1,-12.2,0.00,0.00,33.4,277,14.07,2.10
2009-02-21,4.6,-3.7,0.1,-9.5,0.00,0.00,18.9,263,16.37,2.03
2009-02-22,6.7,-1.8,4.8,-6.8,3.10,0.00,21.7,250,5.91,1.01
2009-02-23,1.3,-5.3,-6.1,-12.1,0.00,0.00,29.7,298,16.41,2.11
2009-02-24,2.5,-7.1,-3.3,-13.4,0.00,0.00,21.8,309,16.88,1.91
2009-02-25,4.1,-5.4,0.6,-9.7,0.00,0.00,10.5,175,16.78,1.80
2009-02-26,8.6,-2.8,5.6,-6.6,0.00,0.00,9.4,185,12.52,1.57
2009-02-27,15.2,1.4,10.7,-1.8,3.70,0.00,26.0,187,11.72,1.90
2009-02-28,10.0,-0.5,8.3,-5.7,0.60,0.00,20.8,343,15.34,2.02
2009-03-01,2.1,-0.9,-2.2,-6.2,1.60,1.33,17.3,33,5.21,1.22
2009-03-02,-0.9,-8.8,-6.1,-15.0,17.50,12.32,28.5,350,5.48,0.74
2009-03-03,-4.9,-13.4,-10.4,-18.7,0.00,0.00,18.6,312,19.38,1.16
2009-03-04,-1.1,-15.7,-5.3,-21.5,0.00,0.00,13.8,289,19.45,1.40
2009-03-05,2.7,-8.3,-1.0,-13.2,0.00,0.00,14.1,192,19.14,1.71
2009-03-06,8.0,-2.2,4.9,-6.2,0.40,0.00,13.8,206,10.45,1.36
2009-03-07,18.8,4.1,17.9,1.1,0.00,0.00,13.9,241,15.36,2.28
2009-03-08,16.5,8.8,15.1,6.4,3.10,0.00,19.0,286,7.30,1.45
2009-03-09,8.0,3.5,6.2,0.7,8.80,0.00,14.4,55,4.87,0.73
2009-03-10,6.8,1.0,3.4,-1.8,0.00,0.00,13.4,122,13.60,1.59
2009-03-11,15.3,4.2,14.8,0.6,1.20,0.00,18.3,212,5.03,1.24
2009-03-12,5.7,-0.9,0.5,-6.4,0.00,0.00,20.7,326,19.57,2.81
2009-03-13,2.8,-2.4,0.3,-7.5,0.00,0.00,12.0,70,18.67,2.19
2009-03-14,8.8,-1.9,5.3,-5.3,0.00,0.00,11.9,199,15.06,1.92
2009-03-15,9.8,3.2,6.8,-0.0,0.00,0.00,9.1,193,8.92,1.32
2009-03-16,8.8,0.9,5.2,-2.1,0.00,0.00,14.2,74,13.96,1.72
2009-03-17,10.1,0.5,8.3,-3.0,0.00,0.00,11.5,85,19.55,2.29
2009-03-18,15.8,-0.2,12.6,-3.8,0.00,0.00,19.3,206,19.69,2.73
2009-03-19,7.9,3.9,4.9,1.2,2.30,0.00,15.7,321,5.27,0.82
2009-03-20,6.4,0.4,1.5,-4.4,0.50,0.00,15.8,1,11.31,1.78
2009-03-21,7.3,-3.0,5.1,-7.8,0.00,0.00,13.0,34,22.06,2.81
2009-03-22,12.0,-1.0,8.0,-5.5,0.00,0.00,20.1,287,17.72,2.81
2009-03-23,5.8,-4.0,-0.0,-8.4,0.00,0.00,27.3,335,22.09,3.01
2009-03-24,8.1,-2.9,2.8,-8.7,0.00,0.00,20.1,348,22.70,3.10
2009-03-25,9.5,-3.0,7.2,-6.6,0.00,0.00,12.9,117,22.02,2.81
2009-03-26,7.0,0.7,5.0,-2.7,4.30,0.00,10.9,169,3.64,0.79
2009-03-27,16.2,3.2,15.1,0.1,0.20,0.00,10.0,296,18.96,2.71
2009-03-28,13.2,6.0,10.5,3.5,1.40,0.00,15.9,97,15.94,2.10
2009-03-29,12.9,6.3,12.5,3.2,16.20,0.00,15.0,69,3.54,0.60
2009-03-30,11.8,4.8,7.8,-0.3,0.00,0.00,31.6,294,18.80,3.03
2009-03-31,13.6,1.7,13.3,-2.5,0.00,0.00,17.6,312,23.27,3.38
2009-04-01,9.3,3.8,6.5,1.0,1.80,0.00,20.0,121,8.21,1.19
2009-04-02,16.0,6.6,14.9,4.7,0.50,0.00,10.2,76,14.23,2.01
2009-04-03,15.9,8.5,16.3,6.1,13.60,0.00,26.1,123,3.39,0.66
2009-04-04,12.7,7.5,6.3,1.6,0.00,0.00,35.0,274,16.02,3.47
2009-04-05,17.2,4.6,14.5,-0.4,0.00,0.00,24.0,290,23.74,3.82
2009-04-06,12.5,5.2,12.5,2.1,8.60,0.00,16.3,86,5.43,0.92
2009-04-07,8.7,4.1,5.6,-0.9,0.30,0.00,22.7,268,16.94,2.73
2009-04-08,9.2,1.0,4.9,-3.8,0.40,0.00,23.5,250,15.79,2.39
2009-04-09,14.7,0.1,10.9,-3.4,0.00,0.00,16.6,238,20.87,3.26
2009-04-10,13.6,3.8,11.3,0.6,0.90,0.00,14.5,69,13.61,2.18
2009-04-11,8.4,6.1,6.3,0.4,11.70,0.00,24.1,13,4.00,0.71
2009-04-12,8.5,1.4,2.5,-3.6,0.00,0.00,29.2,323,23.21,3.49
2009-04-13,12.6,-0.4,9.0,-5.3,0.00,0.00,16.1,289,24.86,3.52
2009-04-14,7.4,5.2,4.3,1.8,3.30,0.00,16.1,64,3.14,0.83
2009-04-15,12.1,5.4,7.6,1.3,0.00,0.00,22.5,57,14.34,2.42
2009-04-16,14.7,2.1,13.4,-1.3,0.00,0.00,15.1,53,25.83,3.68
2009-04-17,19.3,1.4,16.7,-1.8,0.00,0.00,13.0,264,26.08,4.21
2009-04-18,23.9,7.4,21.5,3.6,0.00,0.00,16.3,282,25.44,4.90
2009-04-19,14.4,7.7,11.7,4.7,0.00,0.00,15.4,69,16.65,2.84
2009-04-20,9.3,6.5,5.8,1.5,13.30,0.00,27.0,82,6.64,1.20
2009-04-21,15.2,9.3,15.4,6.5,2.70,0.00,17.5,87,7.31,1.20
2009-04-22,12.9,5.7,10.5,3.7,3.20,0.00,17.0,228,11.18,1.67
2009-04-23,14.0,4.9,9.0,0.7,0.20,0.00,23.8,284,21.95,3.44
2009-04-24,19.7,2.5,18.8,-0.6,0.00,0.00,13.9,228,26.94,4.39
2009-04-25,28.2,9.2,29.8,7.5,0.00,0.00,15.5,215,25.65,5.11
2009-04-26,29.6,15.3,32.2,14.7,0.00,0.00,13.7,248,25.90,5.43
2009-04-27,25.8,13.3,28.6,12.4,0.00,0.00,14.8,129,25.86,4.78
2009-04-28,30.0,19.0,29.6,16.9,0.00,0.00,18.8,241,26.50,6.74
2009-04-29,18.8,9.1,16.9,6.2,1.10,0.00,19.5,51,22.20,4.18
2009-04-30,14.1,6.7,11.0,4.7,0.00,0.00,16.1,141,17.35,2.70
2009-05-01,20.8,11.7,21.1,9.8,10.80,0.00,25.2,221,6.92,1.34
2009-05-02,18.6,13.2,18.5,12.2,3.10,0.00,16.4,268,16.36,2.88
2009-05-03,14.0,10.8,13.7,10.3,10.40,0.00,9.7,159,3.98,0.74
2009-05-04,13.5,9.9,12.4,8.9,12.90,0.00,13.4,64,5.84,1.03
2009-05-05,12.5,10.4,11.2,8.3,3.90,0.00,16.4,53,4.17,0.90
2009-05-06,16.3,9.8,15.8,8.3,8.10,0.00,11.6,105,11.16,1.89
2009-05-07,21.9,11.2,22.7,9.8,15.80,0.00,18.4,210,11.02,1.91
2009-05-08,21.7,12.3,22.0,11.6,0.00,0.00,11.7,205,20.46,3.58
2009-05-09,24.3,14.3,25.7,14.2,6.20,0.00,19.4,203,15.61,3.33
2009-05-10,19.6,12.6,16.5,8.4,0.00,0.00,27.4,300,24.16,5.20
2009-05-11,17.6,8.2,15.6,5.7,0.00,0.00,17.3,290,23.72,3.96
2009-05-12,18.4,8.9,16.3,5.8,0.00,0.00,13.7,340,26.37,4.50
2009-05-13,18.4,7.3,17.7,5.7,0.00,0.00,17.9,130,27.76,4.37
2009-05-14,20.4,11.1,17.0,9.1,5.50,0.00,30.2,174,14.98,3.08
2009-05-15,22.7,13.8,24.7,14.6,1.20,0.00,10.5,130,22.67,3.90
2009-05-16,21.2,13.6,21.6,14.1,0.60,0.00,18.0,150,11.17,1.91
2009-05-17,18.7,9.9,19.9,6.1,6.40,0.00,25.6,319,11.50,2.56
2009-05-18,13.5,9.1,9.7,4.6,0.00,0.00,16.9,347,13.84,3.17
2009-05-19,18.6,5.3,18.4,3.0,0.00,0.00,13.4,226,30.03,4.81
2009-05-20,25.8,9.2,26.5,7.0,0.00,0.00,14.6,222,29.10,5.68
2009-05-21,27.3,12.5,26.3,10.3,0.00,0.00,15.0,225,29.59,6.42
2009-05-22,28.8,13.2,29.9,11.7,0.00,0.00,14.0,229,26.00,5.48
2009-05-23,22.1,15.3,23.5,15.4,0.00,0.00,17.1,79,24.82,4.35
2009-05-24,28.2,14.9,30.6,15.3,5.30,0.00,15.3,211,23.61,4.60
2009-05-25,25.9,16.0,28.2,16.4,0.00,0.00,10.2,4,27.28,5.11
2009-05-26,16.2,10.9,15.1,8.9,3.90,0.00,20.3,81,17.69,3.64
2009-05-27,19.6,11.4,20.3,9.2,1.20,0.00,13.3,93,10.72,2.14
2009-05-28,17.4,13.7,17.6,12.6,0.10,0.00,15.0,90,6.25,1.27
2009-05-29,22.1,13.3,23.7,12.4,2.40,0.00,11.8,148,9.63,1.91
2009-05-30,24.4,15.4,23.9,14.9,0.00,0.00,15.5,287,26.37,5.26
2009-05-31,26.3,11.6,26.2,10.5,0.00,0.00,23.1,264,25.81,6.04
2009-06-01,22.0,8.7,20.0,6.0,0.00,0.00,19.6,257,29.42,5.74
2009-06-02,26.6,15.3,28.0,14.5,1.10,0.00,13.7,251,19.14,3.99
2009-06-03,22.4,14.9,24.2,15.0,9.00,0.00,10.8,359,12.86,2.60
2009-06-04,20.4,13.8,20.9,13.4,9.40,0.00,9.4,47,17.22,3.14
2009-06-05,15.1,13.8,15.5,12.5,13.10,0.00,18.8,57,3.65,0.74
2009-06-06,23.5,12.1,23.9,12.0,0.10,0.00,13.0,283,21.03,3.83
2009-06-07,26.0,14.5,28.7,14.5,0.00,0.00,13.1,207,26.66,5.20
2009-06-08,23.9,17.3,26.1,18.0,0.80,0.00,11.2,108,21.66,4.07
2009-06-09,24.0,15.8,26.3,16.4,10.40,0.00,12.1,118,8.94,1.81
2009-06-10,21.4,16.4,23.3,16.9,0.20,0.00,10.9,86,9.80,1.89
2009-06-11,18.9,16.0,19.4,16.4,7.70,0.00,13.7,90,5.95,1.17
2009-06-12,25.8,17.4,29.1,18.1,11.30,0.00,13.0,202,17.15,3.33
2009-06-13,22.7,16.8,24.1,18.2,2.70,0.00,13.6,71,17.50,3.17
2009-06-14,22.5,15.7,24.6,16.8,1.90,0.00,11.7,83,19.31,3.44
2009-06-15,19.5,14.2,19.2,14.5,8.70,0.00,14.0,127,15.74,2.68
2009-06-16,19.0,13.7,18.9,13.3,0.40,0.00,13.3,115,16.10,2.76
2009-06-17,19.7,11.3,19.5,10.7,0.00,0.00,15.6,122,23.45,3.94
2009-06-18,18.6,16.1,20.1,15.5,39.40,0.00,21.1,141,3.58,0.87
2009-06-19,24.7,17.2,26.4,18.6,0.40,0.00,12.0,317,17.01,3.32
2009-06-20,22.5,15.5,24.3,16.1,25.70,0.00,11.0,96,11.85,2.19
2009-06-21,24.3,17.1,24.9,17.3,9.50,0.00,19.9,8,10.60,2.04
2009-06-22,23.0,18.2,22.1,18.7,0.30,0.00,22.5,1,14.17,3.01
2009-06-23,24.6,17.2,25.7,16.6,0.10,0.00,15.5,3,19.26,3.90
2009-06-24,23.8,18.5,25.3,19.8,2.20,0.00,11.9,11,10.62,2.25
2009-06-25,25.0,17.7,27.6,19.7,0.00,0.00,11.4,133,18.82,3.57
2009-06-26,29.0,18.8,33.1,20.9,5.10,0.00,12.0,239,22.90,4.61
2009-06-27,26.0,17.4,28.3,18.8,1.30,0.00,13.4,323,25.53,4.92
2009-06-28,25.2,17.6,28.3,18.1,0.00,0.00,14.4,4,22.39,4.34
2009-06-29,26.4,18.4,26.8,19.0,0.00,0.00,13.0,273,23.48,4.76
2009-06-30,27.7,17.5,29.5,19.0,0.30,0.00,21.0,168,23.76,4.74
2009-07-01,25.9,18.7,29.4,21.3,5.50,0.00,11.9,106,19.48,3.72
2009-07-02,25.9,19.4,30.8,21.4,8.50,0.00,11.5,109,17.20,3.31
2009-07-03,25.5,18.8,27.4,20.5,1.80,0.00,13.4,280,21.09,4.06
2009-07-04,25.7,17.7,23.9,17.9,0.00,0.00,20.3,291,23.27,4.91
2009-07-05,25.7,14.0,26.1,12.9,0.00,0.00,12.8,300,29.70,5.69
2009-07-06,27.0,15.3,28.4,15.8,0.00,0.00,13.1,264,26.32,5.27
2009-07-07,26.8,18.3,28.8,19.2,8.10,0.00,12.6,211,20.57,4.04
2009-07-08,24.2,15.8,24.0,16.3,0.00,0.00,14.0,339,24.07,4.65
2009-07-09,21.2,16.0,20.4,15.9,0.00,0.00,12.8,60,18.19,3.40
2009-07-10,23.4,13.7,23.8,13.8,0.00,0.00,13.5,120,23.40,4.36
2009-07-11,25.5,14.8,26.7,15.0,0.70,0.00,19.8,183,22.35,4.63
2009-07-12,28.0,18.5,27.8,17.9,1.80,0.00,16.6,290,28.39,5.99
2009-07-13,25.9,14.9,25.5,14.7,0.20,0.00,11.6,288,23.13,4.62
2009-07-14,26.9,15.4,25.0,14.1,0.00,0.00,18.5,314,26.10,5.76
2009-07-15,28.5,15.2,28.7,15.1,0.00,0.00,11.4,254,29.15,5.96
2009-07-16,29.7,20.2,32.6,20.0,0.30,0.00,12.1,209,20.84,4.95
2009-07-17,30.0,18.8,31.7,21.0,3.20,0.00,14.6,128,19.90,4.42
2009-07-18,27.7,21.2,29.1,20.2,10.20,0.00,16.0,264,24.88,5.33
2009-07-19,26.7,17.0,27.4,17.0,0.00,0.00,13.7,261,23.86,5.07
2009-07-20,26.1,18.7,26.9,20.6,0.40,0.00,12.5,104,20.58,4.30
2009-07-21,21.6,18.8,24.2,19.7,18.30,0.00,16.1,32,5.90,1.21
2009-07-22,26.6,18.1,30.6,20.3,0.20,0.00,11.7,199,22.86,4.34
2009-07-23,24.0,17.9,25.0,18.4,19.00,0.00,23.4,92,9.28,1.91
2009-07-24,25.6,17.7,26.9,17.9,1.60,0.00,15.2,291,18.01,3.57
2009-07-25,27.6,17.1,29.5,18.6,0.40,0.00,18.5,185,22.72,4.56
2009-07-26,29.0,21.7,34.3,23.7,10.60,0.00,13.8,190,21.22,4.35
2009-07-27,28.1,20.9,31.0,23.8,0.70,0.00,14.4,210,20.22,4.13
2009-07-28,28.8,19.8,32.7,22.6,0.70,0.00,14.5,185,21.97,4.52
2009-07-29,27.9,21.0,31.0,24.8,11.10,0.00,19.3,175,11.38,2.38
2009-07-30,29.5,22.2,32.0,25.3,4.60,0.00,15.3,266,21.24,4.46
2009-07-31,29.4,20.8,33.9,23.1,27.90,0.00,15.5,224,10.82,2.36
2009-08-01,27.4,17.9,31.3,19.6,0.00,0.00,11.6,193,26.81,5.21
2009-08-02,24.8,19.9,28.1,22.2,9.50,0.00,14.1,163,7.24,1.55
2009-08-03,27.7,18.6,30.4,20.7,0.30,0.00,10.1,276,22.51,4.38
2009-08-04,29.0,18.2,31.8,19.9,0.00,0.00,13.7,212,24.79,5.15
2009-08-05,29.7,21.4,34.2,24.7,3.00,0.00,13.3,249,19.75,4.05
2009-08-06,24.5,19.2,25.8,19.4,0.00,0.00,14.0,327,17.80,3.79
2009-08-07,25.8,17.6,24.9,16.9,0.00,0.00,18.7,315,25.17,5.40
2009-08-08,25.1,16.1,27.2,15.4,0.00,0.00,11.8,51,23.99,4.80
2009-08-09,25.8,19.7,29.4,21.1,5.90,0.00,11.0,175,8.44,1.87
2009-08-10,32.6,22.2,37.1,25.1,3.10,0.00,13.3,266,21.55,4.70
2009-08-11,30.7,23.6,34.0,26.2,0.00,0.00,12.0,309,22.82,4.90
2009-08-12,25.6,21.2,28.4,23.4,6.20,0.00,13.3,64,11.55,2.43
2009-08-13,23.2,20.2,25.3,22.3,5.00,0.00,12.3,51,7.71,1.58
2009-08-14,27.9,18.6,32.1,21.2,0.40,0.00,9.5,227,19.92,3.94
2009-08-15,29.3,20.0,32.2,22.8,0.00,0.00,12.3,193,21.06,4.36
2009-08-16,31.3,19.9,34.5,22.1,0.00,0.00,9.7,208,21.73,4.65
2009-08-17,32.6,21.3,35.7,23.5,0.00,0.00,11.6,231,22.26,5.08
2009-08-18,31.8,21.5,34.3,23.5,0.50,0.00,14.9,228,23.01,5.42
2009-08-19,31.4,22.9,35.0,25.9,0.40,0.00,14.0,240,19.34,4.33
2009-08-20,30.6,23.1,35.4,27.4,0.30,0.00,13.0,187,20.49,4.43
2009-08-21,31.8,25.0,35.6,29.5,11.80,0.00,19.1,195,18.31,4.02
2009-08-22,27.2,23.1,31.9,27.4,26.10,0.00,12.2,140,11.23,2.23
2009-08-23,27.4,22.0,31.7,25.6,8.40,0.00,11.3,304,8.41,1.77
2009-08-24,27.9,20.2,30.9,21.8,0.00,0.00,12.4,323,20.40,4.09
2009-08-25,27.9,19.2,31.4,20.4,0.00,0.00,11.2,304,20.37,4.21
2009-08-26,30.1,20.4,30.9,21.6,0.80,0.00,17.7,259,22.42,5.09
2009-08-27,24.8,19.9,27.0,19.7,0.70,0.00,12.2,359,21.11,4.17
2009-08-28,20.8,18.8,22.7,19.9,32.20,0.00,16.0,93,4.58,1.11
2009-08-29,22.7,19.8,25.8,22.5,53.30,0.00,11.0,85,4.78,0.99
2009-08-30,26.6,20.1,28.3,19.1,1.20,0.00,14.7,267,18.84,4.02
2009-08-31,21.7,16.1,22.2,15.5,0.00,0.00,14.5,339,16.07,3.39
2009-09-01,21.7,13.8,21.7,12.0,0.00,0.00,13.7,22,23.29,4.24
2009-09-02,23.1,13.3,24.5,12.9,0.00,0.00,9.2,100,22.90,4.00
2009-09-03,23.8,14.0,24.6,14.1,0.00,0.00,10.0,70,21.06,3.80
2009-09-04,26.5,16.6,28.0,16.9,0.00,0.00,12.8,19,19.89,3.83
2009-09-05,27.0,19.5,28.0,20.9,0.00,0.00,10.5,358,17.69,3.66
2009-09-06,22.4,17.7,22.8,17.1,0.00,0.00,15.2,64,18.05,3.73
2009-09-07,21.7,16.6,22.3,16.4,0.00,0.00,11.4,91,11.73,2.47
2009-09-08,23.7,16.0,24.5,16.9,0.00,0.00,8.3,45,12.40,2.36
2009-09-09,23.1,17.5,22.9,15.2,0.00,0.00,19.3,48,10.48,2.44
2009-09-10,19.5,14.6,16.4,12.5,2.70,0.00,22.8,58,12.68,3.12
2009-09-11,18.3,14.2,19.2,11.8,25.80,0.00,29.6,49,2.87,0.79
2009-09-12,21.2,17.7,22.0,18.5,4.40,0.00,12.3,74,7.53,1.54
2009-09-13,26.1,17.6,26.4,18.3,0.00,0.00,12.9,335,17.94,3.65
2009-09-14,25.3,15.2,25.2,15.2,0.00,0.00,13.3,296,20.33,3.99
2009-09-15,24.6,15.9,25.5,16.0,0.00,0.00,10.5,298,14.89,2.96
2009-09-16,19.6,16.3,19.9,15.3,2.10,0.00,15.4,43,5.36,1.49
2009-09-17,17.2,13.2,16.0,12.1,2.30,0.00,16.3,39,12.34,2.19
2009-09-18,23.1,11.6,21.7,10.5,0.00,0.00,17.0,264,16.12,3.13
2009-09-19,20.2,11.7,18.6,9.2,0.00,0.00,14.6,342,21.03,3.66
2009-09-20,21.7,13.3,21.8,12.3,0.00,0.00,9.3,137,20.52,3.61
2009-09-21,22.4,11.7,22.9,11.0,0.00,0.00,11.5,185,19.12,3.24
2009-09-22,23.1,14.5,24.0,15.0,0.00,0.00,9.6,184,8.69,1.84
2009-09-23,25.3,17.3,27.2,18.8,1.20,0.00,12.3,215,10.56,2.18
2009-09-24,26.7,19.9,27.6,18.6,2.00,0.00,14.4,298,14.22,3.09
2009-09-25,20.4,13.6,18.0,11.1,0.00,0.00,17.2,3,18.95,4.15
2009-09-26,16.4,12.2,14.0,10.5,0.30,0.00,14.8,112,10.79,2.43
2009-09-27,20.5,14.4,22.8,13.7,17.00,0.00,19.2,153,4.03,0.95
2009-09-28,23.1,13.8,21.9,12.8,1.50,0.00,26.6,228,15.47,2.92
2009-09-29,19.0,11.7,14.8,9.3,0.00,0.00,28.8,247,13.11,3.11
2009-09-30,15.3,10.4,11.8,7.5,0.00,0.00,19.0,298,11.56,2.57
2009-10-01,13.6,7.2,10.1,4.7,0.00,0.00,14.5,273,8.60,1.86
2009-10-02,17.5,8.4,16.8,6.8,0.30,0.00,16.9,154,10.44,2.12
2009-10-03,19.7,15.8,21.5,17.1,6.20,0.00,14.3,162,5.34,1.08
2009-10-04,21.7,13.3,21.1,11.3,0.50,0.00,16.9,284,11.71,2.38
2009-10-05,18.4,10.9,14.8,8.2,0.00,0.00,19.7,282,15.13,3.21
2009-10-06,18.4,8.7,16.7,6.6,0.00,0.00,14.4,255,17.10,3.01
2009-10-07,19.3,13.1,16.9,8.4,5.20,0.00,33.7,255,13.80,3.24
2009-10-08,17.9,10.7,15.3,7.2,0.00,0.00,23.0,298,15.80,3.22
2009-10-09,21.6,12.7,22.3,11.6,3.70,0.00,16.5,189,6.18,1.53
2009-10-10,17.8,9.4,19.1,7.1,2.40,0.00,22.3,312,8.07,1.77
2009-10-11,17.4,7.5,14.6,5.4,0.00,0.00,15.9,282,15.92,2.80
2009-10-12,11.9,5.7,9.3,2.9,0.00,0.00,12.4,29,11.58,1.98
2009-10-13,17.2,8.6,14.0,4.6,0.00,0.00,20.6,303,9.79,2.16
2009-10-14,11.5,5.1,8.8,2.0,0.00,0.00,13.7,326,13.06,2.02
2009-10-15,8.7,4.6,6.5,-0.3,19.10,0.00,25.0,34,2.23,0.73
2009-10-16,7.8,3.5,4.8,-1.4,3.90,0.00,24.8,32,4.05,0.91
2009-10-17,9.7,6.1,5.7,2.1,1.60,0.00,18.6,27,6.40,1.47
2009-10-18,7.2,5.1,3.3,-0.2,28.10,0.00,28.5,11,2.28,0.60
2009-10-19,12.8,3.1,9.9,-0.5,0.00,0.00,12.6,314,15.41,2.13
2009-10-20,17.8,4.0,15.8,0.6,0.00,0.00,10.5,257,14.11,2.29
2009-10-21,18.8,7.8,18.5,6.2,0.00,0.00,7.8,249,10.68,1.72
2009-10-22,21.5,10.1,20.1,8.3,0.00,0.00,13.1,232,12.54,2.42
2009-10-23,14.4,10.7,12.9,6.8,1.30,0.00,21.1,74,5.12,1.42
2009-10-24,19.7,12.6,19.8,10.0,29.70,0.00,22.5,173,4.37,1.02
2009-10-25,15.9,9.8,14.6,6.8,1.90,0.00,16.4,310,13.48,2.40
2009-10-26,14.4,5.9,12.6,3.6,0.00,0.00,10.0,51,12.90,1.87
2009-10-27,13.0,7.6,12.2,5.7,23.90,0.00,15.2,61,1.27,0.35
2009-10-28,13.2,10.0,12.2,7.3,27.70,0.00,24.5,45,1.20,0.36
2009-10-29,13.0,9.2,12.0,6.7,0.00,0.00,15.7,35,7.95,1.31
2009-10-30,13.4,8.5,11.0,7.4,0.00,0.00,13.8,152,6.30,1.18
2009-10-31,21.1,12.4,20.0,10.7,2.70,0.00,25.9,200,4.96,1.43
2009-11-01,14.0,8.8,12.7,5.1,8.60,0.00,14.2,343,4.13,1.10
2009-11-02,11.0,7.5,8.1,4.7,0.00,0.00,14.9,30,3.70,1.12
2009-11-03,14.9,5.4,12.1,3.3,0.00,0.00,16.3,289,11.12,1.80
2009-11-04,9.8,3.4,6.9,0.1,0.00,0.00,14.6,286,11.41,1.66
2009-11-05,10.8,4.1,7.3,0.8,0.30,0.00,20.7,280,8.45,1.42
2009-11-06,9.1,2.9,4.2,-1.9,0.00,0.00,21.7,315,9.95,1.82
2009-11-07,10.3,0.1,6.3,-3.1,0.00,0.00,13.8,217,11.96,1.61
2009-11-08,18.6,4.7,18.2,2.3,0.00,0.00,11.6,233,11.48,1.68
2009-11-09,17.8,7.2,16.5,5.3,0.00,0.00,11.8,211,10.54,1.64
2009-11-10,17.3,9.5,16.9,8.2,0.00,0.00,14.3,328,6.25,1.20
2009-11-11,11.9,8.6,8.8,3.9,0.00,0.00,19.6,36,4.13,1.92
2009-11-12,8.8,7.6,4.0,2.5,2.50,0.00,25.9,39,2.41,1.48
2009-11-13,10.9,7.3,6.6,2.4,26.00,0.00,31.4,35,1.96,0.87
2009-11-14,14.2,11.3,13.3,7.1,9.80,0.00,29.4,28,1.29,0.37
2009-11-15,18.4,11.1,18.8,9.9,0.00,0.00,10.8,337,4.69,0.80
2009-11-16,14.4,7.3,11.2,3.9,0.00,0.00,15.6,338,10.61,1.81
2009-11-17,11.5,5.3,8.3,2.0,0.00,0.00,13.6,26,10.42,1.79
2009-11-18,10.9,5.3,8.5,2.6,0.00,0.00,12.2,51,4.96,0.85
2009-11-19,14.7,6.7,13.7,4.6,0.20,0.00,13.5,61,4.34,0.76
2009-11-20,14.4,7.3,14.2,3.9,18.20,0.00,19.2,258,9.09,1.47
2009-11-21,13.1,4.8,11.5,1.8,0.00,0.00,12.6,301,8.09,1.24
2009-11-22,11.5,4.8,8.5,1.5,0.00,0.00,14.9,26,9.67,1.31
2009-11-23,9.7,6.9,6.3,3.2,0.00,0.00,18.6,38,3.01,0.91
2009-11-24,12.7,8.3,10.5,5.0,2.20,0.00,16.8,34,5.25,0.89
2009-11-25,10.9,7.8,9.7,6.1,0.60,0.00,9.2,61,1.33,0.41
2009-11-26,12.7,9.1,11.3,7.6,0.00,0.00,7.2,42,4.23,0.65
2009-11-27,9.4,5.1,7.4,-0.9,0.00,0.00,26.3,313,4.03,1.20
2009-11-28,9.9,4.8,4.1,-1.4,0.00,0.00,31.4,290,9.45,2.22
2009-11-29,12.8,2.2,10.0,-1.1,0.00,0.00,13.8,232,9.38,1.47
2009-11-30,11.7,4.7,9.7,0.3,5.70,0.00,17.6,270,2.25,0.69
2009-12-01,7.8,0.4,3.9,-3.6,0.00,0.00,21.6,271,7.12,1.23
2009-12-02,11.4,1.4,9.1,-1.7,3.70,0.00,20.1,164,5.44,0.83
2009-12-03,16.2,8.9,13.8,5.1,22.80,0.00,31.4,226,6.40,1.68
2009-12-04,10.4,3.5,7.6,0.4,0.00,0.00,12.0,272,8.59,1.28
2009-12-05,5.4,1.4,2.1,-3.2,17.60,3.92,19.8,2,1.37,0.40
2009-12-06,4.2,-1.5,-1.0,-5.2,0.40,0.00,19.3,304,9.27,1.16
2009-12-07,4.0,-1.3,-0.1,-4.9,0.00,0.00,12.6,237,5.90,0.81
2009-12-08,5.8,-0.4,2.5,-5.1,0.00,0.00,15.7,309,9.07,1.04
2009-12-09,11.6,2.3,10.5,-1.6,38.80,0.91,33.5,109,1.39,0.48
2009-12-10,7.0,-1.0,2.6,-8.5,0.00,0.00,27.4,267,8.75,1.90
2009-12-11,-1.3,-5.2,-9.1,-12.6,0.00,0.00,29.9,270,9.12,1.82
2009-12-12,2.3,-3.4,-2.2,-9.2,0.00,0.00,17.4,265,9.15,1.30
2009-12-13,9.1,-3.3,6.6,-7.3,16.20,0.00,20.9,204,1.50,0.39
2009-12-14,7.1,0.5,4.5,-2.9,0.00,0.00,16.4,259,6.37,0.75
2009-12-15,10.7,4.3,8.4,0.6,0.00,0.00,11.3,260,4.24,0.73
2009-12-16,3.7,-2.3,-0.6,-8.2,0.00,0.00,20.0,307,8.83,1.54
2009-12-17,-0.6,-5.2,-7.0,-10.8,0.00,0.00,23.5,311,9.06,1.47
2009-12-18,-0.6,-7.2,-4.6,-12.4,0.00,0.00,14.6,351,8.77,1.02
2009-12-19,-2.4,-4.3,-7.7,-11.1,8.80,6.23,25.9,21,2.11,1.07
2009-12-20,-1.9,-5.2,-7.5,-11.3,6.60,4.62,25.6,323,6.08,0.84
2009-12-21,0.8,-6.2,-4.8,-11.0,0.00,0.00,18.5,296,8.98,0.91
2009-12-22,0.9,-9.1,-3.9,-14.4,0.00,0.00,16.6,295,8.86,0.78
2009-12-23,-2.2,-13.0,-7.2,-18.4,0.00,0.00,14.2,286,9.44,0.70
2009-12-24,1.1,-11.3,-2.2,-16.9,0.00,0.00,14.9,347,9.18,0.68
2009-12-25,3.0,-3.3,-0.8,-7.2,2.90,0.07,20.7,55,3.99,0.49
2009-12-26,11.0,3.3,7.7,-1.7,15.00,0.00,28.6,88,0.98,0.44
2009-12-27,12.0,0.9,9.9,-2.8,14.60,0.00,21.4,232,8.69,1.21
2009-12-28,4.3,-1.2,-0.9,-7.6,0.00,0.00,21.7,257,7.43,1.26
2009-12-29,-1.3,-8.2,-7.7,-15.9,0.00,0.00,34.7,302,9.43,1.55
2009-12-30,-0.3,-7.8,-4.7,-14.5,0.00,0.00,20.5,264,7.92,1.01
2009-12-31,1.2,-3.7,-1.5,-8.1,4.70,3.08,8.4,179,2.58,0.42
2010-01-01,5.2,-1.7,2.4,-5.4,1.80,1.05,11.0,297,5.34,0.57
2010-01-02,-0.8,-9.2,-6.1,-16.9,0.70,0.70,27.2,307,6.81,1.11
2010-01-03,-4.7,-10.0,-12.4,-17.5,0.00,0.28,35.3,297,5.64,1.09
2010-01-04,-0.7,-7.3,-6.5,-13.6,0.00,0.00,20.5,301,8.88,1.14
2010-01-05,-0.1,-7.2,-5.9,-12.4,0.00,0.00,17.8,296,9.33,1.06
2010-01-06,1.2,-5.3,-4.9,-10.8,0.00,0.00,20.2,301,8.95,1.21
2010-01-07,3.7,-3.8,-1.1,-9.3,0.00,0.00,18.1,295,9.53,1.17
2010-01-08,2.1,-5.8,-3.1,-11.8,0.70,0.77,20.6,292,5.86,0.90
2010-01-09,-1.2,-7.7,-7.3,-13.6,0.00,0.00,17.2,320,10.14,1.21
2010-01-10,-1.6,-10.1,-7.0,-15.4,0.00,0.00,14.7,319,10.21,1.12
2010-01-11,0.7,-7.3,-4.1,-12.0,0.00,0.00,10.6,269,9.59,1.09
2010-01-12,2.2,-4.8,-3.5,-10.9,0.00,0.00,18.6,304,9.93,1.26
2010-01-13,2.4,-5.9,-1.9,-11.7,0.00,0.00,16.8,300,9.47,1.18
2010-01-14,4.4,-4.3,0.9,-8.3,0.00,0.00,9.1,234,9.85,1.04
2010-01-15,8.5,-2.3,5.1,-6.5,0.00,0.00,11.6,259,6.81,1.02
2010-01-16,8.6,-1.8,4.9,-5.6,0.00,0.00,14.1,275,10.07,1.13
2010-01-17,4.9,-2.0,1.1,-5.7,7.10,0.00,27.1,59,3.39,0.45
2010-01-18,9.6,1.9,6.5,-3.1,2.40,0.00,28.0,3,9.26,1.12
2010-01-19,8.8,-0.8,6.2,-3.5,0.00,0.00,10.4,241,6.61,0.80
2010-01-20,5.4,-2.3,0.8,-6.6,0.00,0.00,15.6,312,9.38,1.09
2010-01-21,4.2,-4.3,1.1,-8.4,0.00,0.00,9.7,345,11.01,1.13
2010-01-22,5.9,-2.7,1.7,-6.5,0.00,0.00,15.3,22,9.38,1.22
2010-01-23,3.6,-4.2,0.2,-8.5,0.00,0.00,10.5,31,11.56,1.20
2010-01-24,8.8,-4.1,6.0,-8.2,0.00,0.00,14.3,137,5.21,0.73
2010-01-25,13.0,7.2,10.5,4.8,28.70,0.00,38.8,173,1.30,0.48
2010-01-26,6.2,-0.1,3.7,-4.8,1.40,0.00,25.7,258,8.94,1.34
2010-01-27,4.1,-2.5,-1.3,-7.1,0.00,0.00,17.7,267,10.50,1.46
2010-01-28,5.3,-5.5,0.2,-13.2,0.50,0.49,28.7,262,6.38,1.30
2010-01-29,-4.0,-8.9,-11.2,-16.4,0.00,0.00,27.7,305,11.82,1.63
2010-01-30,-5.7,-10.3,-10.4,-16.1,0.00,0.35,18.4,338,7.55,1.11
2010-01-31,-0.6,-8.8,-6.0,-14.5,0.00,0.00,15.5,316,12.68,1.52
2010-02-01,2.1,-5.9,-3.5,-11.3,0.00,0.00,18.8,265,12.44,1.61
2010-02-02,1.2,-5.1,-3.2,-9.5,0.30,0.28,10.5,43,7.23,0.98
2010-02-03,4.6,-2.5,0.3,-7.1,3.10,2.24,14.3,323,8.88,1.08
2010-02-04,2.6,-3.9,-2.5,-9.1,0.00,0.00,18.4,305,13.34,1.57
2010-02-05,2.9,-3.8,-1.4,-8.3,0.00,0.07,8.2,302,7.70,1.08
2010-02-06,-0.9,-7.0,-5.3,-13.2,11.10,7.84,25.8,31,5.11,0.88
2010-02-07,-0.4,-10.6,-5.9,-15.8,0.00,0.00,18.8,320,14.24,1.20
2010-02-08,1.1,-10.7,-4.8,-15.8,0.00,0.00,22.1,292,14.07,1.19
2010-02-09,2.8,-8.9,-0.7,-14.1,0.40,0.28,12.6,271,13.00,1.17
2010-02-10,0.7,-1.2,-3.4,-7.0,31.50,21.98,30.9,22,2.64,0.38
2010-02-11,1.1,-4.9,-4.4,-10.7,0.70,0.49,28.4,319,14.49,1.41
2010-02-12,0.1,-11.6,-4.4,-16.6,0.00,0.00,17.3,297,15.15,1.10
2010-02-13,-1.1,-10.9,-6.5,-16.1,0.00,0.00,18.5,308,10.38,0.96
2010-02-14,2.4,-7.4,-3.0,-12.9,0.00,0.00,22.5,275,13.85,1.27
2010-02-15,1.9,-8.1,-2.2,-13.3,0.50,0.35,17.0,244,15.38,1.22
2010-02-16,1.0,-2.1,-3.0,-8.0,9.70,6.65,21.3,320,5.29,0.63
2010-02-17,1.1,-8.3,-3.6,-13.4,0.00,0.00,19.3,269,12.62,1.07
2010-02-18,3.5,-4.4,-1.5,-9.4,0.00,0.00,20.1,286,14.40,1.32
2010-02-19,5.0,-2.9,-0.2,-8.1,0.00,0.00,23.4,286,15.57,1.53
2010-02-20,6.7,-4.5,2.4,-8.9,0.00,0.00,16.3,295,15.49,1.54
2010-02-21,5.6,-4.4,0.2,-8.9,0.00,0.00,20.5,294,16.23,1.69
2010-02-22,4.2,-6.1,1.4,-10.7,0.00,0.00,11.8,26,12.74,1.36
2010-02-23,2.7,0.9,-1.9,-3.4,13.20,2.24,19.8,58,2.19,0.34
2010-02-24,3.5,0.8,0.1,-3.1,9.80,0.00,20.1,352,3.46,0.45
2010-02-25,2.1,-0.4,-0.5,-7.5,41.10,24.71,31.8,315,1.44,0.26
2010-02-26,0.4,-4.2,-3.9,-9.8,17.70,12.32,32.7,290,8.96,0.89
2010-02-27,2.5,-8.2,-0.8,-12.8,0.00,0.00,11.3,227,14.37,1.16
2010-02-28,2.7,-4.3,-0.3,-8.2,0.00,0.00,15.3,279,14.54,1.37
2010-03-01,6.3,-1.1,1.4,-6.6,0.00,0.00,23.2,311,16.31,1.69
2010-03-02,5.9,-3.8,3.5,-7.9,0.80,0.00,12.0,6,12.37,1.28
2010-03-03,4.1,0.6,-0.9,-4.6,6.00,2.66,24.5,24,5.92,0.72
2010-03-04,6.3,-1.3,1.4,-5.7,0.00,0.00,17.9,341,15.70,1.69
2010-03-05,5.9,-0.2,0.9,-5.0,0.20,0.35,17.5,353,11.69,1.50
2010-03-06,7.5,-5.3,3.5,-10.3,0.00,0.00,17.0,333,18.57,2.18
2010-03-07,9.6,-4.9,6.0,-9.5,0.00,0.00,16.9,301,18.23,2.09
2010-03-08,12.6,-3.3,8.3,-7.8,0.00,0.00,16.5,293,18.53,2.34
2010-03-09,12.5,-0.2,9.6,-4.3,0.00,0.00,16.6,305,18.16,2.36
2010-03-10,9.4,-0.6,6.6,-4.4,0.00,0.00,10.2,77,16.14,1.86
2010-03-11,10.5,2.0,8.1,-1.3,0.00,0.00,13.9,73,13.29,1.54
2010-03-12,6.6,4.4,2.7,-0.9,8.20,0.00,27.9,63,2.12,0.49
2010-03-13,7.9,4.3,2.2,-1.8,65.60,0.00,44.9,70,0.96,0.34
2010-03-14,9.0,6.1,5.9,1.7,8.70,0.00,32.8,48,3.44,0.54
2010-03-15,7.0,3.8,1.9,-1.3,8.10,0.00,24.9,18,3.02,0.65
2010-03-16,15.3,3.7,11.7,-1.4,0.50,0.00,23.2,16,20.21,3.15
2010-03-17,16.7,1.5,14.7,-1.8,0.00,0.00,8.4,281,20.51,3.12
2010-03-18,18.2,1.4,15.9,-1.9,0.00,0.00,10.4,269,20.68,3.32
2010-03-19,19.8,3.8,17.6,0.7,0.00,0.00,10.9,260,20.80,3.51
2010-03-20,21.0,5.3,19.2,2.8,0.00,0.00,12.3,235,20.46,3.60
2010-03-21,16.9,5.4,16.3,2.3,0.00,0.00,11.8,89,19.70,2.82
2010-03-22,13.7,8.5,13.0,7.3,19.80,0.00,15.5,121,6.72,0.96
2010-03-23,13.1,8.3,11.4,5.5,12.50,0.00,22.2,134,8.79,1.29
2010-03-24,15.2,4.9,9.7,-0.4,0.00,0.00,29.4,302,21.69,3.63
2010-03-25,16.5,4.1,14.8,0.8,0.00,0.00,16.4,194,17.00,2.87
2010-03-26,12.9,1.6,10.4,-4.1,6.10,0.00,24.6,2,10.56,1.91
2010-03-27,5.1,-1.9,2.9,-7.4,0.00,0.00,16.8,66,22.35,2.82
2010-03-28,8.3,-0.8,4.6,-4.5,3.90,0.00,25.5,142,6.11,1.06
2010-03-29,11.4,8.4,11.2,4.2,59.80,0.00,24.4,154,1.73,0.44
2010-03-30,9.5,6.3,6.1,0.7,57.10,0.00,31.0,0,2.39,0.39
2010-03-31,13.5,7.0,11.8,2.7,0.30,0.00,22.0,344,5.89,1.26
2010-04-01,18.6,4.5,19.2,1.8,0.00,0.00,10.6,348,22.50,3.34
2010-04-02,17.1,5.2,16.6,3.1,0.00,0.00,12.6,155,22.71,3.17
2010-04-03,17.0,6.0,16.4,4.0,0.00,0.00,17.1,163,19.36,2.55
2010-04-04,22.3,7.6,21.6,6.2,0.00,0.00,8.3,291,22.19,3.79
2010-04-05,21.2,7.4,20.2,5.2,0.00,0.00,17.3,160,22.62,3.69
2010-04-06,22.3,11.6,24.6,11.0,0.50,0.00,10.2,117,20.17,3.22
2010-04-07,29.8,15.0,28.6,13.6,0.00,0.00,18.9,237,23.47,5.70
2010-04-08,26.1,15.5,27.6,15.3,0.00,0.00,22.0,185,23.27,4.59
2010-04-09,17.3,9.3,16.7,3.9,9.60,0.00,22.1,291,8.39,2.12
2010-04-10,15.2,4.2,11.1,-1.5,0.00,0.00,24.5,287,24.71,4.30
2010-04-11,22.5,8.4,20.7,4.3,0.40,0.00,16.3,264,23.08,4.52
2010-04-12,17.8,7.4,14.6,5.2,0.00,0.00,16.7,330,25.39,4.48
2010-04-13,12.0,6.3,9.9,3.9,0.20,0.00,10.2,13,11.62,2.06
2010-04-14,17.4,3.7,15.8,1.1,0.00,0.00,14.1,286,25.72,4.09
2010-04-15,21.1,7.8,18.8,4.4,0.00,0.00,18.4,305,25.31,4.61
2010-04-16,14.0,8.2,12.0,4.6,1.90,0.00,18.8,106,20.39,2.94
2010-04-17,12.3,8.0,8.6,4.4,2.20,0.00,18.2,309,10.85,2.28
2010-04-18,12.9,4.1,8.2,0.3,0.00,0.00,20.3,304,16.44,2.91
2010-04-19,15.4,6.0,11.3,1.7,0.00,0.00,21.7,315,19.33,3.48
2010-04-20,18.4,5.5,16.8,3.1,0.00,0.00,11.0,294,20.31,3.61
2010-04-21,18.9,7.4,17.0,5.1,1.10,0.00,14.6,209,20.01,3.55
2010-04-22,20.7,8.4,19.9,7.1,1.70,0.00,16.4,266,21.80,3.70
2010-04-23,18.6,6.7,15.1,3.0,0.00,0.00,20.2,323,26.62,4.83
2010-04-24,18.3,6.3,17.4,2.9,0.00,0.00,17.1,276,27.16,4.97
2010-04-25,11.7,8.8,8.7,6.8,18.30,0.00,14.4,96,2.97,0.79
2010-04-26,11.1,8.9,9.6,6.4,9.30,0.00,14.6,64,3.73,0.69
2010-04-27,14.6,5.9,11.5,0.9,1.30,0.00,25.3,322,18.49,3.04
2010-04-28,13.1,4.3,7.7,-1.1,0.10,0.00,32.0,299,19.78,3.70
2010-04-29,19.0,5.9,13.7,1.1,0.00,0.00,29.8,285,28.16,5.20
2010-04-30,23.8,6.9,22.8,4.3,0.00,0.00,13.0,255,26.02,4.81
2010-05-01,28.4,13.2,31.0,12.3,0.00,0.00,13.2,186,25.08,5.09
2010-05-02,30.9,18.0,33.9,18.7,0.00,0.00,11.2,222,22.31,4.96
2010-05-03,25.8,19.3,26.5,20.2,7.80,0.00,23.5,239,9.78,2.33
2010-05-04,26.3,15.2,24.6,14.5,0.20,0.00,25.2,279,24.43,5.15
2010-05-05,25.0,10.8,24.5,9.6,0.00,0.00,19.6,205,28.06,5.73
2010-05-06,25.5,14.8,23.6,12.5,0.00,0.00,25.5,261,24.04,5.62
2010-05-07,22.0,10.5,20.9,7.8,0.00,0.00,16.9,282,28.00,5.35
2010-05-08,25.1,11.8,26.0,4.9,0.90,0.00,33.2,253,21.30,5.42
2010-05-09,12.4,6.8,5.8,0.2,0.00,0.00,31.9,300,20.24,4.39
2010-05-10,15.3,5.3,10.2,0.9,0.00,0.00,27.5,309,27.42,4.87
2010-05-11,13.8,4.7,12.5,1.3,1.10,0.00,13.1,331,18.67,3.35
2010-05-12,10.0,6.8,7.0,3.1,10.50,0.00,17.6,89,3.86,0.95
2010-05-13,18.8,5.5,18.2,2.5,0.00,0.00,14.8,325,28.80,4.64
2010-05-14,27.4,12.0,29.2,8.6,1.40,0.00,18.8,235,23.82,4.94
2010-05-15,22.1,14.7,20.0,12.6,0.00,0.00,21.9,309,28.47,5.45
2010-05-16,21.0,11.8,18.1,9.2,0.00,0.00,16.9,336,22.31,4.41
2010-05-17,22.8,10.6,21.9,9.5,0.00,0.00,7.6,16,19.48,4.08
2010-05-18,14.6,10.1,13.0,6.4,9.20,0.00,25.2,53,3.53,1.02
2010-05-19,17.8,10.5,16.5,7.0,0.00,0.00,22.0,344,9.99,2.11
2010-05-20,25.7,12.3,27.1,11.9,0.00,0.00,10.0,259,28.58,5.28
2010-05-21,27.4,13.2,29.9,12.3,0.00,0.00,14.3,71,26.55,5.34
2010-05-22,21.5,13.5,20.6,13.1,1.10,0.00,15.7,104,17.96,3.40
2010-05-23,21.9,14.3,22.1,14.0,2.40,0.00,16.3,85,15.30,2.74
2010-05-24,22.1,15.9,23.3,15.8,0.20,0.00,12.5,84,9.44,1.93
2010-05-25,26.0,14.7,29.5,15.9,0.00,0.00,13.1,159,25.06,4.65
2010-05-26,33.7,16.1,36.2,17.0,0.00,0.00,14.6,297,28.10,6.28
2010-05-27,24.7,15.4,25.3,15.1,2.30,0.00,17.7,86,16.83,3.76
2010-05-28,22.2,14.1,22.9,14.0,0.30,0.00,10.1,174,16.13,3.22
2010-05-29,24.4,15.2,24.9,14.8,2.10,0.00,10.7,206,15.94,3.29
2010-05-30,29.1,18.1,29.1,18.2,0.00,0.00,17.8,308,28.59,6.44
2010-05-31,30.3,17.2,33.1,17.6,0.00,0.00,20.6,137,26.64,5.51
2010-06-01,29.9,20.0,31.7,22.5,6.30,0.00,20.7,242,16.39,3.75
2010-06-02,28.5,18.2,30.9,19.8,0.00,0.00,16.7,162,28.58,5.79
2010-06-03,30.8,19.9,34.4,21.5,4.80,0.00,15.2,225,24.75,5.29
2010-06-04,30.1,20.5,32.1,22.7,0.00,0.00,13.1,242,23.36,5.30
2010-06-05,31.9,23.0,33.1,26.1,0.00,0.00,21.6,247,21.49,5.62
2010-06-06,32.7,17.8,33.8,13.9,1.50,0.00,28.2,254,20.41,5.88
2010-06-07,23.4,14.2,20.7,11.4,0.00,0.00,21.1,318,22.89,5.68
2010-06-08,22.3,14.1,18.8,11.7,0.00,0.00,21.9,320,25.25,5.67
2010-06-09,20.6,13.1,18.2,11.8,14.60,0.00,20.3,135,8.44,2.21
2010-06-10,25.3,15.4,26.0,15.0,3.70,0.00,14.2,310,21.27,4.03
2010-06-11,21.4,14.2,22.0,13.5,0.00,0.00,12.7,119,19.05,3.47
2010-06-12,27.2,14.0,28.5,14.0,0.00,0.00,15.5,184,21.31,4.28
2010-06-13,26.7,19.6,30.7,21.6,3.00,0.00,9.4,97,16.31,3.30
2010-06-14,25.4,19.0,27.5,20.8,0.80,0.00,7.1,1,10.45,2.24
2010-06-15,25.7,17.7,27.2,17.6,0.00,0.00,14.7,70,29.90,6.03
2010-06-16,25.2,15.2,25.0,15.6,0.80,0.00,17.6,166,16.19,3.34
2010-06-17,24.2,18.8,23.8,17.9,0.20,0.00,24.6,304,21.93,4.72
2010-06-18,28.7,15.3,30.7,15.2,0.00,0.00,12.9,243,30.19,6.37
2010-06-19,28.3,15.5,30.6,16.1,0.00,0.00,20.7,172,29.60,5.87
2010-06-20,32.2,20.7,37.2,22.5,0.10,0.00,14.0,263,24.63,5.91
2010-06-21,31.6,21.6,32.1,22.4,0.00,0.00,17.5,319,26.77,6.74
2010-06-22,30.0,20.1,33.4,21.1,5.70,0.00,14.8,94,21.93,5.10
2010-06-23,32.6,21.5,33.1,24.4,1.20,0.00,19.0,284,25.29,5.97
2010-06-24,34.3,23.4,36.5,25.3,2.00,0.00,24.9,262,24.66,6.75
2010-06-25,30.3,21.1,32.6,22.8,0.00,0.00,13.6,298,24.13,5.49
2010-06-26,32.3,19.7,32.9,22.0,0.00,0.00,13.7,273,25.72,6.02
2010-06-27,32.8,22.7,34.5,24.9,0.00,0.00,14.5,224,20.60,5.25
2010-06-28,35.4,27.1,38.4,28.4,0.70,0.00,23.1,240,20.64,6.06
2010-06-29,32.2,23.9,32.5,21.8,0.00,0.00,19.7,286,24.33,6.81
2010-06-30,26.9,17.9,25.7,15.5,0.00,0.00,19.1,316,30.57,7.39
2010-07-01,25.5,17.1,22.1,14.9,0.00,0.00,20.9,319,24.93,6.44
2010-07-02,27.0,15.4,25.6,13.7,0.00,0.00,15.2,341,26.63,6.09
2010-07-03,31.6,15.9,31.7,15.6,0.00,0.00,9.7,295,29.81,6.37
2010-07-04,36.2,20.1,35.3,19.9,0.00,0.00,16.3,286,29.99,8.01
2010-07-05,36.7,21.2,37.5,21.4,0.00,0.00,10.9,299,29.55,7.26
2010-07-06,38.4,23.9,41.1,26.7,0.00,0.00,9.7,319,27.01,6.85
2010-07-07,37.0,25.9,38.9,28.8,0.00,0.00,19.1,43,24.27,7.03
2010-07-08,29.1,23.9,31.9,27.2,1.30,0.00,14.6,130,17.94,4.05
2010-07-09,29.7,22.9,32.5,26.4,0.10,0.00,16.1,153,21.65,4.77
2010-07-10,27.3,22.8,30.9,26.7,5.30,0.00,9.3,36,11.96,2.77
2010-07-11,31.4,21.7,34.3,24.7,1.30,0.00,11.0,330,24.03,5.35
2010-07-12,32.7,21.9,33.2,25.3,0.50,0.00,20.8,192,25.81,6.13
2010-07-13,27.3,23.4,30.2,27.6,21.20,0.00,18.2,145,12.29,2.55
2010-07-14,24.5,23.0,28.8,26.4,23.20,0.00,12.7,60,5.76,1.32
2010-07-15,28.1,22.1,31.5,25.1,0.20,0.00,12.5,50,17.91,3.74
2010-07-16,32.0,22.3,35.6,25.4,0.00,0.00,14.5,213,23.91,5.34
2010-07-17,32.3,23.3,34.1,26.8,0.00,0.00,15.2,263,25.05,6.24
2010-07-18,32.7,23.8,34.8,25.8,0.00,0.00,16.8,269,26.15,6.47
2010-07-19,33.6,22.4,37.2,25.7,4.80,0.00,14.5,224,22.67,5.18
2010-07-20,30.6,23.1,32.9,26.6,0.00,0.00,13.3,291,19.88,4.60
2010-07-21,32.6,22.9,36.1,26.9,1.50,0.00,12.8,247,22.02,5.18
2010-07-22,30.6,22.3,29.9,23.5,0.00,0.00,23.3,301,24.81,6.53
2010-07-23,31.4,21.5,35.1,23.8,0.10,0.00,13.4,191,12.51,3.71
2010-07-24,34.7,26.2,39.2,30.4,1.30,0.00,14.2,267,20.32,5.39
2010-07-25,31.8,22.2,35.1,23.5,11.50,0.00,16.2,300,16.44,4.13
2010-07-26,29.2,19.1,28.5,20.2,0.00,0.00,21.1,314,27.14,6.40
2010-07-27,31.6,18.0,32.8,18.5,0.00,0.00,9.9,290,27.36,6.03
2010-07-28,30.7,20.3,32.6,22.6,0.10,0.00,17.3,223,22.68,5.46
2010-07-29,30.5,23.9,33.6,23.1,1.70,0.00,18.8,290,19.50,5.12
2010-07-30,27.6,19.5,28.1,19.1,0.10,0.00,15.7,341,22.27,5.36
2010-07-31,28.1,18.9,29.0,18.1,0.00,0.00,14.1,15,24.69,5.67
2010-08-01,27.1,20.2,28.9,22.1,4.00,0.00,10.0,127,16.50,3.49
2010-08-02,27.3,19.4,29.0,21.8,0.00,0.00,15.3,173,20.51,4.53
2010-08-03,29.0,21.0,30.6,22.0,0.10,0.00,16.2,202,17.00,4.48
2010-08-04,31.5,23.2,34.8,26.0,0.10,0.00,13.7,208,17.45,4.35
2010-08-05,33.9,24.6,36.1,28.7,0.20,0.00,20.0,253,19.12,5.11
2010-08-06,30.4,23.1,31.3,22.1,0.00,0.00,18.6,307,21.90,6.09
2010-08-07,29.1,20.0,29.4,20.2,0.00,0.00,12.4,223,22.75,5.21
2010-08-08,30.0,21.0,29.7,23.2,0.00,0.00,18.2,182,17.71,4.65
2010-08-09,33.3,21.0,35.5,23.8,0.00,0.00,14.8,209,20.46,5.30
2010-08-10,32.5,23.9,35.2,27.2,1.50,0.00,13.3,242,16.15,4.01
2010-08-11,32.7,24.1,35.1,26.7,0.00,0.00,11.7,28,22.78,5.43
2010-08-12,25.3,21.7,27.1,22.9,3.40,0.00,15.7,96,6.66,2.18
2010-08-13,26.8,20.5,27.5,20.6,0.50,0.00,12.9,94,17.27,4.29
2010-08-14,26.0,17.1,25.9,17.5,0.00,0.00,14.5,123,23.26,5.03
2010-08-15,26.8,18.7,26.6,20.1,7.30,0.00,18.3,157,10.63,2.67
2010-08-16,30.0,21.2,34.3,23.5,2.10,0.00,12.2,195,14.18,3.23
2010-08-17,30.9,21.6,33.3,25.2,1.30,0.00,11.8,252,20.05,4.47
2010-08-18,25.9,20.4,27.2,21.5,0.40,0.00,10.0,74,9.22,2.42
2010-08-19,30.1,19.5,33.2,22.1,0.00,0.00,11.8,185,23.92,5.01
2010-08-20,31.3,19.9,31.2,21.5,0.00,0.00,15.0,327,22.91,5.55
2010-08-21,28.2,17.9,29.9,17.2,0.00,0.00,12.0,89,19.41,4.58
2010-08-22,24.7,22.3,27.8,24.5,35.20,0.00,20.5,131,3.74,0.98
2010-08-23,22.2,18.9,26.6,17.6,5.60,0.00,17.8,28,6.74,1.65
2010-08-24,20.1,17.8,20.0,16.7,0.20,0.00,24.4,20,3.59,1.69
2010-08-25,21.1,17.2,22.9,17.3,7.60,0.00,16.6,339,4.27,1.09
2010-08-26,26.5,17.5,28.4,18.3,0.00,0.00,15.9,301,20.69,4.43
2010-08-27,24.8,14.8,24.5,14.3,0.00,0.00,13.4,318,24.21,4.80
2010-08-28,26.7,14.4,27.3,14.4,0.00,0.00,11.3,330,23.85,4.56
2010-08-29,33.0,17.2,34.3,17.4,0.00,0.00,9.5,295,24.04,5.23
2010-08-30,32.2,18.8,33.0,19.4,0.00,0.00,13.0,331,24.18,5.61
2010-08-31,34.3,20.6,35.6,21.8,0.00,0.00,11.5,317,21.73,5.34
2010-09-01,34.1,21.4,35.9,24.8,0.00,0.00,12.6,210,20.57,5.04
2010-09-02,33.6,22.7,35.2,25.2,0.00,0.00,18.0,206,20.11,5.57
2010-09-03,28.3,21.8,30.7,25.1,0.20,0.00,17.7,57,10.44,2.69
2010-09-04,27.3,20.2,26.2,17.0,0.00,0.00,28.8,276,19.58,6.31
2010-09-05,24.5,15.5,22.5,13.7,0.00,0.00,17.3,268,23.07,5.36
2010-09-06,26.1,15.6,25.5,14.9,0.00,0.00,14.2,188,22.58,4.78
2010-09-07,30.6,17.9,30.8,18.0,0.00,0.00,18.1,206,21.78,5.49
2010-09-08,31.3,20.5,29.3,17.8,0.10,0.00,22.9,262,21.31,6.66
2010-09-09,22.0,17.1,18.5,15.0,0.00,0.00,23.9,303,10.39,4.07
2010-09-10,22.2,15.5,19.6,14.2,0.00,0.00,17.1,319,12.43,3.73
2010-09-11,25.6,14.3,24.9,13.0,0.00,0.00,11.7,354,20.78,4.45
2010-09-12,19.5,17.4,18.5,16.8,4.20,0.00,17.4,106,4.63,1.58
2010-09-13,23.9,16.3,23.4,17.0,0.60,0.00,9.2,300,16.17,3.21
2010-09-14,26.1,14.3,24.8,14.5,0.00,0.00,21.1,301,19.89,4.42
2010-09-15,22.0,13.5,19.2,11.7,0.00,0.00,21.8,312,20.58,4.41
2010-09-16,24.2,11.9,26.4,10.6,5.60,0.00,23.5,142,12.90,2.64
2010-09-17,21.7,15.9,21.0,14.6,9.10,0.00,17.7,319,13.43,2.69
2010-09-18,20.4,15.4,20.2,14.4,0.00,0.00,10.5,70,7.90,1.85
2010-09-19,25.9,13.4,27.4,13.4,0.00,0.00,10.5,207,17.43,3.32
2010-09-20,22.6,15.2,19.9,12.8,0.00,0.00,19.4,349,20.24,4.45
2010-09-21,22.6,10.4,20.5,9.0,0.00,0.00,16.5,225,20.32,4.11
2010-09-22,30.2,16.4,31.2,15.3,2.10,0.00,15.8,229,18.73,4.27
2010-09-23,25.9,17.5,27.9,18.9,0.00,0.00,16.1,102,17.23,3.34
2010-09-24,29.6,18.1,32.4,20.3,0.00,0.00,15.8,191,13.49,3.16
2010-09-25,30.8,21.7,30.5,19.7,0.00,0.00,18.5,253,17.46,5.42
2010-09-26,23.7,17.1,23.1,15.5,0.70,0.00,16.2,41,10.54,2.98
2010-09-27,21.6,17.2,24.2,16.3,16.10,0.00,21.9,85,1.82,0.71
2010-09-28,23.3,20.6,25.5,22.3,14.20,0.00,20.3,176,3.78,0.99
2010-09-29,24.8,16.4,25.9,17.5,0.00,0.00,11.6,241,15.04,2.87
2010-09-30,24.1,18.9,25.4,20.6,18.80,0.00,30.5,157,3.46,1.07
2010-10-01,22.9,15.2,25.1,12.0,46.70,0.00,33.2,347,2.20,1.10
2010-10-02,18.4,11.5,17.2,9.5,0.00,0.00,18.9,329,18.29,3.23
2010-10-03,16.2,11.5,12.9,8.3,7.20,0.00,21.7,39,7.30,2.05
2010-10-04,13.3,11.1,10.5,8.0,17.40,0.00,22.6,22,2.64,0.95
2010-10-05,17.6,12.6,16.6,9.8,3.30,0.00,21.6,22,6.53,1.28
2010-10-06,16.5,11.8,14.3,9.5,0.20,0.00,13.6,224,11.92,2.20
2010-10-07,20.6,9.8,17.5,7.0,0.00,0.00,25.5,270,13.41,2.74
2010-10-08,21.4,10.3,18.4,7.8,0.00,0.00,18.7,266,16.94,3.54
2010-10-09,21.4,11.7,19.2,8.4,0.00,0.00,15.7,310,16.49,3.51
2010-10-10,19.9,6.7,17.2,4.6,0.00,0.00,15.1,262,17.03,3.16
2010-10-11,23.4,11.6,23.2,10.5,0.50,0.00,9.4,269,15.64,2.81
2010-10-12,19.0,13.2,19.4,10.9,13.60,0.00,12.6,318,8.98,1.63
2010-10-13,16.7,8.4,14.8,5.5,0.00,0.00,13.0,1,16.43,2.65
2010-10-14,16.1,10.0,13.9,8.5,10.80,0.00,13.2,88,7.85,1.42
2010-10-15,14.0,9.3,10.0,5.5,1.30,0.00,33.5,288,10.39,2.29
2010-10-16,14.1,9.5,8.8,4.8,0.30,0.00,33.7,310,9.97,2.65
2010-10-17,19.6,7.0,16.8,3.6,0.00,0.00,17.7,274,14.33,2.82
2010-10-18,15.1,7.9,11.5,5.1,1.10,0.00,18.4,288,12.67,2.41
2010-10-19,14.1,8.9,11.6,6.8,2.40,0.00,9.1,239,7.20,1.34
2010-10-20,15.7,6.1,13.1,4.3,0.00,0.00,9.8,227,10.96,1.85
2010-10-21,16.1,7.5,11.1,4.1,0.00,0.00,23.8,252,11.88,2.24
2010-10-22,10.7,5.5,5.1,1.5,0.00,0.00,25.0,288,11.36,2.27
2010-10-23,17.0,5.0,13.9,0.8,0.00,0.00,15.6,256,13.44,2.48
2010-10-24,18.6,8.7,18.5,7.1,0.20,0.00,9.0,93,11.78,1.88
2010-10-25,21.6,9.9,21.2,9.0,1.70,0.00,15.5,192,10.74,2.03
2010-10-26,21.3,16.6,21.7,17.2,0.00,0.00,15.3,187,6.02,1.31
2010-10-27,21.9,18.4,24.7,19.0,10.30,0.00,17.2,205,2.59,0.64
2010-10-28,22.7,13.4,21.1,9.7,0.00,0.00,19.5,254,12.38,2.78
2010-10-29,13.2,8.0,9.4,3.7,0.00,0.00,22.8,308,8.15,2.25
2010-10-30,13.4,5.3,8.5,1.6,0.00,0.00,20.1,239,12.38,2.53
2010-10-31,13.5,5.9,9.1,1.7,0.00,0.00,21.1,288,12.87,2.70
2010-11-01,9.1,2.5,4.9,-2.1,0.00,0.00,14.5,333,13.14,2.06
2010-11-02,9.6,1.7,6.2,-2.1,0.00,0.00,13.6,346,13.06,1.72
2010-11-03,10.8,4.9,7.4,3.2,0.00,0.00,11.1,168,12.52,1.67
2010-11-04,9.7,6.3,6.9,3.9,24.80,0.00,20.6,35,0.83,0.28
2010-11-05,10.9,5.5,7.5,2.5,1.70,0.00,16.6,286,3.96,0.80
2010-11-06,10.2,3.2,6.6,-0.7,0.00,0.00,16.9,345,10.16,1.60
2010-11-07,9.5,2.5,4.4,-1.6,0.00,0.00,18.8,333,12.24,2.01
2010-11-08,5.9,3.6,0.5,-2.1,3.10,0.14,27.2,318,2.24,1.16
2010-11-09,12.1,4.1,7.7,-1.0,0.00,0.00,21.7,345,9.99,1.71
2010-11-10,13.0,6.5,9.4,1.7,0.00,0.00,19.2,1,8.70,1.94
2010-11-11,11.9,4.3,8.3,-0.2,0.00,0.00,17.6,16,11.84,2.09
2010-11-12,14.6,3.2,11.3,-1.2,0.00,0.00,14.3,14,11.65,2.04
2010-11-13,16.0,2.7,13.8,-0.5,0.00,0.00,9.7,0,11.38,1.80
2010-11-14,14.5,3.9,12.2,1.4,0.00,0.00,9.6,83,10.45,1.45
2010-11-15,13.9,5.5,13.0,3.4,0.00,0.00,7.7,92,5.93,0.90
2010-11-16,13.3,8.0,11.8,7.0,7.50,0.00,21.8,111,3.33,0.60
2010-11-17,14.7,9.1,14.0,3.7,14.40,0.00,32.6,235,8.07,2.09
2010-11-18,12.3,5.4,8.5,1.8,0.00,0.00,21.8,274,8.80,1.88
2010-11-19,8.1,1.6,3.6,-1.6,0.00,0.00,15.6,301,9.77,1.42
2010-11-20,12.2,1.3,8.3,-2.6,0.00,0.00,19.3,248,9.63,1.63
2010-11-21,7.5,1.2,4.1,-2.4,0.00,0.00,11.1,55,10.06,1.33
2010-11-22,16.4,4.1,14.3,1.4,0.00,0.00,13.9,183,8.39,1.36
2010-11-23,15.6,8.3,14.3,6.5,0.10,0.00,15.5,235,5.21,1.02
2010-11-24,10.2,3.8,5.9,-1.7,0.00,0.00,22.8,312,10.16,2.38
2010-11-25,5.6,1.3,2.6,-2.0,3.50,0.07,11.4,287,4.01,0.82
2010-11-26,11.5,3.7,9.7,-1.0,4.60,0.00,20.7,253,4.48,0.99
2010-11-27,5.6,0.3,-0.7,-5.0,0.00,0.00,27.0,264,9.49,1.94
2010-11-28,7.5,-1.7,3.7,-5.7,0.00,0.00,13.9,292,9.76,1.27
2010-11-29,7.9,0.6,4.9,-2.7,0.00,0.00,9.7,99,9.63,1.11
2010-11-30,13.0,2.7,9.9,-0.9,1.00,0.00,20.5,123,2.50,0.83
2010-12-01,15.1,3.7,12.9,-1.1,28.70,0.00,38.0,160,0.77,0.60
2010-12-02,5.4,0.5,0.7,-4.2,0.00,0.00,17.3,285,9.39,1.52
2010-12-03,4.5,-0.4,0.3,-4.6,0.00,0.00,13.5,307,6.85,1.14
2010-12-04,3.9,-1.0,-2.3,-5.9,0.00,0.00,22.3,300,7.79,1.35
2010-12-05,1.6,-1.4,-4.4,-6.9,0.00,0.00,25.4,300,7.70,1.44
2010-12-06,1.5,-1.5,-5.5,-7.2,0.00,0.00,28.8,280,6.03,1.51
2010-12-07,1.8,-1.9,-4.8,-7.8,0.00,0.00,25.0,280,6.74,1.47
2010-12-08,0.5,-4.1,-5.7,-8.5,0.00,0.00,22.3,290,7.03,1.34
2010-12-09,-1.5,-5.2,-7.9,-10.2,0.00,0.00,20.2,304,9.07,1.20
2010-12-10,0.7,-6.5,-3.9,-10.8,0.00,0.00,10.5,122,5.41,0.77
2010-12-11,5.7,-3.9,2.5,-7.7,0.00,0.00,9.1,232,7.27,0.81
2010-12-12,11.8,0.7,8.6,-3.1,23.60,0.00,30.9,127,0.97,0.34
2010-12-13,6.2,-2.9,4.9,-9.7,5.40,0.35,23.7,286,1.60,0.59
2010-12-14,-3.6,-6.7,-10.5,-13.2,0.20,0.49,23.6,303,8.00,1.37
2010-12-15,-2.5,-6.9,-9.4,-12.6,0.00,0.00,24.0,290,7.57,1.20
2010-12-16,-0.9,-5.5,-6.1,-11.0,0.00,0.00,15.8,241,7.63,1.01
2010-12-17,2.0,-6.5,-3.1,-11.4,0.00,0.00,15.3,288,9.03,1.00
2010-12-18,2.3,-5.6,-2.1,-9.6,0.00,0.00,9.1,262,7.82,0.85
2010-12-19,2.5,-4.6,-1.9,-8.8,0.00,0.00,11.7,356,5.37,0.77
2010-12-20,2.6,-4.1,-4.0,-9.5,0.00,0.00,23.5,329,9.04,1.35
2010-12-21,3.4,-2.9,-2.5,-9.3,0.00,0.00,24.6,324,8.60,1.45
2010-12-22,3.7,-2.9,-1.7,-7.6,0.00,0.00,17.6,315,8.86,1.22
2010-12-23,2.0,-2.0,-5.1,-8.3,0.00,0.00,27.9,321,6.84,1.42
2010-12-24,3.8,-2.2,-1.1,-8.1,0.00,0.00,20.9,328,8.49,1.32
2010-12-25,1.1,-3.8,-2.6,-7.9,0.00,0.00,9.3,325,4.86,0.67
2010-12-26,-1.4,-6.3,-6.4,-15.2,15.50,10.92,41.3,1,2.28,0.65
2010-12-27,-5.0,-7.8,-12.9,-15.7,9.70,6.86,37.1,321,7.87,0.92
2010-12-28,0.9,-8.0,-4.8,-15.6,0.00,0.00,28.9,295,8.36,0.96
2010-12-29,0.2,-7.2,-3.5,-11.8,0.00,0.00,12.2,283,9.46,0.70
2010-12-30,-0.4,-8.4,-4.2,-12.6,0.00,0.00,10.4,276,9.25,0.66
2010-12-31,2.3,-5.9,-0.8,-10.2,0.00,0.00,9.8,233,8.37,0.68
2011-01-01,4.8,-2.7,2.1,-6.4,0.00,0.00,11.5,211,8.20,0.69
2011-01-02,5.3,1.8,2.9,-3.0,1.50,0.00,18.1,272,1.53,0.28
2011-01-03,1.3,-5.1,-3.7,-10.2,0.00,0.00,18.0,299,9.64,1.14
2011-01-04,3.4,-5.5,-1.0,-10.3,0.00,0.00,11.8,228,8.62,1.05
2011-01-05,2.8,-5.3,-2.3,-9.9,0.00,0.00,15.7,283,8.32,0.99
2011-01-06,0.4,-4.8,-3.6,-8.8,0.00,0.00,7.9,282,7.24,0.76
2011-01-07,1.4,-5.3,-2.3,-9.8,2.60,1.75,9.9,166,4.35,0.58
2011-01-08,-0.6,-7.9,-4.3,-12.8,0.80,0.91,12.0,282,5.90,0.69
2011-01-09,-0.9,-4.9,-7.9,-10.9,0.00,0.07,26.2,301,9.61,1.23
2011-01-10,0.6,-7.3,-4.8,-11.9,0.00,0.00,19.3,299,9.81,1.08
2011-01-11,-0.5,-8.7,-4.5,-13.5,2.50,1.82,12.4,29,8.43,0.78
2011-01-12,-0.5,-6.9,-6.3,-13.1,12.60,8.89,21.7,300,8.67,0.80
2011-01-13,-3.4,-10.1,-8.6,-15.1,0.00,0.00,21.2,306,10.80,0.82
2011-01-14,-4.4,-15.4,-8.9,-20.6,0.00,0.00,11.2,297,9.39,0.60
2011-01-15,0.6,-9.9,-3.7,-14.9,0.00,0.00,15.8,214,9.72,0.84
2011-01-16,0.0,-9.4,-4.0,-14.5,0.00,0.00,18.1,288,10.47,0.91
2011-01-17,-4.3,-12.2,-8.8,-17.2,0.00,0.00,10.5,24,10.52,0.81
2011-01-18,5.5,-3.9,2.0,-8.4,25.90,6.30,21.3,43,1.40,0.28
2011-01-19,4.1,-0.7,1.0,-5.2,1.50,0.00,14.1,290,6.91,0.65
2011-01-20,0.1,-6.4,-3.2,-11.1,0.00,0.00,13.3,308,8.87,0.84
2011-01-21,-0.3,-9.1,-3.8,-15.2,6.60,4.83,28.1,294,10.79,0.93
2011-01-22,-5.8,-15.4,-9.7,-20.4,0.00,0.00,17.9,294,10.53,0.70
2011-01-23,-5.7,-17.1,-12.1,-22.6,0.00,0.00,20.4,299,11.95,0.78
2011-01-24,-8.0,-18.9,-12.7,-24.2,0.00,0.00,11.0,344,12.12,0.68
2011-01-25,1.1,-8.1,-2.3,-12.6,0.00,0.21,10.8,210,7.03,0.72
2011-01-26,0.2,-7.5,-4.6,-12.3,12.40,8.75,29.9,30,3.31,0.39
2011-01-27,1.0,-3.1,-3.3,-8.1,10.80,7.56,28.9,308,10.30,0.94
2011-01-28,0.1,-6.6,-3.4,-10.6,0.00,0.00,9.0,224,8.77,0.75
2011-01-29,0.3,-7.5,-3.9,-12.0,0.20,0.28,9.8,262,10.61,0.79
2011-01-30,1.5,-9.5,-2.7,-13.8,0.00,0.00,12.0,290,11.35,0.84
2011-01-31,-3.1,-13.6,-6.8,-18.6,0.00,0.00,10.6,357,12.71,0.82
2011-02-01,0.0,-6.9,-4.1,-11.2,5.90,2.10,15.2,34,1.88,0.32
2011-02-02,4.5,-3.3,1.7,-8.2,17.00,0.14,26.1,11,1.80,0.44
2011-02-03,-1.6,-11.0,-6.4,-15.8,0.00,0.00,17.7,297,13.28,1.03
2011-02-04,-0.5,-15.2,-5.5,-20.6,0.00,0.00,15.1,247,12.21,0.88
2011-02-05,6.5,-7.8,3.8,-12.2,3.90,0.00,28.0,193,1.47,0.29
2011-02-06,4.4,-3.8,0.8,-7.6,0.00,0.00,30.4,272,13.47,1.42
2011-02-07,4.2,-6.0,1.1,-9.4,0.80,0.00,10.0,176,11.83,1.10
2011-02-08,2.7,-8.5,-0.9,-15.1,2.10,0.00,29.1,293,13.17,1.15
2011-02-09,-2.1,-13.0,-7.2,-18.0,0.00,0.00,18.5,257,12.90,1.05
2011-02-10,-3.6,-11.8,-8.9,-16.9,0.20,0.28,16.2,287,14.68,1.09
2011-02-11,1.6,-13.5,-2.7,-18.4,0.00,0.00,13.5,239,14.73,1.29
2011-02-12,2.5,-8.6,-3.4,-13.7,0.00,0.00,27.3,254,10.86,1.25
2011-02-13,6.2,-6.9,1.2,-11.7,0.00,0.00,21.2,221,11.19,1.50
2011-02-14,12.7,2.8,6.9,-3.5,0.00,0.00,27.6,250,13.80,2.54
2011-02-15,1.7,-6.5,-4.8,-13.1,0.00,0.00,27.8,315,15.61,1.73
2011-02-16,6.7,-6.1,2.5,-11.0,0.00,0.00,15.5,215,14.55,1.74
2011-02-17,13.1,2.5,10.5,-1.2,0.00,0.00,12.1,225,11.00,1.66
2011-02-18,18.5,5.9,16.8,3.0,0.00,0.00,26.1,245,11.08,1.95
2011-02-19,8.8,-4.7,1.7,-12.4,0.00,0.00,35.6,300,13.54,2.75
2011-02-20,3.9,-7.7,-1.2,-14.5,0.00,0.00,28.7,320,16.01,1.88
2011-02-21,2.5,-3.8,-2.5,-9.2,3.00,2.31,18.1,20,8.39,1.00
2011-02-22,1.4,-7.9,-3.2,-13.5,1.70,1.19,15.8,352,16.53,1.49
2011-02-23,5.3,-7.5,1.4,-12.7,0.00,0.00,11.5,340,17.01,1.80
2011-02-24,6.9,-4.3,2.5,-8.4,0.10,0.00,14.3,157,13.53,1.60
2011-02-25,11.8,-0.5,9.6,-7.0,28.20,0.00,29.6,259,2.16,0.48
2011-02-26,5.9,-2.5,2.0,-7.2,0.00,0.00,23.2,268,15.18,1.85
2011-02-27,9.6,1.4,6.3,-2.3,0.00,0.07,17.1,272,16.32,1.98
2011-02-28,17.7,2.5,15.9,-1.3,7.10,0.00,20.7,189,6.24,1.23
2011-03-01,6.4,-1.7,2.2,-6.8,0.00,0.00,21.3,333,17.66,2.22
2011-03-02,11.2,-3.4,5.6,-10.5,0.00,0.00,26.7,260,16.70,2.62
2011-03-03,0.3,-6.5,-4.1,-12.5,0.00,0.00,22.6,347,18.42,1.90
2011-03-04,4.1,-5.1,-0.9,-8.9,0.00,0.00,18.6,139,15.65,1.63
2011-03-05,13.6,2.3,9.6,-1.1,0.00,0.00,22.1,173,11.47,1.76
2011-03-06,12.1,9.2,9.3,5.9,37.60,0.00,29.6,170,3.94,0.91
2011-03-07,11.0,0.1,7.2,-6.1,21.60,0.21,29.8,318,16.39,1.98
2011-03-08,7.5,-3.2,4.9,-7.6,0.00,0.00,12.9,26,18.13,2.19
2011-03-09,5.2,-2.0,-0.2,-6.0,0.10,0.00,21.6,90,9.37,1.17
2011-03-10,9.7,2.9,5.2,-2.5,17.10,0.00,29.3,110,2.43,0.60
2011-03-11,12.8,5.5,9.7,0.8,29.20,0.00,33.4,193,12.97,2.00
2011-03-12,12.5,2.1,8.2,-2.6,0.00,0.00,22.7,243,18.09,2.70
2011-03-13,9.7,3.2,4.1,-0.6,0.00,0.00,22.2,283,15.38,2.32
2011-03-14,6.9,-1.1,2.9,-4.6,0.00,0.00,12.1,321,10.38,1.47
2011-03-15,7.5,-2.4,4.2,-6.3,0.00,0.00,15.6,114,14.30,1.68
2011-03-16,11.2,2.8,9.1,-0.8,12.30,0.00,15.2,360,8.79,1.22
2011-03-17,16.2,3.6,13.9,0.8,0.00,0.00,13.0,263,20.24,3.00
2011-03-18,23.1,8.2,21.2,4.7,0.00,0.00,18.9,254,19.15,3.75
2011-03-19,10.3,3.3,6.1,-1.8,0.00,0.00,21.3,326,20.07,3.04
2011-03-20,8.2,-0.4,6.2,-4.8,0.00,0.00,16.6,22,21.61,2.84
2011-03-21,8.1,2.3,6.6,-1.3,10.90,0.91,16.7,156,3.58,0.62
2011-03-22,10.8,3.7,7.3,-0.2,0.00,0.00,18.4,325,19.99,2.58
2011-03-23,5.1,0.9,1.5,-3.8,13.40,4.13,17.9,74,2.99,0.46
2011-03-24,7.0,-0.1,2.2,-5.1,2.70,1.82,19.3,356,16.37,1.99
2011-03-25,5.3,-2.7,1.3,-7.4,0.00,0.00,17.7,307,20.20,2.53
2011-03-26,4.4,-3.6,-1.4,-9.3,0.00,0.00,20.6,310,22.65,2.63
2011-03-27,6.3,-2.3,1.5,-7.6,0.00,0.00,19.2,310,22.18,2.90
2011-03-28,7.0,-3.7,1.7,-9.4,0.00,0.00,20.4,301,23.38,3.08
2011-03-29,9.9,-2.5,3.5,-7.5,0.00,0.00,23.8,307,21.84,3.00
2011-03-30,10.2,-2.4,8.7,-6.3,0.00,0.00,16.4,226,19.62,2.60
2011-03-31,4.5,2.0,1.1,-1.9,4.20,0.00,15.2,55,4.22,0.70
2011-04-01,5.8,1.6,2.2,-2.5,6.60,0.00,17.9,327,6.16,0.80
2011-04-02,11.5,0.9,6.1,-4.0,0.00,0.00,22.2,279,21.44,3.23
2011-04-03,13.4,2.3,8.6,-2.3,0.00,0.00,26.1,290,20.85,3.26
2011-04-04,17.4,4.8,16.4,2.1,1.50,0.00,15.5,148,11.51,2.17
2011-04-05,17.7,4.4,15.5,-0.9,22.60,0.00,29.5,253,4.94,1.40
2011-04-06,12.4,1.1,7.5,-3.3,3.80,0.00,25.1,272,19.56,3.04
2011-04-07,9.1,3.5,6.9,1.0,2.10,0.00,14.3,53,9.94,1.37
2011-04-08,8.2,2.7,5.3,-0.2,2.90,0.00,10.0,92,7.78,1.13
2011-04-09,12.5,1.3,11.1,-1.7,0.10,0.00,13.0,124,23.77,3.09
2011-04-10,13.8,4.7,12.4,1.6,0.00,0.00,13.9,165,14.40,2.28
2011-04-11,24.7,8.6,26.2,6.4,0.10,0.00,17.4,206,17.41,3.19
2011-04-12,18.8,8.5,19.2,4.0,9.70,0.00,25.8,28,6.30,1.37
2011-04-13,13.5,6.6,12.2,1.4,7.70,0.00,28.0,65,7.50,1.18
2011-04-14,19.0,7.6,17.1,5.1,0.00,0.00,13.7,315,23.44,3.63
2011-04-15,10.6,4.7,8.0,0.9,0.00,0.00,16.7,74,20.22,2.90
2011-04-16,12.0,4.3,7.8,-0.2,19.90,0.00,33.7,109,4.30,0.94
2011-04-17,15.0,8.9,10.9,5.6,10.70,0.00,28.2,241,23.95,3.77
2011-04-18,16.0,4.2,13.1,1.5,0.00,0.00,15.5,240,18.88,3.06
2011-04-19,12.4,6.7,9.9,4.0,3.00,0.00,14.5,47,7.80,1.26
2011-04-20,22.9,6.4,24.9,3.2,0.00,0.00,15.5,99,19.83,3.25
2011-04-21,15.7,6.4,14.0,2.0,0.00,0.00,30.5,312,23.48,4.08
2011-04-22,8.5,1.9,4.8,-1.6,0.30,0.00,13.2,82,13.04,2.10
2011-04-23,15.7,5.8,15.6,2.3,18.00,0.00,17.4,151,4.37,0.86
2011-04-24,24.9,12.6,26.7,11.8,14.70,0.00,14.2,246,19.42,3.42
2011-04-25,20.3,13.0,21.8,12.1,1.00,0.00,13.0,88,12.51,2.04
2011-04-26,25.1,13.1,26.9,12.6,0.00,0.00,20.2,179,24.37,4.23
2011-04-27,22.5,17.2,23.0,17.3,0.00,0.00,22.3,176,12.57,2.20
2011-04-28,23.0,17.3,22.9,16.8,6.50,0.00,27.3,193,9.53,1.97
2011-04-29,19.4,11.5,17.4,9.3,0.00,0.00,22.6,264,23.59,4.47
2011-04-30,17.1,8.6,14.6,5.4,0.00,0.00,17.0,341,21.07,3.54
2011-05-01,18.2,6.5,18.7,4.0,0.00,0.00,14.5,122,26.65,4.20
2011-05-02,17.6,8.9,16.4,6.6,0.00,0.00,12.4,146,15.36,2.63
2011-05-03,21.3,12.1,22.4,11.3,0.00,0.00,18.1,130,20.80,3.44
2011-05-04,17.0,8.9,16.9,5.1,8.80,0.00,18.7,298,5.59,1.11
2011-05-05,16.9,7.6,11.6,3.7,0.00,0.00,26.7,302,25.65,4.43
2011-05-06,19.4,5.7,17.1,2.5,0.00,0.00,17.0,219,25.05,4.40
2011-05-07,20.0,8.7,19.6,6.8,0.20,0.00,14.2,274,26.62,4.59
2011-05-08,20.2,8.8,19.3,6.7,0.00,0.00,10.8,343,22.66,4.01
2011-05-09,19.9,9.4,17.3,7.3,0.00,0.00,19.8,359,26.83,4.76
2011-05-10,21.0,10.0,18.1,6.5,0.00,0.00,17.8,6,25.08,4.70
2011-05-11,19.0,9.7,17.4,8.1,0.00,0.00,17.7,28,15.98,2.87
2011-05-12,19.2,11.0,18.4,9.3,0.00,0.00,14.2,144,22.90,3.75
2011-05-13,19.0,9.1,19.4,8.1,0.00,0.00,13.0,171,22.04,3.61
2011-05-14,17.9,11.8,16.5,10.6,1.30,0.00,15.4,158,11.29,2.09
2011-05-15,20.5,13.6,21.7,13.0,18.00,0.00,14.0,137,7.22,1.32
2011-05-16,18.1,13.9,18.3,13.0,8.30,0.00,20.0,74,5.80,0.87
2011-05-17,16.8,12.9,16.0,10.7,31.10,0.00,26.6,64,4.35,0.71
2011-05-18,19.5,14.7,19.8,13.6,29.40,0.00,19.7,98,6.40,1.11
2011-05-19,21.4,15.0,22.4,15.3,1.30,0.00,14.1,124,16.95,2.90
2011-05-20,18.6,12.7,18.8,13.1,2.30,0.00,8.9,173,16.04,2.64
2011-05-21,22.0,12.4,23.3,11.8,0.40,0.00,10.5,14,17.50,3.03
2011-05-22,15.9,13.2,14.8,11.5,0.00,0.00,14.3,127,9.61,1.70
2011-05-23,20.1,13.6,20.7,12.1,7.50,0.00,19.7,151,9.02,1.76
2011-05-24,26.5,18.4,28.5,19.9,2.00,0.00,15.9,245,23.21,4.36
2011-05-25,25.5,16.4,28.2,17.3,0.00,0.00,11.8,209,26.43,4.96
2011-05-26,26.1,15.9,30.1,16.2,0.00,0.00,16.5,142,26.41,4.52
2011-05-27,28.6,18.3,32.9,20.0,0.00,0.00,14.4,151,25.67,5.08
2011-05-28,26.1,18.3,29.1,20.3,1.20,0.00,16.9,173,23.43,4.35
2011-05-29,26.3,18.5,28.7,19.6,0.20,0.00,13.1,187,19.45,3.81
2011-05-30,29.9,20.9,33.6,22.9,9.40,0.00,13.5,290,19.53,4.08
2011-05-31,28.3,19.6,33.2,21.3,0.00,0.00,13.3,74,28.80,5.51
2011-06-01,31.2,18.8,33.9,20.8,0.00,0.00,18.4,213,21.95,4.88
2011-06-02,24.1,15.8,25.6,12.7,0.00,0.00,27.1,299,30.16,6.47
2011-06-03,22.9,13.2,20.3,10.1,0.00,0.00,21.2,312,30.76,6.22
2011-06-04,24.0,11.9,23.5,10.3,0.00,0.00,14.8,321,26.20,5.41
2011-06-05,18.8,14.1,18.0,13.2,0.00,0.00,14.4,127,14.09,2.73
2011-06-06,25.3,14.3,26.2,14.7,0.60,0.00,10.3,103,22.89,4.33
2011-06-07,30.0,16.9,30.8,16.9,0.00,0.00,15.6,256,27.40,5.95
2011-06-08,34.1,19.7,37.3,21.8,0.00,0.00,10.5,260,28.70,6.36
2011-06-09,35.4,22.2,39.1,25.0,1.60,0.00,11.4,239,25.57,5.96
2011-06-10,30.0,20.8,35.1,23.1,1.40,0.00,12.2,170,26.25,5.48
2011-06-11,22.9,17.6,24.1,18.2,3.80,0.00,17.1,87,8.78,1.87
2011-06-12,23.1,16.9,26.0,17.3,13.00,0.00,14.3,63,12.54,2.43
2011-06-13,22.0,17.4,21.2,17.8,1.90,0.00,13.5,332,18.21,3.59
2011-06-14,19.1,14.8,20.3,14.1,17.90,0.00,13.4,7,18.47,3.12
2011-06-15,26.3,13.6,26.3,12.0,0.00,0.00,13.4,332,28.32,5.33
2011-06-16,27.1,16.2,26.8,16.9,0.00,0.00,15.5,222,22.05,4.80
2011-06-17,24.5,18.1,27.8,18.2,21.70,0.00,17.7,182,14.77,2.88
2011-06-18,27.0,16.8,28.8,18.2,0.00,0.00,12.0,268,23.40,4.54
2011-06-19,26.5,18.0,28.2,18.9,0.00,0.00,11.3,17,26.28,5.11
2011-06-20,25.1,16.3,27.3,17.2,0.00,0.00,12.0,159,23.39,4.53
2011-06-21,26.8,18.1,29.1,18.4,0.00,0.00,11.4,218,18.27,3.75
2011-06-22,26.1,19.5,29.0,22.1,3.00,0.00,14.5,151,16.20,3.15
2011-06-23,23.8,19.3,27.3,21.2,18.20,0.00,13.4,87,7.14,1.36
2011-06-24,23.5,18.9,25.8,20.2,11.30,0.00,14.7,105,11.62,2.21
2011-06-25,25.6,18.4,29.3,20.8,0.00,0.00,11.5,225,20.58,3.96
2011-06-26,25.4,18.0,26.4,19.7,0.20,0.00,11.4,275,20.01,4.03
2011-06-27,26.2,17.7,28.7,18.5,0.00,0.00,11.2,212,21.15,4.19
2011-06-28,26.8,19.9,30.1,22.6,0.00,0.00,11.5,171,19.72,3.96
2011-06-29,26.6,20.8,27.0,20.9,1.30,0.00,18.0,294,24.89,5.04
2011-06-30,26.4,17.4,26.5,17.0,0.00,0.00,15.0,306,26.69,5.57
2011-07-01,27.2,15.3,27.9,14.9,0.00,0.00,13.5,336,25.96,5.34
2011-07-02,28.4,18.0,29.7,19.8,0.00,0.00,14.2,208,23.52,5.00
2011-07-03,25.4,20.0,28.2,21.6,10.80,0.00,11.9,207,10.47,2.37
2011-07-04,29.7,19.8,32.4,22.6,0.00,0.00,11.9,289,21.91,4.63
2011-07-05,30.5,18.3,31.3,19.3,0.00,0.00,11.8,291,30.17,6.40
2011-07-06,31.3,18.7,33.3,20.3,0.10,0.00,15.1,222,23.81,5.47
2011-07-07,31.5,21.2,34.9,24.0,1.90,0.00,10.7,255,24.38,5.38
2011-07-08,28.6,21.9,32.7,25.0,23.90,0.00,13.8,87,15.25,3.11
2011-07-09,29.9,20.1,31.7,22.2,5.70,0.00,13.3,335,29.04,6.06
2011-07-10,28.3,17.6,32.2,18.9,0.00,0.00,11.0,128,26.64,5.36
2011-07-11,32.1,20.5,34.9,23.0,0.00,0.00,17.6,210,23.93,5.61
2011-07-12,33.0,24.8,35.1,26.8,0.00,0.00,17.6,276,26.28,6.55
2011-07-13,29.3,22.7,30.3,20.8,0.00,0.00,20.3,310,23.66,6.24
2011-07-14,26.8,18.6,26.1,17.2,0.00,0.00,18.4,5,26.34,6.00
2011-07-15,28.5,17.8,29.8,18.6,0.00,0.00,14.5,222,22.36,5.07
2011-07-16,30.3,18.5,31.8,19.9,0.00,0.00,13.8,225,23.09,5.44
2011-07-17,31.4,20.5,32.9,21.0,0.00,0.00,14.2,232,25.34,6.31
2011-07-18,34.7,22.8,36.9,23.7,2.90,0.00,15.1,244,23.13,5.99
2011-07-19,31.3,22.5,36.1,26.6,2.00,0.00,10.9,10,23.89,5.00
2011-07-20,29.5,21.2,32.7,25.2,0.00,0.00,14.7,153,24.05,5.04
2011-07-21,35.4,22.8,38.9,26.2,0.00,0.00,18.9,212,25.40,6.56
2011-07-22,38.6,27.1,43.9,31.6,0.00,0.00,15.5,268,24.35,6.37
2011-07-23,38.2,26.3,40.9,31.7,0.60,0.00,14.8,307,23.24,6.15
2011-07-24,32.5,25.1,35.9,29.4,2.10,0.00,10.9,9,16.19,3.95
2011-07-25,26.9,21.4,28.8,23.3,5.40,0.00,16.9,130,11.47,2.72
2011-07-26,31.2,21.5,33.6,24.7,1.20,0.00,13.6,261,23.73,5.23
2011-07-27,29.1,19.9,29.8,20.9,0.00,0.00,15.0,321,22.82,5.30
2011-07-28,29.6,19.8,31.9,21.9,0.00,0.00,12.1,220,19.72,4.43
2011-07-29,29.0,23.1,32.6,26.2,2.30,0.00,12.0,190,10.94,2.77
2011-07-30,32.9,22.9,34.2,25.1,0.00,0.00,14.3,321,27.27,6.47
2011-07-31,31.2,20.0,34.2,21.4,0.00,0.00,11.8,352,22.28,5.13
2011-08-01,33.0,21.6,36.5,23.7,2.00,0.00,7.6,284,21.93,4.92
2011-08-02,32.4,22.2,32.8,24.5,0.00,0.00,17.4,311,26.79,6.69
2011-08-03,29.6,20.6,32.2,21.7,2.90,0.00,9.7,92,18.89,4.38
2011-08-04,26.4,21.0,28.3,22.9,1.60,0.00,10.4,95,15.03,3.40
2011-08-05,27.5,20.0,30.1,22.3,0.00,0.00,14.5,189,18.48,4.13
2011-08-06,28.1,21.4,29.1,23.7,5.10,0.00,18.1,180,13.22,3.38
2011-08-07,30.6,22.3,34.9,24.6,15.60,0.00,16.3,217,13.58,2.98
2011-08-08,30.8,22.8,33.3,26.1,0.00,0.00,12.7,308,22.15,4.86
2011-08-09,27.8,20.7,30.4,22.9,21.40,0.00,12.5,98,13.03,2.78
2011-08-10,28.4,20.1,29.9,22.3,0.10,0.00,15.9,266,22.20,4.83
2011-08-11,27.1,19.1,27.7,20.0,0.00,0.00,14.2,304,25.54,5.60
2011-08-12,28.3,16.4,28.6,16.9,0.00,0.00,10.2,307,25.67,5.19
2011-08-13,28.6,18.8,29.3,20.2,1.10,0.00,16.1,183,21.12,4.71
2011-08-14,22.0,21.1,25.1,22.2,62.00,0.00,18.4,115,2.39,0.71
2011-08-15,24.0,20.2,27.5,22.8,22.20,0.00,14.6,66,12.21,2.32
2011-08-16,24.3,18.8,26.1,20.1,2.10,0.00,12.7,5,10.11,2.05
2011-08-17,28.5,17.4,30.9,18.8,0.00,0.00,11.2,241,23.69,4.71
2011-08-18,27.3,20.3,30.0,22.0,10.60,0.00,15.8,217,18.41,3.83
2011-08-19,27.4,19.4,31.6,21.9,4.20,0.00,11.6,209,22.28,4.23
2011-08-20,28.0,18.7,32.0,21.1,0.00,0.00,10.1,234,23.04,4.47
2011-08-21,28.6,21.0,31.8,23.5,18.10,0.00,18.2,203,18.48,3.65
2011-08-22,24.5,18.9,24.7,18.3,0.00,0.00,17.1,300,22.76,4.54
2011-08-23,24.2,15.5,24.2,14.7,0.00,0.00,12.2,292,20.52,4.24
2011-08-24,25.8,15.7,25.6,15.7,0.00,0.00,18.3,194,20.14,4.37
2011-08-25,29.1,21.3,33.2,21.3,0.90,0.00,17.6,208,15.70,3.70
2011-08-26,28.0,20.6,31.7,23.9,0.10,0.00,9.2,177,19.83,3.90
2011-08-27,24.8,21.5,28.6,22.8,34.50,0.00,33.9,71,5.30,1.20
2011-08-28,23.0,18.9,26.8,16.6,85.20,0.00,43.9,335,3.78,1.87
2011-08-29,24.1,14.8,25.1,13.8,0.00,0.00,15.5,290,22.89,4.37
2011-08-30,25.5,15.3,27.3,15.6,0.00,0.00,9.7,354,23.05,4.32
2011-08-31,26.9,15.9,29.4,16.3,0.00,0.00,9.2,194,21.15,4.07
2011-09-01,25.8,18.4,28.1,19.8,0.00,0.00,12.5,161,21.67,4.12
2011-09-02,23.9,16.1,26.4,17.0,0.00,0.00,11.0,136,21.28,3.85
2011-09-03,27.1,17.3,30.0,18.0,0.00,0.00,11.6,211,18.80,3.76
2011-09-04,28.6,20.8,32.2,22.8,0.10,0.00,14.3,206,15.35,3.39
2011-09-05,27.5,21.8,29.7,22.9,0.60,0.00,17.3,188,14.46,3.34
2011-09-06,22.1,16.0,25.6,15.2,40.10,0.00,24.5,29,2.62,0.74
2011-09-07,24.4,16.6,27.2,15.4,6.90,0.00,21.5,62,7.43,1.41
2011-09-08,24.5,19.9,27.3,21.4,24.70,0.00,18.0,61,7.85,1.60
2011-09-09,28.1,19.0,31.0,21.0,0.00,0.00,12.4,333,19.63,3.77
2011-09-10,25.2,19.7,27.4,21.8,2.40,0.00,9.5,50,13.35,2.61
2011-09-11,21.9,18.4,22.5,19.1,0.40,0.00,13.2,110,9.58,2.00
2011-09-12,25.7,18.7,26.9,21.2,0.30,0.00,10.3,242,14.15,2.74
2011-09-13,26.8,16.9,27.8,18.2,0.00,0.00,14.0,225,19.18,3.91
2011-09-14,28.2,18.8,30.6,20.2,0.60,0.00,14.1,226,18.75,3.80
2011-09-15,23.1,13.5,25.4,9.6,3.80,0.00,24.1,313,9.93,2.32
2011-09-16,18.2,10.5,16.7,7.7,0.00,0.00,18.5,324,20.29,3.63
2011-09-17,17.6,11.1,16.2,8.7,0.00,0.00,14.0,42,14.49,2.74
2011-09-18,17.7,13.0,16.7,11.3,0.00,0.00,17.1,46,12.26,2.42
2011-09-19,18.4,10.8,17.9,9.1,0.00,0.00,11.7,80,18.39,3.10
2011-09-20,20.6,13.9,22.1,13.3,2.60,0.00,12.4,214,5.25,1.14
2011-09-21,22.7,15.0,24.3,16.3,0.90,0.00,11.3,141,12.20,2.21
2011-09-22,25.2,18.5,27.6,20.2,1.20,0.00,12.8,181,9.13,1.85
2011-09-23,20.8,19.1,23.5,22.1,24.10,0.00,13.3,123,2.15,0.48
2011-09-24,25.0,20.2,28.0,23.2,0.00,0.00,13.5,207,9.05,1.82
2011-09-25,25.5,19.6,28.2,22.0,0.00,0.00,9.5,8,12.03,2.30
2011-09-26,25.6,19.4,28.7,22.3,0.00,0.00,6.1,180,13.75,2.60
2011-09-27,23.9,18.8,26.7,21.5,0.20,0.00,12.2,130,10.17,1.90
2011-09-28,22.2,19.8,24.1,21.6,8.80,0.00,15.8,112,4.64,0.98
2011-09-29,25.1,17.1,27.7,16.2,16.90,0.00,15.9,196,10.28,1.99
2011-09-30,24.5,14.3,24.2,14.2,2.70,0.00,16.5,228,14.71,2.99
2011-10-01,19.7,11.4,19.8,8.5,11.70,0.00,19.1,355,8.61,1.78
2011-10-02,17.2,11.3,14.3,8.2,2.90,0.00,19.4,143,13.27,2.41
2011-10-03,14.2,8.1,12.2,6.6,3.70,0.00,11.2,209,9.42,1.56
2011-10-04,16.7,10.1,15.1,8.2,0.80,0.00,18.4,304,10.65,2.04
2011-10-05,21.2,12.9,18.5,9.7,0.00,0.00,19.4,325,17.10,3.47
2011-10-06,18.5,7.3,16.1,5.2,0.00,0.00,13.3,299,18.08,3.01
2011-10-07,17.1,8.5,16.2,5.9,0.00,0.00,11.6,9,17.28,2.66
2011-10-08,23.6,9.6,23.6,7.6,0.00,0.00,11.3,257,16.82,3.00
2011-10-09,26.8,12.1,28.0,11.3,0.00,0.00,10.1,289,16.87,3.22
2011-10-10,25.9,13.4,27.0,12.8,0.00,0.00,9.0,303,15.53,2.99
2011-10-11,21.5,16.0,20.9,15.2,0.00,0.00,13.2,64,14.19,2.79
2011-10-12,16.2,15.0,15.0,13.6,0.30,0.00,19.0,63,4.65,1.43
2011-10-13,18.9,15.3,19.6,14.4,0.10,0.00,18.8,58,3.75,0.85
2011-10-14,21.0,14.3,22.3,11.1,24.50,0.00,22.8,179,8.35,1.57
2011-10-15,17.4,12.7,12.8,8.9,0.00,0.00,30.1,242,13.47,3.57
2011-10-16,18.5,11.6,14.9,7.3,0.20,0.00,23.2,235,14.76,3.73
2011-10-17,18.1,13.1,13.6,10.0,0.00,0.00,20.3,246,15.77,3.69
2011-10-18,19.6,9.5,17.7,7.6,0.00,0.00,14.0,212,12.85,2.40
2011-10-19,17.9,13.3,17.7,12.5,34.60,0.00,28.8,62,1.28,0.39
2011-10-20,20.0,12.7,22.0,8.7,11.90,0.00,25.5,198,9.78,2.33
2011-10-21,13.8,10.0,10.2,6.3,0.00,0.00,21.2,247,9.16,2.36
2011-10-22,14.4,7.3,11.8,4.8,0.00,0.00,12.4,279,11.34,1.95
2011-10-23,14.3,9.0,12.2,6.9,0.00,0.00,9.6,260,10.75,1.76
2011-10-24,16.1,7.4,14.1,5.6,1.10,0.00,10.9,194,10.92,1.79
2011-10-25,15.7,8.5,11.4,5.6,0.10,0.00,20.9,292,14.00,2.31
2011-10-26,15.9,8.4,14.7,6.2,0.10,0.00,10.5,204,5.83,1.09
2011-10-27,12.9,4.2,12.7,-0.9,10.50,0.00,24.4,2,1.36,0.40
2011-10-28,9.1,2.6,5.8,-1.4,0.00,0.00,21.4,352,13.84,1.84
2011-10-29,7.2,1.5,3.9,-4.3,28.20,7.77,27.4,22,1.36,0.60
2011-10-30,6.9,0.9,2.5,-4.2,1.50,0.49,24.2,308,13.95,1.50
2011-10-31,8.3,0.4,5.5,-2.8,0.00,0.00,8.4,132,11.46,1.38
2011-11-01,11.8,4.0,8.1,1.3,0.00,0.00,13.5,29,10.64,1.58
2011-11-02,12.9,2.8,11.0,0.0,0.00,0.00,7.6,345,12.74,1.66
2011-11-03,15.0,3.3,12.9,0.4,0.00,0.00,12.8,224,10.72,1.51
2011-11-04,10.7,5.2,5.6,0.0,0.00,0.00,21.3,4,11.39,1.95
2011-11-05,8.8,1.5,5.4,-2.9,0.00,0.00,17.9,16,12.76,1.83
2011-11-06,11.3,0.3,8.0,-3.1,0.00,0.00,11.8,245,11.69,1.51
2011-11-07,15.2,2.1,13.8,-1.1,0.00,0.00,9.6,244,12.15,1.56
2011-11-08,18.7,6.0,18.6,3.8,0.00,0.00,8.7,255,11.23,1.69
2011-11-09,16.5,7.3,15.2,6.3,0.00,0.00,10.5,161,11.35,1.55
2011-11-10,17.6,11.1,18.5,8.1,0.30,0.00,17.1,316,8.28,1.37
2011-11-11,10.1,5.0,7.1,-0.1,2.00,0.00,26.2,288,11.49,2.03
2011-11-12,12.4,2.2,8.2,-2.1,0.00,0.00,18.9,228,11.37,2.05
2011-11-13,14.8,3.9,11.5,1.0,0.00,0.00,16.0,202,9.40,1.88
2011-11-14,18.9,10.2,18.2,6.8,0.00,0.00,18.9,215,6.84,1.89
2011-11-15,18.7,13.1,17.1,12.1,0.50,0.00,18.2,245,3.47,1.35
2011-11-16,13.1,11.6,13.4,10.5,22.80,0.00,10.7,349,1.05,0.33
2011-11-17,11.5,5.2,10.2,-0.1,7.40,0.00,17.3,312,2.22,1.10
2011-11-18,6.9,1.2,2.5,-3.6,0.00,0.00,18.9,272,10.93,1.83
2011-11-19,10.1,0.8,5.9,-3.6,0.00,0.00,16.0,208,10.15,1.64
2011-11-20,17.1,6.1,15.2,2.4,0.00,0.00,17.8,229,9.08,1.68
2011-11-21,11.8,8.9,10.0,7.0,3.00,0.00,12.1,8,8.51,1.21
2011-11-22,9.4,8.3,7.4,5.3,14.80,0.00,20.5,79,0.94,0.42
2011-11-23,14.9,4.4,15.3,-0.2,32.40,0.00,21.6,22,1.84,0.51
2011-11-24,11.8,2.0,9.2,-1.4,0.00,0.00,17.7,298,9.99,1.45
2011-11-25,14.8,3.4,12.2,0.3,0.00,0.00,14.0,252,9.84,1.50
2011-11-26,16.4,4.0,14.6,0.9,0.00,0.00,11.3,243,8.82,1.42
2011-11-27,16.2,3.8,15.2,0.9,0.00,0.00,16.7,193,7.82,1.21
2011-11-28,18.4,11.4,18.3,9.2,0.00,0.00,16.6,201,6.99,1.31
2011-11-29,16.7,13.0,15.5,12.0,5.70,0.00,24.1,148,4.21,0.82
2011-11-30,12.1,6.3,10.1,1.9,1.10,0.00,19.7,239,6.92,1.61
2011-12-01,9.4,2.4,5.2,-2.8,0.00,0.00,19.6,318,9.60,1.74
2011-12-02,10.4,2.1,7.0,-1.0,0.00,0.00,15.5,290,9.32,1.32
2011-12-03,7.0,0.1,4.3,-3.4,0.00,0.00,15.0,15,9.42,1.07
2011-12-04,11.5,2.6,8.9,-0.6,0.00,0.00,13.1,184,6.45,0.92
2011-12-05,14.2,3.9,13.2,1.4,0.00,0.00,8.9,199,6.80,0.86
2011-12-06,15.6,11.0,15.7,9.9,5.10,0.00,16.0,200,1.81,0.49
2011-12-07,14.7,8.0,15.0,3.8,33.00,0.00,25.2,8,0.46,0.18
2011-12-08,7.7,1.8,3.3,-4.1,16.10,0.35,32.0,297,9.21,1.39
2011-12-09,10.1,-1.2,6.8,-4.6,0.10,0.00,15.5,219,8.61,1.07
2011-12-10,6.0,-1.2,3.1,-5.7,0.00,0.00,17.0,318,8.16,1.25
2011-12-11,3.2,-3.8,-0.5,-8.0,0.00,0.00,9.4,297,9.15,1.03
2011-12-12,5.5,-2.9,2.1,-6.6,0.00,0.00,7.4,243,8.43,0.91
2011-12-13,7.2,-2.9,2.9,-6.9,0.00,0.00,12.1,317,9.06,1.13
2011-12-14,8.7,-0.3,6.5,-3.8,0.00,0.00,9.5,1,8.28,0.94
2011-12-15,12.8,5.5,9.8,2.6,0.20,0.00,19.7,199,4.37,1.13
2011-12-16,12.5,4.1,9.9,0.2,0.00,0.00,26.6,283,7.93,1.67
2011-12-17,5.4,0.3,0.9,-3.8,0.00,0.00,14.8,315,6.04,1.16
2011-12-18,0.7,-3.9,-3.9,-9.0,0.00,0.00,13.7,340,9.09,1.07
2011-12-19,6.4,-4.1,1.6,-8.4,0.00,0.00,19.8,217,8.37,1.20
2011-12-20,5.9,3.1,3.3,-1.0,0.90,0.00,16.1,284,3.39,0.74
2011-12-21,14.0,3.6,12.9,1.2,2.00,0.00,24.4,187,3.02,0.48
2011-12-22,14.0,6.5,11.2,4.0,1.60,0.00,26.9,263,6.95,1.06
2011-12-23,8.5,3.4,6.6,-1.0,20.40,0.00,18.1,334,4.96,1.02
2011-12-24,2.7,-1.5,-1.9,-5.4,0.00,0.00,15.1,340,7.97,1.03
2011-12-25,6.9,-2.7,2.4,-6.4,0.00,0.00,17.0,192,7.96,0.93
2011-12-26,6.9,1.0,2.0,-3.7,0.00,0.00,22.1,297,8.88,1.19
2011-12-27,12.6,-1.6,10.2,-5.5,16.90,0.00,34.0,176,2.55,0.54
2011-12-28,11.3,-0.4,8.5,-6.2,0.00,0.00,27.8,272,7.60,1.51
2011-12-29,1.6,-3.1,-3.3,-8.5,0.00,0.00,17.0,270,8.34,1.32
2011-12-30,8.8,-1.4,6.4,-5.1,0.00,0.00,9.6,168,7.98,0.90
2011-12-31,11.3,4.4,10.1,1.1,1.80,0.00,14.4,237,5.69,0.76
2012-01-01,10.1,0.8,6.5,-2.4,2.90,0.00,16.0,217,8.26,0.99
2012-01-02,8.0,-0.2,5.1,-5.2,0.00,0.00,25.2,262,7.43,1.45
2012-01-03,-0.6,-7.3,-5.7,-14.3,0.00,0.00,24.5,310,8.79,1.42
2012-01-04,-2.7,-10.0,-8.1,-16.2,0.00,0.00,21.7,279,8.72,1.22
2012-01-05,4.4,-3.3,-1.2,-8.4,0.00,0.00,19.1,261,8.82,1.16
2012-01-06,9.8,-3.5,6.0,-7.4,0.20,0.07,13.6,218,8.82,1.20
2012-01-07,14.3,0.2,11.3,-3.3,0.00,0.00,13.7,251,9.19,1.34
2012-01-08,6.7,-1.5,1.9,-5.7,0.00,0.00,14.7,306,8.60,1.22
2012-01-09,3.6,-3.1,-0.5,-6.9,0.00,0.00,9.0,224,8.62,0.90
2012-01-10,7.4,-1.8,3.0,-6.0,0.00,0.00,15.8,260,8.56,1.15
2012-01-11,7.1,-2.0,3.6,-5.7,0.30,0.00,16.6,103,9.27,1.14
2012-01-12,9.2,5.0,6.4,1.3,23.40,0.00,30.3,64,1.45,0.31
2012-01-13,8.1,-1.3,4.5,-7.6,2.40,0.00,34.6,240,7.74,1.32
2012-01-14,0.8,-3.2,-5.4,-8.9,0.00,0.00,22.5,268,8.10,1.38
2012-01-15,-3.5,-9.0,-8.1,-15.7,0.00,0.00,20.6,326,10.55,1.32
2012-01-16,0.7,-9.0,-4.6,-13.5,1.10,0.70,18.4,209,9.85,1.14
2012-01-17,8.5,0.6,4.5,-4.4,5.70,0.70,21.9,215,2.60,0.48
2012-01-18,9.8,-4.3,5.8,-8.9,0.00,0.00,26.8,297,9.84,1.62
2012-01-19,2.2,-6.6,-2.6,-11.3,0.00,0.00,13.9,120,9.15,1.11
2012-01-20,0.2,-3.4,-3.6,-9.6,0.00,0.07,19.8,299,11.03,1.16
2012-01-21,-1.9,-5.4,-6.1,-10.7,10.30,7.28,19.5,29,1.97,0.46
2012-01-22,0.1,-9.0,-4.0,-14.3,0.00,0.00,15.3,35,7.14,0.61
2012-01-23,8.8,0.2,6.4,-3.8,3.50,0.00,15.6,119,2.19,0.33
2012-01-24,10.5,2.1,7.2,-2.0,0.10,0.00,14.3,254,9.64,1.17
2012-01-25,6.7,-1.3,3.1,-5.2,0.00,0.00,13.5,295,11.07,1.28
2012-01-26,5.0,0.1,2.3,-2.8,4.80,0.35,9.7,73,2.64,0.41
2012-01-27,14.0,4.2,12.9,-1.3,12.70,0.00,22.7,235,2.35,0.67
2012-01-28,7.6,-0.7,3.1,-4.1,0.00,0.00,20.3,243,10.80,1.60
2012-01-29,5.8,-1.1,0.2,-5.8,0.00,0.00,20.5,244,11.25,1.94
2012-01-30,3.5,-1.8,-2.1,-6.1,0.00,0.00,22.2,266,11.04,1.74
2012-01-31,13.4,-1.1,10.1,-5.4,0.00,0.00,15.0,220,11.44,1.88
2012-02-01,16.0,6.5,12.5,2.8,2.60,0.00,21.6,248,9.02,1.76
2012-02-02,7.6,1.2,4.4,-2.0,0.00,0.00,16.2,341,7.16,1.21
2012-02-03,6.3,-2.1,2.3,-6.9,0.00,0.00,15.6,318,12.64,1.68
2012-02-04,7.0,-1.9,3.3,-5.9,0.00,0.00,10.4,280,9.94,1.27
2012-02-05,4.8,-1.5,0.7,-6.0,0.00,0.00,11.8,359,11.80,1.47
2012-02-06,9.2,-3.4,4.3,-7.8,0.00,0.00,18.2,246,12.93,1.73
2012-02-07,8.7,-0.7,4.2,-4.7,0.00,0.00,16.8,294,12.00,1.62
2012-02-08,3.2,-2.5,-0.1,-6.4,1.80,1.19,10.0,21,7.22,0.91
2012-02-09,7.3,-1.9,2.7,-6.1,0.00,0.07,13.6,286,13.78,1.66
2012-02-10,7.2,-2.8,3.2,-6.7,0.00,0.00,13.4,240,12.61,1.55
2012-02-11,3.6,0.3,-0.1,-5.6,3.10,2.10,19.6,345,6.03,0.92
2012-02-12,0.3,-6.1,-6.3,-13.0,0.00,0.00,28.6,308,11.22,1.86
2012-02-13,5.7,-3.6,0.1,-9.3,0.00,0.00,20.9,253,14.43,1.95
2012-02-14,7.4,-0.8,3.4,-5.2,0.50,0.00,12.8,201,10.17,1.40
2012-02-15,7.3,1.5,4.9,-2.0,0.40,0.00,9.7,326,4.68,0.68
2012-02-16,5.8,-1.7,2.9,-5.1,3.20,0.00,9.5,162,4.98,0.67
2012-02-17,9.8,2.5,5.1,-1.9,0.00,0.00,15.0,281,11.35,1.63
2012-02-18,8.5,-2.8,4.4,-6.6,1.40,0.00,17.4,264,14.14,1.82
2012-02-19,6.2,-2.2,2.7,-6.1,0.00,0.00,14.0,358,12.97,1.47
2012-02-20,7.0,-2.3,1.6,-6.1,0.00,0.00,18.4,353,14.33,2.05
2012-02-21,7.5,-2.9,3.0,-6.6,0.00,0.00,21.4,173,12.91,1.67
2012-02-22,12.7,1.9,8.9,-1.7,0.50,0.00,17.9,229,13.74,1.95
2012-02-23,12.9,4.1,7.9,1.1,0.30,0.00,24.7,268,14.88,2.13
2012-02-24,6.6,2.1,3.5,-2.4,10.70,0.77,19.4,69,3.21,0.62
2012-02-25,6.3,1.2,-0.4,-5.6,0.10,0.00,37.1,272,13.17,2.56
2012-02-26,6.0,-1.7,1.7,-7.2,0.00,0.00,24.6,294,16.97,2.31
2012-02-27,12.2,-2.2,8.0,-6.1,0.00,0.00,17.3,204,16.54,2.26
2012-02-28,9.2,1.1,5.0,-3.6,0.00,0.00,19.6,307,17.15,2.43
2012-02-29,6.3,0.3,3.0,-3.7,9.90,0.07,17.9,73,2.74,0.58
2012-03-01,6.4,0.9,3.8,-2.2,12.40,0.00,17.6,33,3.64,0.52
2012-03-02,5.3,-0.2,1.2,-3.9,1.70,0.00,20.0,111,7.42,1.02
2012-03-03,12.9,4.5,9.4,0.2,4.20,0.00,19.3,210,8.00,1.59
2012-03-04,6.9,1.2,2.1,-3.7,0.00,0.00,16.4,279,8.25,1.69
2012-03-05,6.2,-1.6,0.5,-6.5,0.00,0.00,18.5,290,14.41,2.29
2012-03-06,5.8,-4.2,1.4,-9.8,0.00,0.00,16.4,290,18.64,2.38
2012-03-07,15.0,0.5,11.3,-4.0,0.00,0.00,16.7,210,18.50,2.73
2012-03-08,19.2,9.2,16.3,5.4,0.00,0.00,26.4,211,16.04,3.20
2012-03-09,15.0,3.5,10.6,-1.4,3.10,0.00,28.2,293,15.05,2.77
2012-03-10,5.5,-1.8,1.5,-8.0,0.00,0.00,20.6,315,19.34,2.52
2012-03-11,14.1,-1.0,10.3,-5.4,0.00,0.00,17.0,222,19.27,2.77
2012-03-12,18.6,3.2,17.2,0.0,0.00,0.00,13.7,222,18.54,3.02
2012-03-13,21.3,9.7,20.6,7.7,1.90,0.00,15.6,214,13.29,2.39
2012-03-14,19.7,7.6,16.2,5.1,0.00,0.00,16.5,296,20.01,3.52
2012-03-15,10.0,5.3,7.2,2.3,0.00,0.00,14.8,94,11.70,1.47
2012-03-16,13.4,6.0,12.7,2.9,0.00,0.00,12.4,95,7.30,1.15
2012-03-17,14.8,6.7,13.7,4.7,0.00,0.00,13.0,111,13.99,1.96
2012-03-18,17.4,6.5,16.6,5.0,0.00,0.00,10.1,204,14.38,2.05
2012-03-19,21.8,7.4,22.5,5.7,0.00,0.00,12.7,210,19.33,3.12
2012-03-20,19.5,10.4,20.1,10.1,0.00,0.00,9.9,140,12.40,1.91
2012-03-21,17.4,12.1,17.9,12.1,0.00,0.00,6.5,103,4.81,0.90
2012-03-22,22.0,12.7,22.2,12.6,0.00,0.00,9.7,224,12.04,2.12
2012-03-23,21.2,11.6,21.4,10.2,0.00,0.00,13.7,54,17.37,2.87
2012-03-24,14.6,9.1,11.5,5.7,0.10,0.00,18.2,87,13.75,2.74
2012-03-25,10.2,7.6,8.8,4.2,0.60,0.00,16.5,42,4.41,1.00
2012-03-26,10.7,1.8,6.9,-4.8,0.00,0.00,30.9,323,20.51,3.28
2012-03-27,10.5,-0.9,5.6,-6.7,0.00,0.00,20.4,322,23.54,3.43
2012-03-28,20.1,2.4,17.9,-1.2,2.40,0.00,15.7,225,18.56,3.36
2012-03-29,12.9,5.9,10.9,1.4,0.20,0.00,24.5,320,14.11,2.84
2012-03-30,12.4,2.3,10.2,-1.6,0.50,0.00,15.5,287,23.38,3.41
2012-03-31,6.4,4.9,3.7,1.3,7.70,0.00,17.0,64,2.94,0.65
2012-04-01,11.3,3.2,7.9,0.9,2.00,0.00,12.1,233,12.26,1.78
2012-04-02,13.5,3.1,7.6,-0.8,3.20,0.00,27.5,339,20.94,3.40
2012-04-03,16.8,2.6,12.5,-2.0,0.00,0.00,18.1,309,24.42,4.03
2012-04-04,19.1,6.2,15.4,3.0,0.00,0.00,22.2,318,23.69,4.48
2012-04-05,13.9,4.1,9.9,0.8,0.00,0.00,21.3,331,21.58,3.69
2012-04-06,14.0,2.0,9.1,-1.8,0.00,0.00,21.0,342,23.05,3.87
2012-04-07,15.0,2.9,10.5,-1.6,0.00,0.00,20.1,321,24.69,4.38
2012-04-08,18.3,4.2,13.4,-0.1,0.00,0.00,22.9,296,24.07,4.40
2012-04-09,16.4,7.8,9.8,2.4,0.00,0.00,34.0,275,20.20,4.81
2012-04-10,14.9,5.3,10.9,1.5,0.00,0.00,22.4,267,21.76,4.00
2012-04-11,11.8,3.7,8.6,0.1,0.50,0.00,14.3,317,20.31,3.09
2012-04-12,15.1,5.3,11.9,1.4,0.60,0.00,17.5,340,22.77,3.53
2012-04-13,17.5,4.1,14.5,0.7,0.00,0.00,11.9,311,24.46,4.06
2012-04-14,21.3,4.7,18.5,1.8,0.00,0.00,14.2,251,24.73,4.74
2012-04-15,24.1,13.4,23.5,11.1,0.00,0.00,19.8,245,16.95,3.92
2012-04-16,29.0,14.1,30.3,13.6,0.00,0.00,15.8,204,24.72,5.39
2012-04-17,25.4,16.6,23.1,12.9,0.00,0.00,19.3,309,25.66,5.99
2012-04-18,16.3,10.0,13.5,5.8,0.00,0.00,17.6,353,14.34,3.48
2012-04-19,20.1,10.3,19.4,8.5,0.40,0.00,15.8,191,21.14,3.81
2012-04-20,19.9,7.8,19.0,6.1,0.00,0.00,17.5,161,19.78,3.44
2012-04-21,23.2,12.3,23.0,11.8,0.00,0.00,19.0,166,20.91,3.73
2012-04-22,15.5,8.8,15.7,3.8,30.60,0.00,32.3,16,5.54,1.06
2012-04-23,12.5,7.6,12.1,3.0,9.30,0.00,28.1,191,9.05,1.72
2012-04-24,14.3,4.6,9.8,-0.1,0.00,0.00,27.8,235,17.56,3.26
2012-04-25,16.1,4.4,13.1,1.6,0.80,0.00,16.8,241,21.99,3.47
2012-04-26,15.7,4.4,13.4,1.8,0.20,0.00,14.2,99,11.81,1.96
2012-04-27,13.7,5.5,12.5,0.5,0.20,0.00,26.5,302,23.99,3.67
2012-04-28,14.8,3.1,11.7,-1.2,0.00,0.00,15.8,273,26.03,4.15
2012-04-29,16.8,4.7,12.4,1.6,0.00,0.00,21.1,312,28.46,4.91
2012-04-30,15.3,3.5,13.6,0.6,0.30,0.00,16.0,141,27.37,4.40
2012-05-01,19.5,10.6,19.6,7.5,9.30,0.00,15.0,125,8.33,1.77
2012-05-02,11.7,9.7,10.2,7.8,3.10,0.00,11.3,103,3.98,0.84
2012-05-03,15.2,9.7,14.9,8.3,2.50,0.00,9.9,137,8.72,1.49
2012-05-04,26.3,11.1,28.4,9.8,0.50,0.00,12.0,194,18.81,3.39
2012-05-05,15.3,12.2,15.9,11.7,2.30,0.00,10.7,101,5.51,0.99
2012-05-06,15.7,10.0,14.5,8.7,0.00,0.00,10.8,136,12.12,2.03
2012-05-07,16.9,8.3,15.1,7.0,0.00,0.00,14.4,173,14.19,2.54
2012-05-08,20.0,12.0,17.3,9.6,1.10,0.00,24.1,173,11.83,2.73
2012-05-09,20.5,14.2,22.3,13.5,10.70,0.00,11.8,192,7.99,1.54
2012-05-10,17.6,11.1,16.7,8.1,9.40,0.00,24.6,300,24.38,4.11
2012-05-11,20.0,8.9,15.5,5.7,0.00,0.00,22.8,291,24.77,4.85
2012-05-12,24.7,8.1,23.3,5.4,0.00,0.00,10.9,269,29.14,5.52
2012-05-13,25.8,13.0,26.0,11.0,0.00,0.00,12.6,223,25.43,5.42
2012-05-14,20.3,16.7,20.5,16.5,0.40,0.00,13.5,189,8.83,2.15
2012-05-15,18.5,15.5,20.1,15.0,7.10,0.00,14.7,139,7.23,1.32
2012-05-16,25.1,16.1,26.4,17.1,0.00,0.00,10.6,197,15.83,3.10
2012-05-17,21.4,12.9,20.7,9.4,0.00,0.00,16.6,350,29.83,5.33
2012-05-18,20.4,9.7,20.3,7.4,0.00,0.00,13.3,88,29.61,5.03
2012-05-19,24.5,9.3,24.7,7.8,0.00,0.00,12.0,73,29.12,5.36
2012-05-20,24.6,11.2,23.4,10.0,0.00,0.00,17.8,74,29.26,5.37
2012-05-21,18.8,15.9,19.2,15.2,12.10,0.00,17.7,67,5.71,1.06
2012-05-22,19.7,15.7,21.1,15.7,11.20,0.00,13.6,48,5.60,1.10
2012-05-23,22.3,15.2,24.9,16.2,4.80,0.00,12.2,147,18.04,3.05
2012-05-24,22.0,16.2,22.7,17.1,0.80,0.00,16.4,106,11.83,2.15
2012-05-25,23.7,16.3,25.2,16.8,1.10,0.00,13.2,121,12.45,2.36
2012-05-26,29.4,17.7,34.2,19.1,2.90,0.00,12.5,235,23.37,4.53
2012-05-27,27.3,18.1,30.7,20.1,6.10,0.00,10.9,229,21.52,4.13
2012-05-28,30.5,20.5,36.6,22.7,0.00,0.00,10.2,220,24.88,5.11
2012-05-29,31.8,22.0,36.0,24.4,0.30,0.00,18.1,215,26.10,5.72
2012-05-30,24.3,19.9,27.0,22.4,9.10,0.00,11.3,203,12.32,2.63
2012-05-31,25.9,17.4,25.7,17.2,0.00,0.00,16.3,333,28.32,5.87
2012-06-01,22.1,15.2,22.4,13.8,0.40,0.00,22.9,83,23.07,4.33
2012-06-02,24.0,16.2,25.0,14.3,17.00,0.00,21.8,247,25.73,5.01
2012-06-03,23.8,13.4,22.9,12.0,0.70,0.00,22.3,282,26.99,5.31
2012-06-04,17.7,12.1,16.2,9.1,10.90,0.00,16.5,30,15.19,2.70
2012-06-05,17.6,10.9,16.3,8.4,0.20,0.00,14.3,16,17.83,3.22
2012-06-06,21.1,11.2,20.7,10.8,0.00,0.00,9.1,226,23.75,4.15
2012-06-07,23.4,12.5,24.7,12.5,0.30,0.00,8.8,258,26.06,4.72
2012-06-08,26.9,13.7,26.4,13.5,0.00,0.00,13.1,281,27.24,5.58
2012-06-09,26.2,16.6,26.1,15.7,0.00,0.00,12.7,298,16.92,3.96
2012-06-10,28.2,18.2,32.5,19.8,1.30,0.00,13.3,108,22.77,4.63
2012-06-11,23.2,17.7,23.4,17.9,0.20,0.00,19.9,122,23.99,4.55
2012-06-12,23.4,17.6,23.3,18.0,11.50,0.00,19.6,152,9.09,2.07
2012-06-13,21.1,18.1,21.8,19.6,17.30,0.00,19.2,38,10.60,2.10
2012-06-14,22.5,16.4,22.9,17.4,1.30,0.00,16.6,67,20.05,3.57
2012-06-15,24.2,14.4,23.7,14.6,0.00,0.00,12.7,81,24.11,4.55
2012-06-16,23.7,13.4,24.5,13.1,0.00,0.00,15.2,100,27.91,5.02
2012-06-17,19.1,15.1,18.9,14.6,0.10,0.00,13.5,120,13.00,2.55
2012-06-18,20.7,13.3,20.9,13.0,0.00,0.00,12.3,137,20.17,3.58
2012-06-19,25.2,14.6,26.8,14.7,0.50,0.00,10.9,191,18.30,3.59
2012-06-20,34.9,19.5,39.4,21.1,0.00,0.00,10.6,267,27.69,6.26
2012-06-21,35.8,23.2,38.4,25.7,0.00,0.00,14.0,295,28.91,7.24
2012-06-22,33.6,24.0,37.9,26.7,5.80,0.00,11.6,287,19.80,4.69
2012-06-23,29.5,20.6,29.8,21.8,1.40,0.00,16.5,315,27.97,6.33
2012-06-24,28.5,17.1,30.6,18.0,0.00,0.00,13.3,238,24.63,5.39
2012-06-25,25.2,19.3,27.0,17.4,19.70,0.00,14.6,275,17.84,3.87
2012-06-26,22.5,14.9,20.1,12.3,0.00,0.00,25.3,316,16.91,4.57
2012-06-27,27.8,15.9,25.5,13.7,0.00,0.00,21.3,288,30.34,7.01
2012-06-28,31.8,17.7,31.7,17.0,0.00,0.00,13.8,274,29.18,6.68
2012-06-29,36.6,21.1,38.7,20.9,0.20,0.00,14.7,258,27.03,7.25
2012-06-30,34.8,22.2,35.8,23.3,0.00,0.00,14.7,289,27.22,7.42
2012-07-01,34.8,20.4,36.5,21.3,1.70,0.00,17.0,268,26.27,6.60
2012-07-02,31.0,19.8,31.4,21.2,0.00,0.00,14.0,321,25.29,6.31
2012-07-03,31.9,18.7,32.1,19.6,0.00,0.00,12.1,269,23.15,5.63
2012-07-04,33.2,20.3,35.0,22.8,3.90,0.00,10.9,251,21.38,5.28
2012-07-05,34.9,24.4,36.7,26.8,0.00,0.00,14.4,321,28.00,6.93
2012-07-06,33.3,19.8,36.0,21.5,0.00,0.00,12.2,154,29.58,6.40
2012-07-07,37.7,24.2,39.2,25.6,1.60,0.00,20.1,283,24.05,6.58
2012-07-08,32.8,23.2,35.9,26.7,0.00,0.00,12.6,87,20.91,4.72
2012-07-09,30.2,22.3,32.0,22.3,0.00,0.00,14.2,36,24.99,6.09
2012-07-10,29.9,20.0,31.8,20.0,0.00,0.00,15.6,107,23.52,5.35
2012-07-11,28.0,19.9,30.2,22.9,0.00,0.00,14.5,141,22.89,4.89
2012-07-12,30.5,19.7,33.0,21.9,0.00,0.00,17.4,175,25.20,5.67
2012-07-13,31.1,21.1,33.4,22.2,0.00,0.00,11.0,197,17.78,4.52
2012-07-14,30.8,23.4,32.3,24.8,0.00,0.00,14.6,250,19.77,5.24
2012-07-15,31.0,22.3,35.2,25.5,5.70,0.00,13.4,226,16.76,3.81
2012-07-16,32.8,22.0,35.0,24.6,0.50,0.00,13.5,283,24.15,5.66
2012-07-17,35.5,21.3,37.0,23.8,0.00,0.00,17.5,244,26.58,7.35
2012-07-18,37.5,26.7,39.9,28.3,1.80,0.00,16.2,241,21.86,6.30
2012-07-19,27.0,22.8,32.2,25.0,2.50,0.00,15.7,62,10.20,2.47
2012-07-20,22.6,17.8,24.8,17.9,38.70,0.00,19.9,63,3.06,0.98
2012-07-21,23.5,17.9,24.4,18.3,0.00,0.00,11.6,67,18.72,3.77
2012-07-22,26.1,18.6,28.3,20.1,0.00,0.00,13.7,182,21.02,4.37
2012-07-23,29.8,20.5,33.8,21.9,0.30,0.00,14.1,215,22.77,4.86
2012-07-24,32.9,22.7,34.3,24.4,0.00,0.00,20.4,294,24.79,6.35
2012-07-25,29.3,19.6,29.2,18.8,0.00,0.00,18.2,327,28.67,6.51
2012-07-26,33.2,19.8,36.7,19.4,7.50,0.00,19.0,239,21.27,5.32
2012-07-27,30.7,22.8,33.6,25.7,4.80,0.00,14.7,281,20.15,4.48
2012-07-28,25.6,21.9,29.5,25.0,22.90,0.00,11.3,71,11.94,2.41
2012-07-29,24.5,20.8,27.8,24.0,7.80,0.00,11.0,41,12.02,2.33
2012-07-30,25.4,19.6,28.3,21.8,0.80,0.00,13.6,114,19.73,3.75
2012-07-31,24.3,19.2,26.7,21.4,0.00,0.00,10.5,95,11.99,2.53
2012-08-01,26.6,19.6,30.5,21.6,10.30,0.00,10.8,196,13.05,2.63
2012-08-02,30.4,20.2,32.6,23.4,0.00,0.00,8.7,241,22.05,4.58
2012-08-03,31.8,20.6,35.9,23.3,0.00,0.00,13.2,211,23.69,5.17
2012-08-04,31.1,22.9,35.3,27.5,0.00,0.00,16.4,166,25.63,5.42
2012-08-05,32.7,24.2,36.3,28.2,4.60,0.00,20.1,203,21.54,5.12
2012-08-06,30.1,23.0,32.1,23.7,3.60,0.00,15.9,297,24.87,5.52
2012-08-07,28.5,18.7,30.5,20.1,0.00,0.00,9.9,202,22.65,4.74
2012-08-08,29.5,21.8,32.9,25.8,0.00,0.00,10.9,175,20.48,4.28
2012-08-09,30.4,21.5,33.6,25.5,0.70,0.00,14.7,186,21.57,4.63
2012-08-10,26.6,23.8,30.6,27.9,8.00,0.00,13.9,167,9.47,2.04
2012-08-11,28.6,22.6,32.7,26.2,6.40,0.00,17.0,197,15.89,3.32
2012-08-12,29.0,21.7,31.0,23.8,3.60,0.00,13.6,252,21.48,4.76
2012-08-13,28.6,19.4,29.7,20.5,0.00,0.00,12.6,283,22.13,4.94
2012-08-14,27.1,19.2,29.2,21.2,6.30,0.00,14.7,187,15.02,3.19
2012-08-15,27.1,20.9,32.0,24.4,20.60,0.00,7.9,38,14.11,2.79
2012-08-16,28.5,19.3,30.4,21.3,0.60,0.00,11.9,309,23.56,4.82
2012-08-17,30.5,18.5,32.5,19.5,1.80,0.00,14.3,236,23.22,5.09
2012-08-18,25.1,19.2,26.2,20.6,11.30,0.00,11.5,2,18.84,3.63
2012-08-19,24.3,16.3,25.7,16.3,0.00,0.00,10.0,344,17.78,3.50
2012-08-20,25.6,17.2,27.7,18.7,0.00,0.00,8.1,146,20.85,4.01
2012-08-21,26.1,19.0,27.4,20.5,0.00,0.00,9.1,265,18.99,3.89
2012-08-22,26.5,19.1,28.6,21.7,0.10,0.00,9.7,176,19.90,3.98
2012-08-23,28.3,18.9,29.4,21.0,0.00,0.00,11.7,195,19.60,4.06
2012-08-24,29.0,18.5,31.1,20.2,0.00,0.00,9.8,148,21.46,4.43
2012-08-25,27.8,19.8,29.3,22.6,0.40,0.00,15.1,93,17.86,3.92
2012-08-26,26.9,19.4,28.6,20.6,0.00,0.00,12.7,88,21.55,4.43
2012-08-27,26.7,19.4,29.7,21.7,5.80,0.00,12.3,171,11.07,2.27
2012-08-28,30.1,21.7,30.8,22.2,5.60,0.00,17.3,274,18.44,4.41
2012-08-29,26.4,18.3,26.4,18.4,0.00,0.00,15.3,346,22.71,4.67
2012-08-30,28.7,15.0,27.9,14.9,0.00,0.00,12.0,287,24.23,5.14
2012-08-31,33.1,17.6,32.6,17.1,0.00,0.00,15.1,251,23.97,6.44
2012-09-01,31.0,22.3,33.6,22.4,0.00,0.00,14.5,324,20.33,5.13
2012-09-02,27.0,21.0,30.1,23.4,2.40,0.00,11.4,107,13.14,2.79
2012-09-03,23.1,21.0,24.5,22.8,2.70,0.00,13.7,91,4.01,1.49
2012-09-04,26.3,21.1,29.8,23.7,9.40,0.00,13.4,140,8.69,1.81
2012-09-05,27.0,22.9,31.1,25.6,13.80,0.00,19.5,238,9.57,2.04
2012-09-06,26.0,20.0,29.2,22.2,0.00,0.00,8.3,289,11.81,2.47
2012-09-07,29.2,19.8,32.7,22.5,2.60,0.00,11.1,218,17.63,3.61
2012-09-08,27.3,17.9,30.3,19.1,15.60,0.00,24.3,194,13.68,2.88
2012-09-09,24.0,17.6,24.4,18.0,2.10,0.00,13.8,321,18.57,3.76
2012-09-10,22.0,15.3,19.8,13.3,0.00,0.00,20.2,330,18.16,4.21
2012-09-11,22.1,11.5,21.3,10.0,0.00,0.00,10.5,310,21.45,3.81
2012-09-12,24.9,14.5,25.8,14.2,0.00,0.00,11.0,196,21.56,4.10
2012-09-13,25.5,14.3,26.6,14.7,0.00,0.00,10.7,195,21.18,4.04
2012-09-14,25.6,15.0,26.9,15.4,0.00,0.00,12.1,194,20.96,4.04
2012-09-15,23.1,16.2,21.5,14.8,0.10,0.00,18.4,317,20.71,4.31
2012-09-16,22.6,12.4,21.0,11.7,0.00,0.00,10.2,295,15.85,3.18
2012-09-17,24.5,12.1,24.5,11.1,0.00,0.00,12.6,208,20.48,4.12
2012-09-18,23.0,18.7,24.0,18.8,32.60,0.00,35.4,176,2.63,1.09
2012-09-19,20.7,14.0,22.8,12.6,10.20,0.00,21.4,322,18.84,3.49
2012-09-20,19.7,11.9,19.5,10.0,0.20,0.00,12.9,69,12.09,2.43
2012-09-21,21.4,14.7,21.4,14.9,0.00,0.00,9.8,113,15.12,2.79
2012-09-22,24.5,13.0,25.1,12.6,1.40,0.00,17.7,167,14.31,2.75
2012-09-23,19.6,13.2,19.9,11.0,0.20,0.00,17.4,306,19.93,3.49
2012-09-24,18.5,10.2,16.3,8.6,0.00,0.00,13.5,287,18.67,3.35
2012-09-25,22.0,9.4,19.9,7.2,0.00,0.00,17.0,211,19.48,3.83
2012-09-26,24.2,16.1,24.9,14.7,0.30,0.00,14.7,219,12.68,2.91
2012-09-27,22.2,16.6,23.6,17.7,4.70,0.00,8.6,275,8.25,1.63
2012-09-28,22.6,16.8,25.3,17.5,10.20,0.00,14.2,75,6.72,1.35
2012-09-29,17.0,14.1,17.0,14.0,1.00,0.00,9.4,357,5.01,1.05
2012-09-30,19.3,12.4,18.0,11.1,0.20,0.00,13.4,292,14.37,2.64
2012-10-01,21.0,10.6,19.3,8.3,0.00,0.00,16.6,260,16.79,3.08
2012-10-02,22.0,15.2,22.8,15.0,22.10,0.00,13.7,78,7.26,1.50
2012-10-03,23.7,17.7,27.9,19.3,1.20,0.00,7.4,37,5.03,1.04
2012-10-04,22.0,17.8,25.5,19.5,4.00,0.00,7.1,277,3.23,0.73
2012-10-05,25.0,14.0,25.4,14.1,0.00,0.00,9.1,265,16.64,3.05
2012-10-06,24.8,13.2,24.1,10.8,0.20,0.00,20.0,251,12.51,2.96
2012-10-07,13.4,8.9,11.8,6.6,2.90,0.00,12.3,305,6.85,1.46
2012-10-08,12.7,6.7,11.5,4.2,2.10,0.00,11.3,305,7.95,1.23
2012-10-09,15.3,11.1,13.5,8.7,1.00,0.00,16.2,34,5.60,1.41
2012-10-10,18.4,13.5,17.0,10.8,1.00,0.00,17.7,302,6.61,1.68
2012-10-11,14.7,8.3,11.5,4.3,0.00,0.00,19.4,272,16.74,3.12
2012-10-12,12.8,7.0,8.9,2.5,0.00,0.00,21.1,297,10.43,2.30
2012-10-13,11.4,2.6,8.1,-0.5,0.00,0.00,14.6,203,16.35,2.50
2012-10-14,20.8,9.4,18.7,6.1,0.00,0.00,19.9,209,13.86,3.01
2012-10-15,21.2,15.3,21.2,14.0,7.50,0.00,18.1,214,7.82,1.95
2012-10-16,14.8,8.4,14.4,5.8,0.00,0.00,22.2,309,15.67,2.67
2012-10-17,16.0,5.9,13.9,3.7,0.00,0.00,8.3,274,13.81,2.09
2012-10-18,17.7,8.7,15.9,6.9,0.40,0.00,16.9,128,13.96,2.29
2012-10-19,18.7,16.0,20.2,15.0,30.00,0.00,20.6,138,2.83,0.65
2012-10-20,19.9,12.2,18.3,9.3,0.20,0.00,15.2,249,12.09,2.35
2012-10-21,17.7,9.3,14.0,6.5,0.00,0.00,18.4,283,13.32,2.75
2012-10-22,18.7,9.1,16.1,6.3,0.00,0.00,15.7,285,14.31,2.73
2012-10-23,18.1,9.3,17.8,7.8,1.20,0.00,8.3,347,9.34,1.52
2012-10-24,17.9,12.8,18.1,12.2,1.70,0.00,9.7,61,7.98,1.33
2012-10-25,16.5,12.8,16.0,12.6,0.70,0.00,8.4,100,4.16,0.86
2012-10-26,18.9,13.1,19.1,13.2,0.00,0.00,6.5,102,8.16,1.43
2012-10-27,17.4,13.7,16.8,12.4,0.00,0.00,13.6,64,7.76,1.40
2012-10-28,14.5,12.3,12.2,8.4,0.40,0.00,25.7,38,2.77,1.54
2012-10-29,16.4,11.1,10.2,5.8,31.00,0.00,60.6,46,0.69,0.97
2012-10-30,12.7,9.7,8.7,6.1,9.60,0.00,45.3,154,4.30,1.31
2012-10-31,10.5,7.0,6.7,4.3,0.80,0.00,17.1,228,5.62,1.36
2012-11-01,10.6,5.5,6.6,2.3,0.00,0.00,16.8,244,6.78,1.38
2012-11-02,11.0,5.9,6.6,1.4,0.00,0.00,19.3,283,9.17,1.85
2012-11-03,9.3,4.3,3.9,0.1,0.00,0.00,22.9,301,8.94,1.94
2012-11-04,9.7,3.0,5.9,-0.9,0.00,0.00,14.8,298,10.38,1.76
2012-11-05,7.8,3.5,3.2,-1.1,0.00,0.00,15.3,337,10.70,1.92
2012-11-06,5.8,-1.2,2.6,-5.3,0.00,0.00,11.8,33,12.52,1.54
2012-11-07,3.6,0.8,-0.8,-5.7,17.90,10.78,28.4,5,1.45,0.70
2012-11-08,6.0,0.9,1.3,-5.1,3.40,2.38,25.1,331,7.08,1.38
2012-11-09,8.1,0.8,4.0,-4.1,0.00,0.00,18.6,311,11.78,1.60
2012-11-10,12.2,1.2,10.3,-2.1,0.00,0.00,7.6,251,8.28,1.20
2012-11-11,16.7,4.9,15.8,2.1,0.00,0.00,10.8,176,10.57,1.49
2012-11-12,18.0,6.5,17.5,4.5,0.00,0.00,15.7,178,8.52,1.35
2012-11-13,14.6,4.3,14.3,0.6,5.20,0.00,22.7,303,1.94,0.59
2012-11-14,8.1,1.7,4.3,-2.8,0.00,0.00,15.9,6,11.27,1.60
2012-11-15,6.9,1.0,3.6,-3.3,0.00,0.00,13.2,18,9.24,1.17
2012-11-16,7.8,0.9,4.3,-2.7,0.00,0.00,10.7,356,6.53,1.04
2012-11-17,10.1,1.1,7.3,-3.4,0.00,0.00,14.8,13,10.84,1.40
2012-11-18,8.9,1.3,5.8,-2.5,0.00,0.00,11.8,38,8.06,1.04
2012-11-19,9.0,3.4,6.3,-0.2,0.00,0.00,13.5,29,6.62,0.95
2012-11-20,9.3,1.1,6.5,-2.0,0.00,0.00,8.6,22,8.06,1.05
2012-11-21,10.6,2.5,7.3,-0.7,0.00,0.00,10.0,20,10.41,1.32
2012-11-22,11.4,1.6,9.9,-1.5,0.00,0.00,9.4,27,9.63,1.17
2012-11-23,12.0,1.0,9.1,-2.0,0.30,0.00,10.9,213,9.73,1.20
2012-11-24,8.0,1.6,4.8,-4.2,0.20,0.00,26.6,290,8.32,1.96
2012-11-25,4.7,-0.1,-0.9,-5.2,0.00,0.00,19.1,271,6.46,1.51
2012-11-26,8.1,-0.8,3.9,-5.4,0.00,0.00,14.5,272,10.07,1.38
2012-11-27,3.7,0.6,1.1,-2.7,10.20,1.61,14.5,22,1.25,0.26
2012-11-28,5.7,-1.3,0.6,-5.1,0.00,0.00,14.8,307,8.31,1.11
2012-11-29,6.5,-2.0,1.6,-6.3,0.00,0.00,15.3,255,9.32,1.35
2012-11-30,7.0,-1.0,3.4,-4.5,0.00,0.00,14.7,33,5.58,0.86
2012-12-01,10.3,4.2,7.2,-0.0,0.00,0.00,17.3,48,3.85,0.74
2012-12-02,10.9,3.5,8.6,1.0,2.50,0.00,11.5,222,5.95,0.74
2012-12-03,16.0,6.2,14.5,4.0,0.30,0.00,10.5,282,7.42,1.01
2012-12-04,16.2,6.8,15.8,4.8,0.40,0.00,11.6,148,6.57,0.93
2012-12-05,12.0,2.5,10.7,-3.1,0.40,0.00,23.1,295,8.78,1.73
2012-12-06,4.6,-2.4,1.5,-6.6,0.00,0.00,16.6,339,9.38,1.20
2012-12-07,5.2,-1.3,3.0,-4.9,2.50,0.00,7.1,217,2.17,0.35
2012-12-08,10.5,4.7,9.2,2.8,9.50,0.00,7.6,315,3.28,0.48
2012-12-09,8.2,5.7,6.8,2.7,4.40,0.00,16.2,31,2.94,0.49
2012-12-10,15.4,8.3,15.2,5.8,2.30,0.00,14.8,214,1.77,0.34
2012-12-11,13.7,2.7,13.6,-0.6,0.80,0.00,20.2,316,5.05,0.90
2012-12-12,6.1,0.7,2.6,-2.4,0.00,0.00,6.4,309,6.56,0.82
2012-12-13,6.6,-0.9,3.4,-4.2,0.00,0.00,9.0,358,8.88,1.03
2012-12-14,8.0,-2.0,3.9,-6.1,0.00,0.00,13.2,252,8.88,1.12
2012-12-15,7.4,-1.3,4.6,-4.9,0.00,0.00,9.6,34,8.07,0.90
2012-12-16,9.6,2.7,6.8,-0.6,1.70,0.00,18.1,70,1.23,0.38
2012-12-17,7.6,5.3,4.7,2.2,6.00,0.00,15.8,41,1.31,0.26
2012-12-18,11.6,5.8,9.2,1.2,11.10,0.00,19.7,285,4.60,0.82
2012-12-19,8.4,2.6,2.6,-1.6,0.00,0.00,24.2,299,8.82,1.76
2012-12-20,6.4,-1.6,2.7,-5.2,0.70,0.00,16.3,56,6.39,0.89
2012-12-21,12.7,2.5,9.3,-2.9,29.30,0.00,43.8,177,4.23,1.15
2012-12-22,3.6,0.8,-2.8,-5.6,0.00,0.00,34.8,281,5.49,1.68
2012-12-23,5.4,-0.3,0.4,-5.4,0.00,0.00,19.1,254,8.11,1.32
2012-12-24,3.9,-3.3,0.7,-7.0,2.50,0.84,10.9,321,6.89,0.79
2012-12-25,6.7,-0.9,2.5,-4.9,1.10,0.07,14.7,346,7.90,0.89
2012-12-26,3.0,-2.5,-2.0,-6.9,17.60,3.71,33.2,48,2.75,0.56
2012-12-27,6.7,-1.7,1.9,-7.6,11.50,0.00,39.0,353,3.21,0.69
2012-12-28,3.6,-2.6,-1.0,-7.9,0.00,0.00,19.5,300,8.52,1.03
2012-12-29,2.0,-2.8,-1.9,-6.2,8.40,5.11,15.8,11,1.67,0.26
2012-12-30,0.4,-3.5,-5.0,-9.5,0.00,0.00,29.5,301,9.06,1.21
2012-12-31,2.6,-4.5,-2.2,-9.7,0.00,0.00,18.2,255,6.91,1.03
2013-01-01,3.5,-3.3,-0.7,-8.5,0.00,0.00,19.1,277,4.79,0.94
2013-01-02,-0.5,-6.9,-6.0,-11.8,0.00,0.00,16.3,304,7.39,0.93
2013-01-03,-0.1,-7.1,-5.0,-11.7,0.00,0.00,14.0,285,8.43,0.90
2013-01-04,2.6,-3.8,-3.3,-9.3,0.00,0.00,21.8,256,9.22,1.15
2013-01-05,5.3,-2.9,1.4,-6.7,0.00,0.00,18.1,277,9.44,1.16
2013-01-06,7.0,-2.4,3.2,-5.9,0.40,0.35,11.2,237,9.21,1.01
2013-01-07,6.3,-1.0,2.2,-5.0,0.00,0.00,14.3,298,9.45,1.03
2013-01-08,8.1,-2.9,4.7,-7.0,0.00,0.00,13.8,230,9.36,1.06
2013-01-09,8.5,-1.7,5.5,-5.4,0.00,0.00,18.9,242,5.32,0.84
2013-01-10,8.1,-0.8,4.2,-4.5,0.00,0.00,17.2,296,9.76,1.35
2013-01-11,7.2,-2.2,4.8,-6.2,9.50,0.00,9.6,78,4.05,0.56
2013-01-12,9.0,5.7,7.8,3.4,1.80,0.00,9.4,38,3.25,0.44
2013-01-13,8.9,5.4,7.3,3.4,0.00,0.00,8.2,177,2.47,0.36
2013-01-14,13.7,6.4,12.7,2.4,0.30,0.00,11.9,283,3.19,0.79
2013-01-15,5.5,2.2,1.8,-1.1,3.50,0.00,10.2,8,1.75,0.50
2013-01-16,2.6,0.2,-0.0,-3.5,15.20,5.53,12.0,357,1.09,0.22
2013-01-17,6.5,1.0,2.5,-2.7,0.10,0.07,13.8,288,7.57,0.98
2013-01-18,0.4,-6.0,-3.4,-11.1,1.00,0.70,20.5,337,10.29,1.12
2013-01-19,8.5,-5.6,3.4,-11.0,0.00,0.00,22.8,213,10.19,1.69
2013-01-20,11.0,0.3,5.0,-5.6,0.00,0.00,25.9,248,9.80,2.26
2013-01-21,1.5,-3.4,-3.3,-7.3,0.10,0.35,17.4,260,7.08,0.99
2013-01-22,-2.0,-8.0,-6.3,-15.0,0.00,0.00,26.2,290,10.84,1.51
2013-01-23,-5.7,-10.7,-12.1,-17.2,0.00,0.00,21.3,290,10.95,1.24
2013-01-24,-4.2,-10.4,-11.3,-15.1,0.00,0.00,29.6,319,11.01,1.21
2013-01-25,-3.7,-10.2,-8.5,-15.5,1.10,0.77,18.7,272,7.43,0.96
2013-01-26,-2.2,-8.8,-8.1,-13.4,0.00,0.00,16.6,309,11.79,1.15
2013-01-27,1.2,-8.7,-3.6,-13.6,0.00,0.00,14.3,297,12.31,1.23
2013-01-28,1.2,-4.9,-2.6,-9.0,4.50,0.91,16.8,207,2.50,0.49
2013-01-29,9.0,1.4,7.2,-2.1,0.00,0.00,11.1,165,7.38,0.85
2013-01-30,15.0,4.0,13.8,1.3,0.10,0.00,19.5,181,4.32,0.61
2013-01-31,13.9,-0.7,10.0,-7.3,15.50,0.00,43.8,239,11.16,1.88
2013-02-01,0.4,-3.8,-6.7,-9.7,0.00,0.00,27.6,278,9.49,1.82
2013-02-02,-1.3,-6.5,-7.2,-11.8,0.50,0.42,19.3,250,12.23,1.49
2013-02-03,-0.9,-5.0,-4.7,-9.3,1.00,0.77,8.7,281,6.51,0.76
2013-02-04,-0.3,-6.3,-6.8,-11.9,0.00,0.00,21.6,272,13.16,1.41
2013-02-05,0.1,-4.7,-3.6,-9.1,1.00,1.33,8.1,63,4.73,0.55
2013-02-06,3.8,-4.0,-1.7,-8.4,0.10,0.21,17.9,299,12.42,1.38
2013-02-07,0.3,-5.1,-4.3,-9.8,0.00,0.00,11.1,51,8.69,1.10
2013-02-08,2.7,-2.1,-2.1,-6.7,36.30,21.77,28.1,46,1.35,0.37
2013-02-09,-1.0,-9.1,-6.9,-14.7,16.50,11.55,26.3,321,13.63,1.11
2013-02-10,-1.5,-15.0,-5.0,-20.2,0.00,0.00,14.5,294,14.93,1.19
2013-02-11,5.5,-6.8,3.0,-11.5,9.50,0.07,10.1,201,2.90,0.42
2013-02-12,5.4,-3.2,2.7,-7.4,0.40,0.00,19.7,275,13.22,1.35
2013-02-13,4.5,-4.3,1.7,-8.8,1.20,0.14,10.9,305,13.83,1.45
2013-02-14,5.5,-4.8,2.8,-9.0,1.10,0.70,9.8,281,14.74,1.43
2013-02-15,7.6,-4.6,4.4,-8.8,0.00,0.00,10.2,214,14.26,1.45
2013-02-16,2.3,-1.7,-1.9,-7.2,1.10,0.77,16.7,349,7.90,0.93
2013-02-17,-1.8,-8.3,-8.2,-16.3,0.80,0.63,32.5,316,13.85,1.59
2013-02-18,0.5,-9.9,-4.9,-17.1,0.00,0.00,29.3,289,16.00,1.54
2013-02-19,6.5,-5.7,2.1,-10.5,5.90,0.00,22.7,206,8.49,1.00
2013-02-20,2.5,-3.7,-2.4,-9.7,0.00,0.00,27.7,279,14.91,1.74
2013-02-21,1.2,-5.9,-5.7,-12.2,0.00,0.00,26.0,303,16.20,1.81
2013-02-22,2.6,-5.9,-1.5,-11.3,0.40,0.14,20.5,36,11.81,1.30
2013-02-23,5.5,0.4,2.7,-3.0,2.20,0.00,15.9,77,2.10,0.36
2013-02-24,7.1,0.1,2.7,-5.1,0.10,0.00,19.2,328,7.25,1.20
2013-02-25,6.8,-2.4,3.4,-6.2,0.00,0.00,15.0,321,13.46,1.73
2013-02-26,6.0,-1.8,1.7,-5.5,0.90,0.00,24.8,82,10.01,1.29
2013-02-27,10.5,2.8,9.2,-3.3,10.20,0.00,32.9,72,4.33,0.69
2013-02-28,9.6,0.6,7.1,-2.5,0.80,0.00,12.2,274,11.84,1.56
2013-03-01,7.5,-0.4,2.7,-4.4,0.00,0.00,15.3,312,12.43,1.81
2013-03-02,4.6,-1.7,0.3,-5.8,0.00,0.14,14.6,317,12.21,1.64
2013-03-03,4.5,-1.9,-0.2,-7.0,0.00,0.00,17.3,314,14.66,1.97
2013-03-04,5.2,-3.0,-0.7,-8.5,0.00,0.00,24.0,304,17.82,2.20
2013-03-05,8.0,-1.8,4.6,-7.6,0.00,0.00,18.8,334,16.55,2.07
2013-03-06,4.7,-0.6,-1.6,-5.0,3.90,0.70,33.7,49,5.79,0.95
2013-03-07,4.5,0.8,-1.0,-5.2,6.50,3.85,27.6,358,5.35,1.09
2013-03-08,3.2,-0.6,-1.3,-6.0,9.90,6.51,22.4,347,7.00,0.92
2013-03-09,9.5,-0.8,6.2,-6.0,0.00,0.00,22.2,356,19.60,2.23
2013-03-10,8.0,-1.7,6.0,-5.3,0.00,0.00,12.5,110,18.98,1.93
2013-03-11,11.9,0.5,9.8,-2.6,0.00,0.00,14.3,156,13.87,1.68
2013-03-12,11.6,5.9,10.9,2.4,20.10,0.00,27.9,179,1.82,0.48
2013-03-13,9.7,0.3,5.1,-3.0,0.00,0.00,18.4,283,15.81,2.25
2013-03-14,4.5,-1.2,-2.3,-7.3,0.00,0.00,30.8,296,17.42,2.55
2013-03-15,8.0,-2.8,3.2,-7.7,0.00,0.00,27.2,273,16.47,2.41
2013-03-16,4.4,-0.5,1.2,-4.2,2.10,1.40,12.4,4,9.82,1.26
2013-03-17,4.9,-2.9,-0.3,-7.3,0.00,0.00,18.5,319,16.15,1.91
2013-03-18,2.2,-3.6,-3.2,-8.5,7.40,5.11,20.6,75,8.32,1.23
2013-03-19,7.1,1.0,4.9,-4.2,6.40,1.61,25.8,27,6.94,0.89
2013-03-20,7.4,-1.6,1.7,-7.0,0.00,0.00,26.3,272,19.01,2.48
2013-03-21,4.0,-1.3,-0.1,-6.3,0.00,0.21,18.5,328,12.67,1.79
2013-03-22,5.3,-2.8,-0.6,-7.7,0.00,0.00,22.0,283,14.10,2.12
2013-03-23,7.3,-1.8,1.2,-6.9,0.00,0.00,25.8,294,18.78,2.59
2013-03-24,7.7,-2.3,4.5,-6.8,0.00,0.00,14.1,314,19.47,2.37
2013-03-25,3.4,1.0,-0.4,-2.8,7.20,1.54,18.6,33,6.03,0.76
2013-03-26,10.4,-2.8,5.6,-6.7,0.00,0.00,15.6,312,18.70,2.45
2013-03-27,10.7,-0.5,6.8,-5.0,0.30,0.00,16.8,301,20.22,2.83
2013-03-28,9.4,0.3,5.1,-3.5,0.20,0.00,15.1,320,17.70,2.50
2013-03-29,11.9,1.0,8.5,-2.7,0.00,0.00,14.8,304,17.99,2.76
2013-03-30,13.2,0.2,9.2,-3.5,0.00,0.00,12.6,292,19.69,2.93
2013-03-31,11.7,1.1,7.3,-1.9,2.40,0.00,19.8,150,12.06,1.80
2013-04-01,15.0,3.6,10.3,-2.3,0.60,0.00,24.2,273,16.30,2.66
2013-04-02,6.5,-1.4,0.2,-5.9,0.00,0.00,27.7,286,20.95,3.02
2013-04-03,7.8,-1.7,2.1,-6.7,0.00,0.00,26.2,292,21.52,3.20
2013-04-04,10.0,-2.9,7.0,-7.0,0.00,0.00,18.0,231,23.43,3.18
2013-04-05,16.2,2.3,12.0,-1.3,0.00,0.00,21.4,304,21.80,3.73
2013-04-06,9.9,0.8,7.1,-4.0,0.00,0.00,20.8,316,24.88,3.46
2013-04-07,13.2,1.6,9.5,-2.3,0.30,0.00,22.7,185,21.77,2.99
2013-04-08,20.8,6.1,21.0,3.8,0.00,0.00,14.0,210,23.12,3.79
2013-04-09,25.9,10.5,24.5,9.0,0.00,0.00,20.7,259,23.89,4.75
2013-04-10,22.1,11.2,22.8,10.5,0.40,0.00,15.1,106,18.81,3.22
2013-04-11,15.9,7.8,14.2,4.0,1.70,0.00,16.1,65,12.18,2.06
2013-04-12,7.5,5.4,3.4,0.4,15.10,0.00,26.3,64,1.80,0.65
2013-04-13,13.1,4.0,9.9,1.3,0.00,0.00,14.1,301,17.19,2.51
2013-04-14,13.4,4.5,9.2,2.0,0.00,0.00,21.4,297,25.25,3.49
2013-04-15,12.3,4.3,10.0,1.4,0.00,0.00,13.2,111,20.97,3.00
2013-04-16,17.8,4.8,16.1,2.3,1.00,0.00,22.0,162,19.02,2.84
2013-04-17,19.9,10.6,18.7,9.2,0.80,0.00,15.6,333,21.68,3.58
2013-04-18,13.8,6.4,10.7,3.9,0.00,0.00,17.7,120,9.79,1.71
2013-04-19,21.5,11.9,20.7,10.6,0.60,0.00,25.7,182,15.45,2.69
2013-04-20,17.6,8.9,17.8,3.7,9.80,0.00,23.4,280,21.59,3.81
2013-04-21,11.2,2.6,8.9,-2.3,0.00,0.00,20.3,351,27.30,3.86
2013-04-22,10.4,3.7,6.1,0.3,0.00,0.00,23.0,87,22.92,2.92
2013-04-23,9.9,5.1,7.1,0.7,0.00,0.00,18.4,36,6.25,1.31
2013-04-24,19.6,3.1,19.1,0.6,0.00,0.00,17.1,212,26.02,3.91
2013-04-25,16.6,7.5,14.6,2.9,0.50,0.00,23.4,292,27.82,4.41
2013-04-26,17.5,5.2,15.7,2.3,0.00,0.00,13.4,298,26.86,4.16
2013-04-27,18.5,5.5,17.6,2.1,0.00,0.00,15.3,19,27.35,4.69
2013-04-28,19.4,6.7,18.3,4.6,0.00,0.00,18.6,168,25.49,4.51
2013-04-29,13.4,10.5,11.3,8.4,0.40,0.00,13.3,135,4.87,1.33
2013-04-30,17.4,8.4,15.3,6.0,0.00,0.00,15.1,100,26.88,4.38
2013-05-01,18.0,5.4,16.5,2.8,0.00,0.00,16.4,89,28.32,4.35
2013-05-02,20.2,5.7,20.2,3.5,0.00,0.00,11.4,123,27.73,4.60
2013-05-03,16.0,9.1,14.6,7.0,0.00,0.00,15.9,94,26.81,4.17
2013-05-04,17.8,6.4,17.3,4.2,0.00,0.00,16.6,97,27.68,4.12
2013-05-05,14.9,6.8,13.6,3.6,0.00,0.00,13.9,91,23.39,3.37
2013-05-06,18.3,6.7,18.3,4.4,0.00,0.00,12.8,105,13.51,2.24
2013-05-07,20.0,8.0,19.3,6.3,0.00,0.00,13.9,92,18.01,2.91
2013-05-08,18.8,12.1,19.3,11.2,20.20,0.00,15.0,92,9.63,1.47
2013-05-09,19.6,11.1,19.0,10.4,6.00,0.00,10.2,354,11.97,2.03
2013-05-10,25.0,10.1,26.0,9.0,0.00,0.00,11.6,216,25.89,4.79
2013-05-11,21.7,15.2,22.6,15.2,16.50,0.00,16.4,194,10.35,1.94
2013-05-12,19.7,11.2,17.0,6.2,0.40,0.00,24.6,268,24.30,4.69
2013-05-13,12.9,6.9,8.0,3.1,0.00,0.00,20.2,282,23.23,4.03
2013-05-14,14.6,5.0,11.0,1.3,0.00,0.00,16.4,298,23.14,3.76
2013-05-15,21.1,6.2,20.8,3.5,0.30,0.00,17.0,190,22.13,3.82
2013-05-16,25.3,11.7,25.3,10.3,0.00,0.00,14.0,261,22.51,4.60
2013-05-17,21.4,12.3,20.0,10.1,0.00,0.00,14.9,333,27.84,5.14
2013-05-18,19.7,12.5,18.1,12.1,0.70,0.00,11.6,155,14.12,2.70
2013-05-19,15.9,13.1,15.0,12.1,2.40,0.00,15.9,120,5.19,1.24
2013-05-20,24.4,14.1,26.2,14.7,0.00,0.00,10.7,236,11.93,2.40
2013-05-21,29.0,16.3,32.3,17.3,0.00,0.00,13.2,226,25.37,5.06
2013-05-22,29.9,18.6,34.6,20.1,1.50,0.00,14.3,172,18.78,3.87
2013-05-23,24.8,18.5,26.0,19.0,15.70,0.00,18.6,192,13.86,2.66
2013-05-24,18.9,8.3,20.7,3.8,7.40,0.00,24.1,307,10.59,1.89
2013-05-25,12.1,7.1,6.4,3.0,10.80,0.00,31.6,317,9.85,1.94
2013-05-26,18.5,8.6,13.7,4.3,0.00,0.00,29.4,302,23.43,4.56
2013-05-27,21.9,6.8,20.5,4.1,0.00,0.00,13.3,266,30.75,5.46
2013-05-28,18.6,10.3,17.4,8.7,5.30,0.00,9.3,153,9.08,1.70
2013-05-29,28.1,13.2,31.1,13.4,0.10,0.00,11.2,221,19.96,3.98
2013-05-30,31.6,18.4,34.3,19.4,0.00,0.00,13.3,248,27.17,5.95
2013-05-31,31.8,18.7,35.1,19.8,0.00,0.00,12.3,223,26.23,5.97
2013-06-01,31.3,19.2,34.1,20.5,0.00,0.00,13.8,212,27.90,6.27
2013-06-02,30.6,21.3,32.8,22.7,5.40,0.00,18.5,213,25.41,5.80
2013-06-03,24.0,19.9,26.9,20.0,23.80,0.00,15.9,245,11.58,2.40
2013-06-04,22.8,14.0,21.4,10.5,0.00,0.00,18.4,325,30.31,6.01
2013-06-05,21.2,12.1,21.8,10.4,0.00,0.00,13.5,83,28.65,5.16
2013-06-06,21.0,11.9,19.8,11.4,1.40,0.00,18.4,122,18.22,3.33
2013-06-07,16.8,15.1,16.8,14.0,45.00,0.00,23.2,73,1.59,0.46
2013-06-08,23.6,13.7,24.6,11.4,6.20,0.00,25.9,312,16.53,3.12
2013-06-09,25.7,14.3,27.5,14.7,0.00,0.00,12.0,268,26.11,4.80
2013-06-10,19.9,17.5,21.4,17.5,23.60,0.00,18.4,99,4.27,0.87
2013-06-11,25.8,19.9,27.1,19.6,7.60,0.00,24.1,246,22.32,4.36
2013-06-12,24.1,17.5,22.6,15.6,0.00,0.00,24.2,306,25.29,5.01
2013-06-13,18.3,13.8,18.7,10.9,31.10,0.00,27.0,90,5.39,1.02
2013-06-14,21.4,12.4,21.1,9.5,5.60,0.00,27.4,352,16.17,3.18
2013-06-15,25.2,14.8,24.8,13.9,0.00,0.00,15.0,299,27.87,5.39
2013-06-16,26.8,14.0,27.5,14.0,0.00,0.00,19.1,235,22.21,4.69
2013-06-17,28.2,17.4,30.2,18.9,0.00,0.00,15.3,239,24.63,4.96
2013-06-18,25.8,18.1,29.5,18.3,3.20,0.00,16.0,65,15.60,3.00
2013-06-19,23.8,15.7,23.5,15.0,0.00,0.00,16.6,11,28.75,5.19
2013-06-20,24.8,13.6,26.2,13.4,0.00,0.00,14.3,196,25.18,4.88
2013-06-21,26.2,14.4,28.2,13.8,0.00,0.00,13.4,207,28.22,5.64
2013-06-22,27.2,14.6,29.5,14.4,0.00,0.00,14.0,198,29.40,5.83
2013-06-23,29.1,18.3,31.4,19.0,0.20,0.00,18.0,209,26.44,5.40
2013-06-24,33.2,21.3,36.1,24.0,1.20,0.00,13.9,245,26.85,6.02
2013-06-25,32.4,20.3,34.3,22.5,0.00,0.00,21.0,250,26.27,6.40
2013-06-26,31.5,22.6,34.8,24.1,3.40,0.00,16.3,258,23.05,5.38
2013-06-27,28.8,21.5,33.7,23.8,11.90,0.00,21.9,148,22.40,4.47
2013-06-28,28.6,21.7,31.6,23.6,12.00,0.00,20.7,218,22.79,4.74
2013-06-29,27.4,21.8,31.1,24.6,2.00,0.00,14.6,208,23.13,4.58
2013-06-30,26.8,20.8,30.3,24.2,4.60,0.00,18.1,165,15.39,3.02
2013-07-01,26.2,22.4,30.4,25.7,14.50,0.00,14.8,173,8.16,1.68
2013-07-02,26.4,22.6,30.7,25.3,9.20,0.00,15.2,192,12.21,2.54
2013-07-03,27.4,22.1,31.4,24.9,6.20,0.00,15.7,216,15.79,3.17
2013-07-04,30.1,23.0,33.1,26.5,0.00,0.00,16.8,226,23.46,5.06
2013-07-05,31.4,22.8,35.1,25.7,0.00,0.00,14.3,227,27.14,5.96
2013-07-06,32.7,23.8,36.2,26.8,0.00,0.00,14.8,251,26.26,6.04
2013-07-07,33.0,24.0,37.2,27.5,0.20,0.00,13.6,240,26.24,6.13
2013-07-08,30.3,23.0,32.8,25.9,0.20,0.00,14.0,253,24.71,5.66
2013-07-09,30.5,22.2,34.0,24.9,0.60,0.00,11.0,234,22.10,5.04
2013-07-10,28.6,23.3,32.8,27.0,17.60,0.00,18.2,218,15.09,3.32
2013-07-11,28.2,22.9,31.4,26.1,5.40,0.00,13.3,273,12.80,2.90
2013-07-12,24.7,20.6,26.6,21.7,10.30,0.00,20.0,49,10.08,2.48
2013-07-13,26.9,20.7,31.4,21.7,9.30,0.00,20.6,93,14.04,2.81
2013-07-14,30.9,21.9,34.6,26.1,0.00,0.00,11.1,253,22.83,4.87
2013-07-15,32.9,23.4,36.4,26.1,0.00,0.00,13.0,295,23.93,5.49
2013-07-16,32.8,23.3,35.5,25.6,0.00,0.00,12.6,346,26.58,6.17
2013-07-17,33.0,22.8,36.5,26.2,0.00,0.00,10.9,309,24.26,5.53
2013-07-18,34.8,25.1,39.9,27.4,0.20,0.00,11.7,275,25.20,6.13
2013-07-19,34.9,26.0,38.7,30.0,0.70,0.00,19.9,237,24.92,6.39
2013-07-20,32.6,23.9,35.4,28.4,12.40,0.00,20.5,246,22.47,5.57
2013-07-21,28.8,23.5,33.4,26.3,1.70,0.00,10.9,85,21.03,4.45
2013-07-22,28.0,22.7,32.5,26.4,5.40,0.00,11.5,99,16.04,3.36
2013-07-23,29.7,23.2,34.1,26.8,24.50,0.00,13.4,247,19.10,4.06
2013-07-24,28.0,21.5,30.5,20.1,0.00,0.00,17.3,315,22.05,4.87
2013-07-25,20.7,18.7,19.1,17.2,0.90,0.00,18.4,25,5.84,2.36
2013-07-26,27.2,17.9,29.9,17.5,0.00,0.00,13.4,353,25.00,5.05
2013-07-27,26.6,17.5,28.8,19.1,0.00,0.00,14.9,184,22.58,4.52
2013-07-28,25.9,18.6,27.3,21.0,3.50,0.00,16.6,157,14.10,2.88
2013-07-29,27.9,20.0,30.0,19.8,15.90,0.00,15.6,257,22.01,4.70
2013-07-30,26.2,16.8,26.9,16.9,0.00,0.00,12.1,296,22.63,4.75
2013-07-31,26.5,16.4,27.4,17.1,0.00,0.00,10.9,240,19.98,4.19
2013-08-01,23.8,18.9,24.7,20.5,9.20,0.00,15.0,170,8.27,1.93
2013-08-02,27.8,18.8,28.4,21.1,0.00,0.00,18.3,269,24.08,5.08
2013-08-03,23.9,19.2,25.4,19.4,2.70,0.00,14.1,242,9.89,2.29
2013-08-04,25.1,16.7,24.4,16.7,0.00,0.00,16.5,314,22.30,4.81
2013-08-05,24.8,15.2,24.2,14.2,0.00,0.00,14.1,313,27.84,5.41
2013-08-06,25.2,17.6,25.7,18.4,0.00,0.00,14.1,147,21.57,4.34
2013-08-07,24.1,17.7,24.3,19.2,0.20,0.00,16.5,155,11.47,2.69
2013-08-08,27.9,20.8,31.1,22.6,11.80,0.00,16.5,182,14.55,3.02
2013-08-09,28.3,21.7,32.9,24.1,9.30,0.00,18.8,203,8.71,1.82
2013-08-10,28.0,20.1,29.0,21.8,0.00,0.00,16.2,305,20.69,4.36
2013-08-11,25.9,16.2,26.8,16.9,0.00,0.00,11.8,294,20.71,4.21
2013-08-12,26.2,19.5,30.4,22.5,2.50,0.00,9.2,175,17.36,3.41
2013-08-13,25.7,20.0,28.4,22.8,13.40,0.00,10.1,183,9.64,2.04
2013-08-14,23.2,16.6,22.7,14.5,0.00,0.00,25.5,313,24.76,5.15
2013-08-15,24.3,13.6,24.3,12.8,0.00,0.00,11.2,298,25.52,4.79
2013-08-16,25.2,14.5,26.0,14.7,0.00,0.00,10.0,208,21.49,4.13
2013-08-17,26.3,14.5,28.2,14.8,0.00,0.00,8.3,200,22.09,4.33
2013-08-18,24.3,17.4,24.8,18.7,0.50,0.00,8.9,53,9.69,2.20
2013-08-19,27.2,17.0,28.5,17.6,0.40,0.00,12.2,263,17.64,3.73
2013-08-20,29.6,17.7,31.3,19.1,0.00,0.00,10.1,287,22.55,4.58
2013-08-21,30.9,17.7,33.3,19.3,0.00,0.00,9.0,261,24.51,5.08
2013-08-22,27.7,22.0,31.5,25.2,4.20,0.00,14.3,224,14.13,2.99
2013-08-23,26.8,20.6,25.9,20.7,0.00,0.00,16.0,346,18.48,4.68
2013-08-24,25.1,17.3,26.0,15.9,0.00,0.00,15.6,34,24.84,5.07
2013-08-25,27.1,14.9,27.8,15.5,0.00,0.00,13.8,239,24.38,5.04
2013-08-26,28.2,18.3,28.5,17.3,0.60,0.00,16.4,240,12.19,3.53
2013-08-27,29.5,20.5,31.6,21.8,2.00,0.00,18.7,311,19.98,4.33
2013-08-28,28.7,21.2,32.4,24.4,1.40,0.00,6.6,91,15.46,3.12
2013-08-29,25.9,20.3,28.0,22.3,0.70,0.00,12.1,71,12.80,2.58
2013-08-30,28.2,19.6,29.7,21.6,0.00,0.00,13.8,219,13.41,3.17
2013-08-31,29.4,21.2,31.8,23.1,0.60,0.00,15.1,217,14.41,3.43
2013-09-01,28.0,22.1,31.8,25.0,3.20,0.00,10.0,180,13.21,2.77
2013-09-02,26.4,22.1,31.3,26.1,6.90,0.00,8.2,169,9.96,2.01
2013-09-03,26.8,20.4,29.7,20.5,4.10,0.00,14.0,297,16.82,3.59
2013-09-04,27.0,17.1,26.8,16.9,0.00,0.00,13.0,280,23.03,5.02
2013-09-05,24.4,17.2,23.6,15.3,0.00,0.00,15.7,304,17.28,4.29
2013-09-06,20.6,13.0,20.5,10.7,0.00,0.00,14.4,360,21.88,4.01
2013-09-07,25.2,12.0,23.9,11.0,0.00,0.00,9.5,234,21.83,4.44
2013-09-08,26.6,17.2,26.2,14.4,0.20,0.00,18.7,309,17.62,4.57
2013-09-09,21.7,13.0,21.1,11.5,0.00,0.00,14.1,113,19.90,4.02
2013-09-10,30.2,17.9,32.6,17.6,0.50,0.00,17.0,215,15.93,3.82
2013-09-11,33.2,22.2,38.5,25.2,0.20,0.00,13.8,224,18.94,4.52
2013-09-12,30.8,22.5,33.7,25.9,10.60,0.00,15.8,214,16.65,3.83
2013-09-13,23.7,16.7,25.6,14.4,1.00,0.00,18.2,313,15.51,3.52
2013-09-14,18.3,13.5,16.1,10.9,0.00,0.00,17.9,318,10.76,3.01
2013-09-15,21.7,10.0,20.1,8.5,0.00,0.00,11.0,275,19.95,3.72
2013-09-16,21.4,14.9,19.4,12.3,0.50,0.00,17.7,322,11.00,2.63
2013-09-17,17.2,9.4,15.4,5.6,0.00,0.00,21.4,24,21.42,3.78
2013-09-18,20.8,8.6,20.0,6.8,0.00,0.00,8.3,237,21.09,3.63
2013-09-19,23.7,10.0,23.0,8.6,0.00,0.00,9.5,234,20.94,3.80
2013-09-20,24.6,10.8,25.3,9.8,0.00,0.00,12.6,195,20.40,3.83
2013-09-21,24.2,13.0,23.2,12.7,1.30,0.00,25.2,176,13.64,2.85
2013-09-22,20.3,14.4,21.7,11.0,19.00,0.00,18.7,308,18.29,3.54
2013-09-23,18.0,10.1,15.4,7.6,0.00,0.00,15.1,325,20.09,3.61
2013-09-24,21.9,8.2,19.9,6.1,0.00,0.00,12.8,316,19.97,3.51
2013-09-25,21.6,9.1,20.5,7.3,0.00,0.00,13.0,345,18.95,3.24
2013-09-26,19.7,11.8,19.0,10.7,0.10,0.00,11.8,36,11.82,2.12
2013-09-27,19.2,11.2,18.3,9.9,0.00,0.00,10.2,28,11.66,2.17
2013-09-28,21.7,12.5,20.6,11.2,0.00,0.00,11.4,47,17.02,3.18
2013-09-29,20.2,11.1,19.5,10.4,0.00,0.00,7.6,66,13.46,2.36
2013-09-30,21.7,10.4,21.1,9.6,0.00,0.00,7.5,11,15.83,2.66
2013-10-01,25.9,11.6,26.2,10.6,0.00,0.00,9.7,281,16.79,3.39
2013-10-02,27.7,13.6,27.5,13.0,0.00,0.00,15.0,281,17.61,3.79
2013-10-03,25.6,13.8,24.8,13.8,0.00,0.00,9.0,270,14.17,2.91
2013-10-04,28.8,16.1,29.9,17.0,0.00,0.00,10.1,231,13.32,2.77
2013-10-05,25.5,17.6,27.5,19.2,0.00,0.00,10.5,88,10.20,2.05
2013-10-06,22.4,18.4,22.9,19.6,0.10,0.00,17.5,118,6.80,1.52
2013-10-07,23.7,14.6,23.1,13.5,11.60,0.00,28.6,187,5.41,1.47
2013-10-08,19.3,11.9,17.1,9.5,0.00,0.00,14.5,349,16.26,3.17
2013-10-09,16.7,12.1,13.6,9.2,0.00,0.00,19.3,50,11.31,2.59
2013-10-10,15.4,12.3,13.8,9.9,19.10,0.00,21.6,38,2.76,0.92
2013-10-11,19.6,13.7,18.3,11.9,12.20,0.00,21.1,42,6.85,1.52
2013-10-12,20.3,14.0,18.0,11.6,0.00,0.00,21.4,56,14.91,3.02
2013-10-13,17.0,13.1,14.9,10.6,0.00,0.00,20.4,69,13.68,2.47
2013-10-14,17.5,10.8,16.6,9.7,0.00,0.00,10.2,85,14.16,2.28
2013-10-15,20.1,9.5,18.8,8.6,0.00,0.00,9.5,77,15.39,2.46
2013-10-16,19.0,11.7,20.1,10.9,0.20,0.00,8.0,85,5.47,1.08
2013-10-17,21.4,14.5,22.0,14.8,0.70,0.00,14.5,197,7.36,1.48
2013-10-18,19.1,12.3,16.9,9.7,0.30,0.00,19.5,269,15.18,2.97
2013-10-19,17.6,8.2,15.1,6.3,1.00,0.00,14.9,190,10.93,2.14
2013-10-20,16.4,8.7,12.6,5.7,0.00,0.00,18.4,278,15.18,2.71
2013-10-21,17.9,6.6,15.0,4.2,0.00,0.00,15.8,212,14.68,2.73
2013-10-22,18.3,9.5,16.2,7.4,0.00,0.00,14.4,233,10.75,2.07
2013-10-23,11.3,7.2,8.6,4.4,0.00,0.00,14.5,345,5.11,1.29
2013-10-24,11.3,4.4,5.8,0.7,0.00,0.00,21.6,275,13.40,2.50
2013-10-25,11.4,3.7,6.2,-0.3,0.00,0.00,22.7,289,11.36,2.23
2013-10-26,12.1,2.5,6.5,-1.0,0.00,0.00,22.8,229,14.08,2.43
2013-10-27,14.2,6.7,9.2,2.9,0.00,0.00,17.9,270,13.30,2.66
2013-10-28,15.4,3.0,11.9,-0.1,0.00,0.00,16.9,269,13.63,2.31
2013-10-29,12.2,5.8,9.4,2.6,0.00,0.00,11.6,32,11.98,1.92
2013-10-30,15.5,8.2,14.1,5.7,0.00,0.00,10.3,206,7.82,1.34
2013-10-31,19.3,9.4,18.9,8.3,1.20,0.00,19.8,180,5.62,1.34
2013-11-01,20.6,12.2,19.9,11.6,1.90,0.00,29.7,214,5.18,1.67
2013-11-02,18.6,11.0,16.6,8.4,0.00,0.00,9.5,307,9.64,2.00
2013-11-03,10.7,4.5,7.6,-0.6,0.00,0.00,18.4,342,8.25,1.93
2013-11-04,7.0,1.1,2.9,-4.2,0.00,0.00,17.1,27,12.81,2.02
2013-11-05,12.2,3.7,9.3,0.6,0.00,0.00,10.9,114,10.13,1.61
2013-11-06,15.2,5.9,12.5,3.5,0.00,0.00,14.0,174,8.50,1.54
2013-11-07,16.2,7.4,15.1,3.4,2.70,0.00,18.9,262,3.55,0.92
2013-11-08,9.3,3.8,3.1,-0.7,0.00,0.00,24.6,291,9.89,2.17
2013-11-09,9.0,1.1,4.6,-2.7,0.00,0.00,13.7,242,8.93,1.68
2013-11-10,13.7,4.7,8.1,0.9,0.00,0.00,29.7,256,10.30,2.33
2013-11-11,11.3,4.0,6.5,-0.0,0.00,0.00,19.8,259,10.62,2.28
2013-11-12,8.8,0.3,5.3,-5.2,2.10,0.42,22.4,318,3.95,1.64
2013-11-13,3.8,-2.1,-1.9,-7.8,0.00,0.00,18.5,306,11.76,1.74
2013-11-14,10.1,-0.5,4.8,-5.7,0.00,0.00,19.0,242,11.48,2.19
2013-11-15,13.4,-0.0,9.6,-3.5,0.00,0.00,13.8,230,9.27,1.61
2013-11-16,13.5,3.5,11.3,0.2,0.80,0.00,9.4,213,8.40,1.29
2013-11-17,16.7,7.2,16.7,5.2,0.00,0.00,12.3,130,4.16,0.71
2013-11-18,17.6,10.0,14.2,5.3,7.10,0.00,23.9,237,9.71,2.32
2013-11-19,8.9,2.4,4.0,-2.6,0.00,0.00,26.3,313,10.50,2.46
2013-11-20,6.2,-0.9,1.8,-5.9,0.00,0.00,17.3,10,10.32,1.55
2013-11-21,9.2,-1.4,6.7,-5.3,0.00,0.00,12.5,68,7.83,1.14
2013-11-22,13.2,6.9,11.3,4.5,2.10,0.00,12.4,232,4.48,0.78
2013-11-23,10.6,1.5,8.6,-5.1,0.00,0.00,23.8,303,10.18,2.18
2013-11-24,0.4,-4.4,-6.4,-12.0,0.00,0.14,36.5,307,9.11,2.04
2013-11-25,1.1,-5.1,-4.0,-11.4,0.00,0.00,22.7,270,10.07,1.54
2013-11-26,5.7,-1.4,2.0,-6.7,8.00,0.00,16.9,160,3.36,0.75
2013-11-27,14.7,1.8,13.8,-4.2,58.40,0.00,28.6,278,1.03,0.42
2013-11-28,1.6,-2.3,-4.3,-7.7,0.00,0.00,25.4,291,9.95,1.53
2013-11-29,3.0,-3.7,-1.7,-7.3,0.00,0.00,10.7,305,8.55,1.00
2013-11-30,2.4,-4.3,-1.1,-9.1,0.00,0.00,10.9,50,9.12,1.04
2013-12-01,7.9,-1.0,5.3,-4.4,0.00,0.00,8.1,304,8.57,0.95
2013-12-02,7.9,0.9,5.8,-2.0,0.00,0.00,8.7,6,6.24,0.74
2013-12-03,10.5,0.7,8.0,-2.5,0.00,0.00,8.3,329,7.47,0.91
2013-12-04,10.9,0.7,8.9,-2.3,0.00,0.00,7.4,61,8.56,0.99
2013-12-05,13.7,6.2,13.2,4.1,0.00,0.00,9.7,147,2.65,0.44
2013-12-06,14.4,3.9,14.3,0.2,16.80,0.00,17.8,335,0.89,0.26
2013-12-07,5.3,-0.5,0.2,-5.4,8.50,0.00,17.1,327,8.52,1.09
2013-12-08,0.6,-3.5,-3.1,-8.0,3.20,2.17,14.8,21,3.10,0.69
2013-12-09,5.4,0.1,3.2,-4.2,8.10,1.19,18.6,22,0.83,0.24
2013-12-10,0.6,-2.9,-3.0,-8.7,6.20,4.41,18.5,261,1.59,0.36
2013-12-11,-0.6,-5.4,-6.2,-10.8,0.00,0.00,18.4,253,8.87,1.02
2013-12-12,-4.2,-7.7,-9.4,-13.5,0.00,0.00,16.8,293,9.42,0.90
2013-12-13,-0.0,-7.7,-5.5,-13.8,0.00,0.00,21.6,255,9.01,1.00
2013-12-14,3.0,-5.8,-1.9,-10.5,11.80,7.00,22.5,54,2.55,0.47
2013-12-15,5.7,-1.6,0.2,-6.8,15.50,0.14,29.7,327,6.96,0.75
2013-12-16,-2.3,-7.2,-7.6,-11.9,0.00,0.00,20.0,274,8.29,0.88
2013-12-17,1.9,-5.5,-1.0,-9.7,6.80,3.99,14.0,33,2.02,0.34
2013-12-18,1.2,-8.9,-3.7,-13.5,0.00,0.00,17.9,290,9.03,0.76
2013-12-19,4.7,-7.6,0.9,-12.3,0.00,0.00,13.7,236,8.36,0.83
2013-12-20,8.4,-0.8,5.4,-4.5,0.00,0.00,12.3,220,6.38,0.87
2013-12-21,14.9,5.3,13.4,2.5,0.80,0.00,14.3,221,8.09,1.10
2013-12-22,19.4,13.3,19.5,11.5,1.20,0.00,22.9,213,3.51,1.03
2013-12-23,15.6,5.8,15.2,1.6,19.30,0.00,17.9,274,0.50,0.27
2013-12-24,4.9,-0.9,0.5,-7.2,0.00,0.00,21.3,323,7.60,1.43
2013-12-25,-1.7,-5.3,-6.0,-11.2,0.00,0.00,21.0,323,8.32,1.18
2013-12-26,2.0,-3.6,-2.0,-7.5,0.00,0.00,13.5,259,5.79,0.70
2013-12-27,4.2,-4.0,-0.5,-8.2,0.00,0.00,15.2,260,8.74,1.00
2013-12-28,9.4,-2.6,5.1,-6.7,0.00,0.00,16.7,233,8.61,1.27
2013-12-29,6.6,0.6,3.6,-3.2,24.50,0.00,20.9,300,0.88,0.32
2013-12-30,4.6,-3.5,1.2,-9.0,0.00,0.00,17.6,303,5.54,0.92
2013-12-31,1.5,-6.0,-4.3,-10.7,0.00,0.00,20.8,273,7.93,1.18
2014-01-01,1.5,-5.0,-2.6,-9.9,0.00,0.00,15.0,273,8.50,1.10
2014-01-02,-1.0,-6.7,-6.0,-13.4,3.90,2.94,23.1,32,2.40,0.66
2014-01-03,-7.7,-18.6,-14.6,-23.8,10.10,7.14,28.8,341,8.71,0.58
2014-01-04,-6.1,-19.6,-10.8,-24.8,0.00,0.00,12.0,240,9.92,0.54
2014-01-05,6.8,-11.5,3.7,-16.6,0.10,0.00,15.2,162,2.33,0.32
2014-01-06,11.6,-3.5,8.9,-10.8,8.00,0.00,27.0,224,1.41,0.44
2014-01-07,-5.8,-16.2,-13.8,-24.2,0.00,0.00,32.4,273,10.28,1.05
2014-01-08,-4.9,-12.9,-10.7,-19.0,0.00,0.00,15.4,257,9.95,1.02
2014-01-09,-0.5,-7.3,-4.2,-12.0,0.00,0.00,8.2,265,10.16,1.01
2014-01-10,3.0,-5.1,0.9,-9.6,2.10,0.28,8.6,68,2.92,0.39
2014-01-11,12.7,1.3,11.6,-1.3,13.80,0.00,23.1,183,1.36,0.24
2014-01-12,9.1,-0.3,6.2,-4.7,0.00,0.00,20.4,275,9.21,1.29
2014-01-13,10.4,-2.7,7.3,-6.2,0.00,0.00,14.8,194,8.92,1.18
2014-01-14,8.2,3.3,7.6,0.2,10.10,0.00,12.9,227,1.81,0.45
2014-01-15,8.8,-1.4,6.1,-4.6,0.00,0.00,10.7,187,8.93,0.91
2014-01-16,4.3,-0.6,2.4,-3.7,0.20,0.00,10.4,328,2.99,0.43
2014-01-17,5.6,-4.0,2.2,-8.1,0.00,0.00,10.9,207,9.37,0.98
2014-01-18,5.0,-2.4,0.9,-7.6,4.80,0.00,16.8,312,7.01,0.87
2014-01-19,2.5,-4.0,-3.5,-9.3,0.00,0.00,20.4,246,10.29,1.46
2014-01-20,7.4,-0.6,2.0,-6.1,0.00,0.00,20.5,252,8.20,1.54
2014-01-21,-1.0,-10.4,-6.0,-17.2,8.60,6.23,22.3,12,2.89,0.82
2014-01-22,-10.3,-16.5,-16.4,-22.7,0.50,0.70,23.4,334,12.06,0.70
2014-01-23,-7.7,-20.2,-13.5,-25.4,0.00,0.00,20.4,281,11.66,0.59
2014-01-24,-8.7,-18.6,-14.1,-24.0,0.00,0.00,16.6,258,12.36,0.63
2014-01-25,-3.8,-12.1,-9.1,-18.2,1.20,0.91,21.1,209,7.08,0.70
2014-01-26,-6.2,-12.0,-10.6,-17.6,0.10,0.14,18.4,247,10.50,0.71
2014-01-27,5.0,-6.9,0.6,-12.5,0.00,0.00,23.5,261,9.26,1.21
2014-01-28,-7.4,-12.3,-12.1,-18.2,0.00,0.00,15.8,309,11.16,0.87
2014-01-29,-5.8,-10.6,-12.2,-16.1,1.50,1.12,18.0,276,12.63,0.99
2014-01-30,-3.3,-13.0,-7.5,-17.9,0.00,0.00,11.5,215,12.83,0.99
2014-01-31,3.6,-10.3,-0.7,-15.1,0.00,0.00,13.0,251,9.43,1.06
2014-02-01,4.8,-4.4,1.0,-8.6,0.00,0.00,11.9,169,9.98,1.08
2014-02-02,10.9,-4.1,8.3,-8.0,0.00,0.00,11.1,269,8.42,1.10
2014-02-03,3.7,-2.4,0.6,-6.4,27.40,18.69,16.9,5,1.66,0.29
2014-02-04,-0.4,-11.8,-3.6,-16.5,0.00,0.00,10.0,359,12.34,0.93
2014-02-05,0.8,-4.2,-2.6,-8.2,27.20,8.05,21.7,36,1.63,0.28
2014-02-06,-0.9,-9.8,-5.7,-14.5,0.00,0.00,17.0,313,13.71,0.97
2014-02-07,-1.9,-13.9,-6.7,-18.9,0.00,0.00,13.4,257,14.13,0.96
2014-02-08,-3.4,-14.0,-7.9,-18.9,0.00,0.14,12.2,271,10.77,0.77
2014-02-09,-3.2,-14.0,-7.2,-19.1,2.30,1.68,10.1,285,12.13,0.87
2014-02-10,-3.2,-13.1,-8.1,-17.9,0.20,0.14,16.1,294,14.77,0.94
2014-02-11,-5.7,-18.4,-11.0,-23.5,0.00,0.00,13.5,308,15.25,0.81
2014-02-12,-6.9,-18.3,-11.4,-23.6,0.00,0.00,12.2,14,14.36,0.76
2014-02-13,1.4,-7.3,-3.3,-12.3,41.30,23.10,33.9,38,1.52,0.33
2014-02-14,3.4,-2.5,-2.3,-8.1,11.70,5.95,29.4,279,14.62,1.35
2014-02-15,0.5,-5.1,-4.4,-8.9,5.40,3.71,26.3,0,4.25,0.57
2014-02-16,-2.8,-9.0,-7.8,-14.5,0.00,0.14,26.5,294,13.87,1.09
2014-02-17,-2.1,-12.4,-6.1,-17.7,0.00,0.00,18.1,297,16.51,1.17
2014-02-18,3.9,-9.3,0.4,-13.9,3.10,1.47,20.9,222,8.03,0.89
2014-02-19,5.3,-5.4,2.8,-9.7,4.60,0.00,18.4,210,8.56,0.90
2014-02-20,4.5,-4.4,2.0,-8.5,0.00,0.00,16.8,257,15.59,1.57
2014-02-21,10.9,0.7,8.0,-3.1,3.50,0.00,22.0,122,5.17,0.66
2014-02-22,8.9,-4.7,4.4,-9.2,0.00,0.00,18.3,230,16.49,1.80
2014-02-23,10.3,-2.1,7.6,-6.0,0.00,0.00,12.6,260,14.17,1.77
2014-02-24,2.7,-4.2,-1.2,-9.7,0.80,0.00,26.8,287,16.19,1.48
2014-02-25,-0.7,-8.8,-7.0,-13.4,0.00,0.14,26.0,277,11.98,1.15
2014-02-26,-1.5,-8.3,-7.3,-13.4,0.50,0.42,21.6,277,13.86,1.19
2014-02-27,-0.3,-10.8,-7.0,-18.0,0.20,0.21,26.1,262,14.91,1.40
2014-02-28,-5.3,-15.4,-10.0,-20.5,0.00,0.00,23.2,300,18.39,1.24
2014-03-01,1.9,-8.2,-2.1,-12.7,0.00,0.00,12.2,187,15.41,1.37
2014-03-02,3.9,-5.3,1.2,-9.8,0.50,0.28,9.0,271,4.02,0.67
2014-03-03,-1.2,-11.6,-5.5,-16.9,3.50,2.59,18.4,344,7.80,0.91
2014-03-04,-2.5,-16.1,-6.8,-21.3,0.00,0.00,10.0,325,15.03,1.17
2014-03-05,2.0,-6.2,-1.6,-10.5,0.00,0.00,11.6,0,16.81,1.63
2014-03-06,-2.1,-10.1,-6.1,-16.1,0.00,0.00,18.2,41,18.85,1.55
2014-03-07,2.6,-7.0,-1.6,-11.5,0.00,0.00,13.7,48,9.64,1.07
2014-03-08,10.1,-4.1,6.4,-8.2,0.00,0.00,15.5,306,18.64,2.14
2014-03-09,4.6,-1.5,-0.8,-5.5,0.30,0.07,19.4,309,16.87,1.71
2014-03-10,8.3,-1.7,5.3,-6.2,0.00,0.00,11.8,223,13.87,1.83
2014-03-11,15.4,2.3,13.1,-1.6,0.00,0.00,12.7,267,17.64,2.48
2014-03-12,12.9,2.1,10.3,-0.9,2.20,0.00,20.0,151,9.48,1.31
2014-03-13,3.7,-7.9,-1.7,-16.1,0.00,0.00,33.3,310,19.97,1.81
2014-03-14,6.1,-8.2,0.5,-13.4,0.00,0.00,20.4,215,19.66,2.30
2014-03-15,12.7,3.3,8.1,-1.4,0.00,0.00,26.0,249,18.76,3.10
2014-03-16,3.1,-2.3,-1.4,-7.8,0.00,0.00,18.3,326,18.01,2.22
2014-03-17,1.0,-4.1,-3.1,-9.7,0.50,0.56,17.2,38,13.96,1.76
2014-03-18,4.1,-5.0,0.4,-9.3,0.00,0.00,14.5,72,21.00,2.12
2014-03-19,6.2,-3.0,4.6,-6.8,12.30,0.00,17.6,89,4.06,0.71
2014-03-20,11.1,3.7,5.4,-1.7,3.40,0.00,24.1,271,16.53,2.40
2014-03-21,9.9,-0.6,5.1,-5.0,0.00,0.00,24.4,285,20.95,2.83
2014-03-22,16.0,-2.2,11.5,-6.0,0.00,0.00,24.1,251,16.14,2.70
2014-03-23,5.1,-1.8,-0.3,-8.1,0.00,0.00,18.9,321,11.29,1.87
2014-03-24,1.5,-5.9,-2.7,-12.2,0.00,0.00,22.2,323,22.34,2.43
2014-03-25,3.6,-5.6,-0.8,-9.9,0.80,0.70,13.5,141,14.31,1.67
2014-03-26,3.0,-3.6,-3.9,-10.3,1.30,1.05,33.6,322,22.15,2.53
2014-03-27,5.7,-5.3,1.1,-10.6,0.00,0.00,20.0,254,21.43,2.64
2014-03-28,15.0,-0.2,11.7,-5.1,0.80,0.00,26.5,210,12.49,2.10
2014-03-29,9.8,4.3,7.9,1.3,23.50,0.00,22.0,51,3.74,0.54
2014-03-30,9.0,3.4,7.5,-1.7,21.90,0.00,25.6,14,3.20,0.43
2014-03-31,12.8,1.4,8.7,-3.3,5.30,0.35,24.5,352,12.18,2.00
2014-04-01,13.6,-1.0,12.5,-4.8,0.00,0.00,13.7,324,21.42,2.95
2014-04-02,11.9,2.2,10.3,-0.9,1.80,0.00,10.2,181,10.26,1.44
2014-04-03,15.7,2.8,14.4,-0.6,0.50,0.00,10.8,348,21.93,3.15
2014-04-04,6.5,4.4,4.5,-0.1,5.00,0.00,20.6,89,3.02,0.68
2014-04-05,12.0,4.2,7.0,-0.7,0.20,0.00,24.9,299,21.28,2.98
2014-04-06,13.2,-0.2,10.6,-4.4,0.00,0.00,14.3,267,24.89,3.44
2014-04-07,9.1,1.3,5.3,-1.6,8.40,0.00,21.0,107,9.48,1.39
2014-04-08,17.9,7.7,14.4,3.8,3.70,0.00,25.2,249,10.82,2.10
2014-04-09,14.9,2.8,11.4,-0.3,0.00,0.00,21.4,313,22.96,3.63
2014-04-10,14.6,1.3,11.7,-2.0,0.00,0.00,20.0,196,25.09,3.80
2014-04-11,20.9,9.8,20.2,5.5,1.40,0.00,17.3,232,15.57,3.14
2014-04-12,19.8,7.0,19.1,5.2,1.40,0.00,15.2,239,25.04,4.14
2014-04-13,23.2,7.7,23.3,5.1,0.00,0.00,19.3,182,22.76,4.05
2014-04-14,21.9,13.8,20.1,12.1,0.00,0.00,24.1,192,19.70,3.76
2014-04-15,16.9,3.0,15.4,-1.7,20.90,0.00,30.8,202,3.12,0.78
2014-04-16,8.4,-0.1,4.3,-6.6,3.70,1.75,25.4,335,27.06,3.45
2014-04-17,7.8,1.3,5.2,-3.4,0.00,0.00,14.7,79,24.40,2.86
2014-04-18,8.0,2.4,6.0,-1.6,0.00,0.00,13.1,101,17.31,2.19
2014-04-19,17.2,2.8,14.8,-0.3,0.00,0.00,14.2,336,25.93,3.95
2014-04-20,11.7,4.2,9.9,1.2,0.00,0.00,17.6,83,26.37,3.70
2014-04-21,16.4,1.7,15.4,-0.9,0.00,0.00,11.9,155,26.82,3.91
2014-04-22,20.5,5.6,20.1,3.1,1.20,0.00,12.6,222,20.86,3.35
2014-04-23,14.3,7.0,11.1,1.4,0.50,0.00,29.6,309,14.76,2.88
2014-04-24,14.7,4.7,9.4,-0.8,0.00,0.00,27.0,309,27.98,4.70
2014-04-25,14.5,3.0,12.6,-0.1,0.70,0.00,16.8,138,25.32,3.93
2014-04-26,17.5,7.7,15.1,5.5,19.50,0.00,16.3,8,15.38,2.53
2014-04-27,13.1,5.1,9.0,1.5,0.00,0.00,19.5,326,16.36,2.72
2014-04-28,16.2,3.7,15.2,0.9,0.00,0.00,12.7,342,27.00,4.03
2014-04-29,9.0,5.7,5.9,1.0,3.60,0.00,24.3,99,5.74,1.32
2014-04-30,11.9,5.4,10.1,0.7,34.90,0.00,26.1,88,2.18,0.48
2014-05-01,22.2,12.6,23.3,11.1,8.00,0.00,17.6,197,15.64,2.81
2014-05-02,18.3,10.9,14.6,8.4,0.10,0.00,22.6,276,19.88,3.75
2014-05-03,18.5,6.9,16.8,4.8,0.00,0.00,16.5,233,22.62,3.85
2014-05-04,15.7,9.5,10.8,5.5,0.10,0.00,28.9,264,21.72,3.97
2014-05-05,18.2,8.0,15.6,3.8,0.00,0.00,21.8,306,26.29,4.75
2014-05-06,18.6,7.1,15.6,4.2,0.00,0.00,17.8,328,20.51,4.00
2014-05-07,17.9,6.6,17.3,3.7,0.00,0.00,15.0,300,25.37,4.36
2014-05-08,14.1,10.3,13.9,9.3,9.70,0.00,10.0,121,5.82,1.03
2014-05-09,17.6,10.7,17.2,9.7,3.50,0.00,14.0,119,8.77,1.41
2014-05-10,26.6,13.7,27.1,13.7,2.00,0.00,19.5,232,17.32,3.41
2014-05-11,24.6,15.0,24.0,14.7,0.10,0.00,14.9,275,28.57,5.20
2014-05-12,26.8,12.8,29.6,11.8,0.00,0.00,10.2,236,24.97,4.84
2014-05-13,19.1,10.7,20.2,8.6,0.00,0.00,17.7,98,25.33,3.84
2014-05-14,19.1,9.9,19.6,7.8,0.00,0.00,14.3,118,17.02,2.76
2014-05-15,20.7,13.5,21.4,12.6,2.00,0.00,19.4,138,9.33,1.58
2014-05-16,18.5,16.7,18.0,15.9,18.00,0.00,25.6,153,3.95,0.79
2014-05-17,19.0,10.7,16.9,8.9,8.00,0.00,16.8,279,24.26,4.13
2014-05-18,17.3,8.1,15.4,6.3,0.00,0.00,15.5,320,25.22,4.26
2014-05-19,20.4,8.1,16.8,4.7,0.00,0.00,19.9,307,27.99,5.13
2014-05-20,23.3,10.3,21.9,7.3,0.10,0.00,15.7,304,27.57,5.34
2014-05-21,22.0,13.7,21.0,12.9,0.40,0.00,14.8,258,13.02,2.81
2014-05-22,18.6,14.1,18.8,14.5,11.00,0.00,12.0,142,9.13,1.55
2014-05-23,19.4,13.6,20.2,13.5,8.50,0.00,7.2,1,11.48,2.02
2014-05-24,19.7,13.2,21.4,12.1,4.20,0.00,12.8,348,19.65,3.19
2014-05-25,24.8,12.1,23.8,11.2,0.00,0.00,10.4,273,25.62,4.58
2014-05-26,27.9,15.0,28.4,13.3,0.00,0.00,16.4,255,25.59,5.58
2014-05-27,28.9,17.2,30.6,17.3,0.40,0.00,15.1,258,24.32,5.35
2014-05-28,20.4,12.2,23.0,9.6,1.10,0.00,16.6,66,4.28,1.20
2014-05-29,16.3,10.9,16.3,8.5,0.00,0.00,14.0,94,19.72,3.33
2014-05-30,22.1,11.5,21.2,10.8,0.10,0.00,13.7,322,18.16,3.39
2014-05-31,19.9,13.2,17.8,11.1,0.40,0.00,21.0,14,24.62,4.39
2014-06-01,22.9,10.1,23.8,8.6,0.00,0.00,13.2,199,30.22,5.52
2014-06-02,25.7,11.2,26.0,9.4,0.00,0.00,13.0,227,29.76,5.78
2014-06-03,28.6,15.6,32.0,15.5,3.30,0.00,12.2,219,25.20,5.06
2014-06-04,26.1,16.1,28.7,16.9,0.00,0.00,11.9,41,22.45,4.34
2014-06-05,22.8,16.6,23.0,16.2,21.00,0.00,16.2,357,10.31,2.12
2014-06-06,22.8,14.7,21.8,13.1,0.00,0.00,16.5,312,22.23,4.46
2014-06-07,25.7,13.5,26.9,12.5,0.00,0.00,11.0,318,28.39,5.36
2014-06-08,27.6,14.6,29.6,14.9,0.00,0.00,14.6,198,28.04,5.68
2014-06-09,20.7,17.8,22.9,18.1,8.70,0.00,11.2,107,7.01,1.55
2014-06-10,23.9,18.2,26.5,20.0,0.80,0.00,9.8,71,10.30,2.06
2014-06-11,20.0,16.0,20.7,15.9,1.00,0.00,18.4,84,12.00,2.28
2014-06-12,22.4,15.8,23.1,15.6,1.00,0.00,19.1,107,10.74,2.08
2014-06-13,24.6,18.2,27.8,19.4,19.20,0.00,14.5,119,10.13,2.00
2014-06-14,23.0,16.1,24.0,14.0,0.80,0.00,20.7,310,23.91,4.56
2014-06-15,25.2,14.0,25.4,11.9,0.00,0.00,15.8,317,29.16,5.36
2014-06-16,25.7,14.7,29.2,14.9,0.00,0.00,13.4,158,29.64,5.59
2014-06-17,30.5,18.7,34.1,19.8,0.00,0.00,14.6,217,26.19,5.56
2014-06-18,30.6,22.8,32.3,24.8,0.00,0.00,19.6,286,29.10,6.62
2014-06-19,23.5,19.4,25.0,21.3,8.70,0.00,13.6,325,10.79,2.26
2014-06-20,25.3,16.4,25.3,15.2,0.00,0.00,16.8,334,29.37,5.88
2014-06-21,23.5,15.5,24.2,14.1,0.00,0.00,14.0,69,25.52,4.91
2014-06-22,23.9,16.8,25.6,17.7,0.00,0.00,10.4,156,21.90,4.29
2014-06-23,26.3,16.0,27.7,16.4,0.00,0.00,15.3,186,24.60,5.11
2014-06-24,26.8,17.2,27.6,17.8,0.00,0.00,18.8,186,21.47,4.77
2014-06-25,28.8,19.4,31.8,20.5,1.10,0.00,16.2,191,21.09,4.47
2014-06-26,28.5,21.5,30.2,24.5,4.00,0.00,12.9,323,21.98,4.64
2014-06-27,25.7,19.2,29.1,20.2,0.60,0.00,13.9,95,22.42,4.58
2014-06-28,28.2,16.5,30.5,17.2,0.00,0.00,15.4,168,28.93,5.83
2014-06-29,27.0,17.2,29.5,18.3,0.00,0.00,16.3,175,24.43,5.10
2014-06-30,29.1,17.3,31.0,18.3,0.00,0.00,13.4,197,26.40,5.70
2014-07-01,31.4,20.4,33.6,22.5,0.00,0.00,18.4,198,25.39,5.98
2014-07-02,32.4,22.7,36.3,25.5,2.60,0.00,21.0,174,24.07,5.51
2014-07-03,30.7,22.7,35.2,27.4,8.10,0.00,14.6,208,16.56,3.57
2014-07-04,23.1,19.0,27.2,15.9,17.80,0.00,23.7,331,4.56,1.38
2014-07-05,26.3,16.8,26.1,14.1,0.00,0.00,23.7,297,29.46,6.58
2014-07-06,28.6,16.1,28.7,15.5,0.00,0.00,16.3,238,29.98,6.59
2014-07-07,31.8,20.0,33.2,19.6,0.00,0.00,20.6,219,27.70,6.89
2014-07-08,33.1,22.4,34.7,24.3,0.60,0.00,23.7,216,25.12,6.63
2014-07-09,29.7,22.0,30.8,23.2,1.30,0.00,20.9,231,21.86,5.38
2014-07-10,27.1,20.5,29.7,22.0,0.40,0.00,10.6,39,21.00,4.27
2014-07-11,28.3,19.9,30.5,20.8,0.00,0.00,13.6,51,26.28,5.41
2014-07-12,28.1,18.5,30.1,20.7,0.00,0.00,17.7,180,22.79,4.91
2014-07-13,29.5,20.6,31.5,21.7,0.10,0.00,19.6,191,22.41,5.07
2014-07-14,28.0,22.7,32.2,25.2,20.70,0.00,16.9,212,11.69,2.76
2014-07-15,29.2,22.7,34.7,26.6,16.70,0.00,16.3,213,17.35,3.56
2014-07-16,26.8,21.4,29.3,23.9,11.10,0.00,12.7,297,19.80,3.91
2014-07-17,25.4,18.4,26.4,19.2,0.00,0.00,12.0,314,20.96,4.33
2014-07-18,26.6,16.3,27.7,16.6,0.00,0.00,11.6,349,28.26,5.52
2014-07-19,24.1,18.0,24.4,19.7,0.00,0.00,11.4,95,15.31,3.21
2014-07-20,24.2,17.9,24.6,19.0,0.50,0.00,12.6,74,20.11,3.70
2014-07-21,27.8,17.6,30.3,18.8,0.00,0.00,12.0,156,24.32,4.77
2014-07-22,29.3,18.4,31.7,20.2,0.00,0.00,14.3,218,23.61,5.16
2014-07-23,30.4,21.0,33.9,22.6,0.00,0.00,15.8,222,22.48,5.09
2014-07-24,26.7,20.7,27.7,20.7,0.00,0.00,12.9,337,19.23,4.21
2014-07-25,27.3,17.7,29.3,16.7,0.00,0.00,14.9,341,28.46,5.83
2014-07-26,26.7,18.3,26.7,18.5,0.10,0.00,13.1,209,18.09,4.11
2014-07-27,30.8,20.3,32.6,22.7,3.50,0.00,14.4,218,18.06,3.89
2014-07-28,28.4,20.4,30.2,19.1,2.30,0.00,21.3,247,20.73,5.05
2014-07-29,25.1,17.1,25.3,16.9,0.00,0.00,17.4,302,20.40,4.63
2014-07-30,25.5,17.1,25.4,17.1,0.00,0.00,8.0,274,20.43,4.38
2014-07-31,27.1,17.1,26.6,17.7,0.00,0.00,15.9,213,22.13,4.94
2014-08-01,28.3,19.2,30.8,21.2,0.70,0.00,15.8,182,18.17,3.88
2014-08-02,23.1,19.3,23.7,20.7,7.30,0.00,14.9,65,11.84,2.35
2014-08-03,23.7,17.6,25.7,19.2,3.30,0.00,8.0,112,12.90,2.59
2014-08-04,27.8,18.1,30.9,20.0,0.20,0.00,8.1,232,20.60,4.14
2014-08-05,29.8,18.6,33.0,20.7,0.00,0.00,10.9,241,24.96,5.10
2014-08-06,28.5,19.8,30.5,21.7,0.30,0.00,13.6,320,23.14,5.05
2014-08-07,27.1,17.3,26.3,17.0,0.00,0.00,15.6,326,24.03,5.67
2014-08-08,27.2,15.9,27.7,15.1,0.00,0.00,11.2,317,23.64,4.95
2014-08-09,28.8,16.6,30.3,17.3,0.00,0.00,8.7,348,23.35,4.60
2014-08-10,29.9,18.8,31.3,20.2,0.00,0.00,10.2,58,22.17,4.82
2014-08-11,28.5,19.9,28.7,21.8,0.00,0.00,17.6,168,22.51,5.03
2014-08-12,23.7,20.4,25.0,22.3,9.20,0.00,18.3,132,6.67,1.91
2014-08-13,26.8,20.3,27.9,20.9,7.40,0.00,21.2,341,13.82,3.39
2014-08-14,23.9,16.8,22.4,15.7,0.00,0.00,16.8,284,19.40,4.51
2014-08-15,23.7,14.1,21.5,13.4,0.00,0.00,16.1,287,17.89,3.98
2014-08-16,25.9,14.2,25.1,13.7,0.00,0.00,17.5,234,23.18,4.79
2014-08-17,27.0,17.1,26.7,17.2,0.00,0.00,15.5,284,18.59,4.35
2014-08-18,26.0,15.0,25.3,15.3,0.00,0.00,14.2,317,18.72,4.09
2014-08-19,26.9,16.0,29.2,16.1,0.00,0.00,11.1,82,23.24,4.58
2014-08-20,27.2,18.0,28.6,20.4,0.20,0.00,13.4,150,17.33,3.70
2014-08-21,26.2,19.3,28.0,21.4,1.50,0.00,13.7,154,17.43,3.70
2014-08-22,24.4,19.6,25.2,20.7,1.20,0.00,12.6,93,13.62,2.95
2014-08-23,23.3,18.5,23.1,19.5,2.50,0.00,13.1,68,13.37,2.75
2014-08-24,25.3,15.9,24.9,16.9,0.00,0.00,13.3,54,17.44,3.61
2014-08-25,29.8,15.0,31.6,15.3,0.00,0.00,8.2,329,23.46,4.68
2014-08-26,29.6,21.0,32.5,22.3,0.00,0.00,11.6,155,20.69,4.40
2014-08-27,31.4,18.0,33.8,19.4,0.00,0.00,11.2,236,20.49,4.53
2014-08-28,27.2,20.0,27.6,17.9,0.00,0.00,19.1,333,24.20,5.81
2014-08-29,24.8,15.6,26.2,14.9,0.00,0.00,14.3,25,21.44,4.61
2014-08-30,26.3,17.0,26.7,17.7,0.00,0.00,14.8,175,16.27,3.61
2014-08-31,31.0,21.4,33.5,22.9,9.20,0.00,14.0,210,14.27,3.52
2014-09-01,30.0,21.9,32.8,25.7,0.50,0.00,11.0,213,16.79,3.62
2014-09-02,32.1,22.0,35.8,25.1,0.00,0.00,20.4,230,19.26,4.86
2014-09-03,29.4,21.0,30.0,22.3,0.00,0.00,20.3,301,21.36,4.82
2014-09-04,29.4,18.7,30.5,20.2,0.00,0.00,13.6,185,19.15,4.35
2014-09-05,29.4,19.4,32.1,21.9,0.60,0.00,12.2,195,16.26,3.42
2014-09-06,32.6,23.3,35.0,26.4,1.50,0.00,17.2,234,16.93,4.14
2014-09-07,26.1,18.5,26.4,19.3,1.50,0.00,15.5,4,18.81,3.96
2014-09-08,23.8,17.6,22.6,16.9,0.00,0.00,17.4,70,14.43,3.62
2014-09-09,22.6,17.8,22.2,17.2,0.20,0.00,17.0,61,10.00,2.66
2014-09-10,24.6,16.3,25.8,16.7,0.00,0.00,11.6,77,15.00,3.08
2014-09-11,28.6,19.2,30.1,19.9,0.20,0.00,20.8,216,10.00,2.76
2014-09-12,24.5,15.8,24.1,14.4,0.00,0.00,17.9,0,21.21,4.57
2014-09-13,20.0,15.1,19.6,13.3,7.90,0.00,18.4,57,4.20,1.53
2014-09-14,20.3,11.3,19.8,9.5,0.00,0.00,15.5,344,20.49,3.32
2014-09-15,21.0,11.0,20.3,9.0,0.00,0.00,12.4,349,21.28,3.72
2014-09-16,20.7,13.4,20.1,13.7,0.10,0.00,9.8,305,8.60,1.73
2014-09-17,21.7,11.1,20.7,10.2,0.00,0.00,8.2,315,19.94,3.52
2014-09-18,23.2,11.0,21.4,10.1,0.00,0.00,10.1,322,16.89,3.39
2014-09-19,18.6,13.1,17.5,10.1,0.00,0.00,16.5,53,15.62,3.25
2014-09-20,23.6,14.0,22.2,13.2,0.40,0.00,17.7,153,12.88,2.90
2014-09-21,24.6,18.4,27.6,20.4,3.70,0.00,12.3,189,9.04,1.79
2014-09-22,20.6,13.3,21.2,10.1,0.00,0.00,20.6,297,15.31,3.79
2014-09-23,21.1,9.2,19.9,7.4,0.00,0.00,11.1,280,19.73,3.41
2014-09-24,21.1,12.4,19.3,11.6,0.00,0.00,16.6,71,13.22,2.80
2014-09-25,18.4,14.8,16.9,13.3,4.10,0.00,18.7,36,4.70,1.38
2014-09-26,24.2,13.4,23.2,11.7,0.00,0.00,14.6,5,18.96,3.70
2014-09-27,27.1,13.6,27.4,12.5,0.00,0.00,11.9,358,18.97,3.65
2014-09-28,27.9,15.1,28.4,15.9,0.00,0.00,9.9,211,17.91,3.58
2014-09-29,26.1,16.0,25.9,16.5,0.00,0.00,9.4,230,10.03,2.40
2014-09-30,20.9,16.7,21.9,16.8,1.40,0.00,13.0,76,6.73,1.47
2014-10-01,17.6,15.0,17.1,15.1,2.80,0.00,16.4,29,4.03,1.05
2014-10-02,18.6,15.3,18.1,14.7,0.00,0.00,14.8,36,4.37,1.17
2014-10-03,19.9,12.8,19.4,12.3,0.00,0.00,13.8,103,16.41,2.79
2014-10-04,18.8,13.7,20.5,10.1,12.30,0.00,17.8,177,4.00,1.38
2014-10-05,16.0,7.7,12.0,3.6,0.00,0.00,19.0,273,18.00,3.44
2014-10-06,20.0,8.0,16.8,5.7,0.00,0.00,19.8,172,17.33,3.41
2014-10-07,23.0,15.5,21.4,13.5,0.50,0.00,19.4,191,13.17,3.28
2014-10-08,21.9,15.8,18.5,12.8,7.70,0.00,23.4,241,15.85,3.44
2014-10-09,20.5,10.9,16.0,8.7,0.00,0.00,23.2,256,14.88,3.65
2014-10-10,17.2,8.6,14.9,6.9,0.00,0.00,10.3,288,11.50,2.10
2014-10-11,13.8,9.1,13.3,7.8,14.90,0.00,14.0,31,2.73,0.69
2014-10-12,15.8,7.9,14.5,5.2,0.00,0.00,12.3,17,16.60,2.52
2014-10-13,18.1,8.7,16.7,6.8,0.00,0.00,13.1,161,4.54,1.21
2014-10-14,23.6,16.6,23.2,17.0,0.00,0.00,19.1,171,12.43,2.47
2014-10-15,24.4,19.2,24.5,19.5,7.90,0.00,22.7,154,11.42,2.39
2014-10-16,21.1,15.5,21.4,15.5,30.30,0.00,18.4,172,8.40,1.66
2014-10-17,20.9,13.2,18.9,12.3,0.00,0.00,16.7,235,13.70,2.65
2014-10-18,20.4,13.5,18.3,11.5,0.00,0.00,18.1,258,12.07,2.71
2014-10-19,13.9,6.6,10.7,2.5,0.00,0.00,24.7,316,9.65,2.64
2014-10-20,14.6,3.8,11.1,0.8,0.00,0.00,13.7,222,13.14,2.25
2014-10-21,18.0,10.3,17.0,9.0,3.80,0.00,11.8,98,10.38,1.77
2014-10-22,12.7,9.8,11.1,5.6,18.30,0.00,26.7,14,2.22,0.49
2014-10-23,10.8,9.5,7.2,4.9,4.90,0.00,28.2,344,1.89,0.75
2014-10-24,16.4,9.7,14.3,6.7,0.20,0.00,19.5,326,8.29,1.72
2014-10-25,18.2,7.4,15.3,4.6,0.00,0.00,18.7,266,13.92,2.70
2014-10-26,15.2,9.9,11.0,6.8,0.00,0.00,25.4,293,8.54,2.36
2014-10-27,16.4,8.0,13.7,5.0,0.00,0.00,14.7,276,13.99,2.36
2014-10-28,21.1,7.7,20.7,5.6,0.00,0.00,10.9,202,11.42,2.10
2014-10-29,19.2,10.3,18.5,8.5,3.00,0.00,15.8,262,8.04,1.71
2014-10-30,14.0,6.7,10.8,4.5,0.00,0.00,11.6,309,11.04,1.89
2014-10-31,12.2,6.2,9.3,3.2,0.00,0.00,19.0,23,7.60,1.56
2014-11-01,9.9,5.0,6.4,-0.1,15.00,0.00,27.4,11,3.58,0.71
2014-11-02,8.5,4.0,1.5,-2.3,0.70,0.00,33.5,333,11.44,2.35
2014-11-03,14.4,3.6,10.0,-2.5,0.00,0.00,23.8,277,12.51,2.73
2014-11-04,18.4,6.0,15.7,2.0,0.00,0.00,15.0,232,12.14,2.56
2014-11-05,16.6,9.3,13.4,7.0,0.00,0.00,16.2,247,6.10,1.88
2014-11-06,10.7,7.9,9.1,6.1,10.00,0.00,11.2,342,2.02,0.45
2014-11-07,10.9,3.5,6.2,-1.5,0.40,0.00,23.1,298,9.40,1.73
2014-11-08,8.1,0.9,3.7,-3.2,0.00,0.00,15.8,245,11.62,1.77
2014-11-09,13.2,5.1,9.8,2.1,0.00,0.00,11.9,245,8.80,1.54
2014-11-10,14.7,3.5,12.3,0.8,0.00,0.00,8.6,213,11.32,1.65
2014-11-11,17.7,6.5,16.5,3.9,0.00,0.00,12.2,144,9.45,1.42
2014-11-12,17.9,7.8,17.1,4.7,0.00,0.00,15.2,325,4.10,1.02
2014-11-13,8.0,2.2,5.0,-1.3,3.20,0.00,11.2,314,6.34,1.12
2014-11-14,6.1,0.5,-0.0,-4.2,3.40,0.00,20.2,311,10.77,1.59
2014-11-15,5.0,-1.4,0.2,-5.7,0.00,0.00,14.3,296,10.85,1.40
2014-11-16,5.9,-1.5,2.5,-4.6,0.00,0.00,7.0,208,5.23,0.82
2014-11-17,9.4,3.1,8.3,0.7,24.80,0.00,16.6,282,1.03,0.27
2014-11-18,5.7,-3.0,2.1,-10.3,0.00,0.00,27.8,271,11.36,1.89
2014-11-19,-0.3,-5.3,-5.6,-11.8,0.00,0.00,24.4,254,11.04,1.65
2014-11-20,6.7,-1.7,1.7,-6.5,0.00,0.00,17.5,243,9.44,1.62
2014-11-21,2.3,-3.9,-4.8,-8.4,0.00,0.00,25.8,297,9.79,1.68
2014-11-22,4.4,-4.6,-0.9,-8.9,0.00,0.00,18.3,228,10.20,1.57
2014-11-23,11.7,2.5,8.8,-2.8,0.00,0.00,17.2,219,9.13,1.61
2014-11-24,19.5,6.6,18.9,4.2,11.50,0.00,33.0,186,4.05,1.08
2014-11-25,16.2,6.2,15.8,3.1,0.00,0.00,23.1,249,4.31,1.32
2014-11-26,6.8,1.2,3.7,-4.0,24.60,6.72,23.1,355,0.59,0.37
2014-11-27,3.2,-0.0,-0.5,-4.6,0.50,0.35,19.5,306,4.89,0.67
2014-11-28,1.9,-5.1,-4.1,-9.9,0.00,0.00,21.4,304,9.19,1.04
2014-11-29,1.7,-3.8,-2.3,-8.1,0.00,0.00,8.3,213,7.29,0.83
2014-11-30,10.3,-1.2,7.6,-5.0,0.00,0.00,14.1,199,7.09,1.15
2014-12-01,17.1,4.3,16.7,0.4,3.00,0.00,17.7,271,5.85,1.13
2014-12-02,6.6,1.6,3.3,-3.6,3.00,0.07,18.9,44,4.15,1.00
2014-12-03,8.0,3.3,6.0,-1.2,4.00,0.00,18.2,240,1.65,0.35
2014-12-04,6.4,-1.3,2.2,-5.3,0.00,0.00,15.0,294,8.70,1.19
2014-12-05,8.1,-0.7,6.8,-5.1,3.90,0.00,16.0,47,5.34,0.80
2014-12-06,9.0,3.7,8.0,-1.2,20.20,0.00,22.8,16,1.85,0.34
2014-12-07,4.5,-2.1,-1.8,-8.0,4.50,0.00,27.0,7,9.02,1.55
2014-12-08,1.9,-3.4,-3.0,-9.4,0.00,0.00,18.7,40,3.38,0.95
2014-12-09,4.7,2.4,-0.6,-2.4,50.10,0.00,31.4,14,0.48,0.29
2014-12-10,3.9,0.2,-0.1,-5.3,1.70,1.12,21.3,303,2.28,0.71
2014-12-11,2.1,-1.6,-2.7,-6.4,1.20,0.98,23.5,263,4.46,0.84
2014-12-12,2.5,-3.3,-2.6,-7.9,0.00,0.00,16.6,293,8.73,0.98
2014-12-13,4.8,-1.5,0.1,-6.0,0.00,0.00,16.9,303,8.90,1.04
2014-12-14,6.7,-0.5,2.9,-4.1,0.00,0.00,14.7,306,7.26,0.89
2014-12-15,7.2,-1.7,4.8,-5.3,0.00,0.00,9.7,306,8.62,0.86
2014-12-16,8.7,0.5,6.5,-2.0,3.00,0.00,8.9,99,5.00,0.61
2014-12-17,10.4,4.7,6.9,-0.0,0.50,0.00,17.4,292,5.23,0.96
2014-12-18,5.5,0.5,-0.1,-4.3,0.00,0.00,22.9,293,8.64,1.54
2014-12-19,2.8,-1.9,-2.4,-6.0,0.00,0.00,17.1,307,6.04,1.03
2014-12-20,2.1,-3.6,-1.3,-7.5,0.00,0.00,9.5,338,7.30,0.77
2014-12-21,3.2,-2.2,-0.6,-5.9,0.00,0.00,8.1,335,6.53,0.76
2014-12-22,6.9,0.5,4.0,-3.0,0.30,0.00,12.9,32,2.98,0.51
2014-12-23,8.4,6.3,5.4,3.3,2.20,0.00,17.2,55,0.99,0.27
2014-12-24,14.4,6.5,13.7,4.2,14.60,0.00,15.2,101,0.66,0.17
2014-12-25,15.3,5.0,14.0,0.8,3.40,0.00,23.7,259,6.64,1.38
2014-12-26,8.8,1.2,5.6,-2.8,0.00,0.00,12.6,264,8.83,1.19
2014-12-27,11.0,0.7,8.6,-2.4,0.00,0.00,11.2,238,8.61,1.10
2014-12-28,11.2,3.8,9.3,0.5,0.40,0.00,11.9,258,3.83,0.71
2014-12-29,5.6,-1.1,1.5,-4.9,0.00,0.00,11.6,322,7.06,1.13
2014-12-30,1.4,-3.9,-3.5,-8.2,0.00,0.00,14.0,340,5.98,0.93
2014-12-31,-0.0,-5.0,-5.5,-9.4,0.00,0.00,17.5,265,9.03,1.10
2015-01-01,2.4,-4.4,-3.8,-9.9,0.00,0.00,21.3,235,9.32,1.57
2015-01-02,5.3,-2.4,0.1,-6.3,0.00,0.00,19.9,259,8.51,1.37
2015-01-03,6.8,-3.3,4.0,-7.0,16.50,3.08,15.8,83,2.43,0.46
2015-01-04,13.4,6.6,11.7,4.4,7.20,0.00,22.3,234,1.90,0.39
2015-01-05,7.1,-4.0,2.9,-10.3,0.00,0.00,26.8,286,8.97,1.70
2015-01-06,-4.4,-6.7,-9.2,-12.6,1.20,1.05,17.1,273,4.66,0.84
2015-01-07,-4.2,-12.5,-10.8,-20.0,0.00,0.00,29.4,289,8.43,1.16
2015-01-08,-6.1,-13.4,-12.2,-20.8,0.00,0.00,25.9,270,10.12,1.06
2015-01-09,0.5,-8.6,-6.5,-14.3,0.90,0.63,24.7,235,6.97,1.28
2015-01-10,-5.2,-9.8,-11.2,-15.7,0.00,0.00,17.6,269,10.50,1.07
2015-01-11,1.9,-9.0,-3.5,-14.1,0.00,0.00,15.0,214,9.91,1.16
2015-01-12,2.3,-1.4,-0.5,-5.4,12.40,0.00,12.5,244,0.93,0.36
2015-01-13,1.4,-8.2,-2.0,-13.3,1.10,0.21,19.8,0,10.68,1.07
2015-01-14,-0.2,-8.4,-4.5,-14.0,0.00,0.00,13.5,24,6.13,0.83
2015-01-15,1.2,-5.3,-3.9,-9.2,0.00,0.00,13.0,292,9.20,1.01
2015-01-16,4.7,-6.2,-1.6,-12.6,0.00,0.00,22.8,285,9.13,1.64
2015-01-17,-2.0,-8.6,-7.0,-13.8,0.00,0.00,17.6,291,10.67,1.19
2015-01-18,6.4,-3.4,4.1,-7.9,34.10,0.00,11.3,212,0.90,0.26
2015-01-19,5.2,-1.8,-0.7,-6.6,0.00,0.00,22.7,276,8.43,1.10
2015-01-20,5.0,-2.8,0.6,-6.9,0.00,0.00,11.9,280,9.70,1.21
2015-01-21,1.2,-5.7,-2.9,-10.3,0.10,0.28,8.2,16,7.26,0.90
2015-01-22,4.4,-2.8,0.4,-7.2,0.40,0.28,12.4,314,9.68,1.08
2015-01-23,3.5,-4.7,-1.1,-8.9,0.00,0.00,12.0,261,11.23,1.20
2015-01-24,2.0,-0.7,-1.7,-5.6,21.80,11.06,16.3,334,2.86,0.41
2015-01-25,3.6,-4.1,-1.3,-8.3,0.00,0.00,17.8,282,11.26,1.11
2015-01-26,-3.1,-5.8,-8.7,-11.5,5.80,4.20,26.3,34,4.62,0.67
2015-01-27,-3.4,-7.7,-8.9,-14.4,12.10,8.54,26.3,350,5.97,0.69
2015-01-28,-3.1,-12.1,-8.1,-17.6,0.00,0.00,16.8,318,12.28,0.90
2015-01-29,-0.8,-15.9,-4.3,-21.2,0.40,0.35,11.7,2,10.51,0.73
2015-01-30,1.5,-9.3,-3.4,-16.7,2.50,1.89,26.0,302,8.62,0.91
2015-01-31,-5.9,-14.3,-12.1,-21.4,0.00,0.00,27.2,307,13.36,0.91
2015-02-01,0.5,-14.6,-3.2,-19.8,0.30,0.35,11.1,249,11.26,0.81
2015-02-02,2.4,-8.8,-2.0,-15.5,26.90,8.26,23.0,25,2.41,0.39
2015-02-03,-5.7,-15.6,-10.9,-20.4,0.00,0.00,21.8,275,12.98,0.78
2015-02-04,2.7,-13.3,-1.1,-18.7,0.00,0.00,11.6,212,10.97,0.99
2015-02-05,0.4,-12.7,-3.1,-18.7,0.90,0.70,25.0,319,9.66,0.84
2015-02-06,-5.3,-19.4,-10.7,-24.6,0.00,0.07,17.9,265,12.75,0.70
2015-02-07,0.5,-13.6,-3.1,-18.6,0.00,0.14,11.5,228,8.63,0.73
2015-02-08,3.5,-2.7,0.0,-6.3,0.10,0.00,13.5,61,7.91,0.70
2015-02-09,-0.0,-4.4,-4.4,-9.9,3.90,1.40,19.0,33,3.83,0.45
2015-02-10,1.4,-5.3,-3.2,-11.0,0.30,0.35,18.6,13,11.34,1.04
2015-02-11,-1.8,-8.1,-5.8,-13.7,0.00,0.00,18.3,23,14.94,1.16
2015-02-12,2.6,-7.5,-1.2,-14.3,0.40,0.07,23.4,260,9.36,1.04
2015-02-13,-8.1,-15.8,-13.7,-22.3,0.00,0.00,25.3,299,15.72,0.89
2015-02-14,-0.7,-13.9,-5.4,-19.3,1.00,0.77,13.7,206,9.15,0.82
2015-02-15,-5.7,-17.2,-10.8,-24.5,1.40,1.19,33.4,309,14.98,0.91
2015-02-16,-7.9,-19.0,-13.2,-25.7,0.00,0.00,22.9,296,15.05,0.82
2015-02-17,-4.3,-11.4,-8.3,-15.6,3.00,2.31,12.0,356,11.80,0.78
2015-02-18,-2.7,-14.1,-5.9,-18.7,0.00,0.00,9.7,331,15.46,1.08
2015-02-19,-7.2,-14.2,-13.6,-20.6,0.00,0.00,28.9,283,15.12,0.95
2015-02-20,-9.0,-19.6,-14.7,-26.2,0.00,0.00,24.1,277,17.13,0.80
2015-02-21,-1.9,-17.8,-5.6,-23.3,10.30,7.21,18.2,202,8.21,0.66
2015-02-22,5.2,-2.8,2.1,-6.9,7.20,3.78,10.2,248,12.91,1.26
2015-02-23,-1.9,-15.2,-6.2,-20.5,0.00,0.00,21.6,315,13.63,0.96
2015-02-24,-7.3,-19.8,-12.3,-25.2,0.00,0.00,14.3,225,17.53,0.93
2015-02-25,0.8,-15.1,-4.6,-20.4,0.00,0.00,19.6,267,17.63,1.29
2015-02-26,-3.3,-8.2,-7.6,-13.3,0.80,0.56,16.3,14,12.44,0.91
2015-02-27,-2.9,-13.5,-7.7,-18.3,0.00,0.00,12.6,319,17.88,1.18
2015-02-28,-3.9,-17.7,-7.9,-22.9,0.00,0.00,10.7,295,18.63,1.26
2015-03-01,-1.7,-9.6,-6.3,-14.3,11.70,8.05,10.9,235,6.12,0.65
2015-03-02,1.8,-6.3,-4.3,-11.1,0.30,0.07,24.9,293,16.65,1.41
2015-03-03,1.5,-11.8,-3.0,-16.9,10.60,2.94,15.6,214,10.54,0.89
2015-03-04,4.5,2.2,1.7,-2.7,4.90,0.00,20.5,236,6.61,0.82
2015-03-05,2.1,-6.6,-1.3,-12.2,18.80,9.52,15.6,320,3.31,0.48
2015-03-06,-6.0,-15.3,-8.9,-20.3,0.00,0.07,17.4,304,20.23,1.30
2015-03-07,1.1,-17.0,-3.3,-22.3,0.00,0.00,15.8,240,18.91,1.29
2015-03-08,6.0,-6.1,1.7,-10.3,0.00,0.00,20.5,262,17.64,1.65
2015-03-09,7.3,-5.3,4.6,-9.8,0.10,0.00,11.7,262,17.69,1.89
2015-03-10,6.4,-1.3,3.7,-4.6,6.30,0.00,9.4,142,10.63,1.19
2015-03-11,11.1,0.8,8.1,-3.5,3.40,0.00,14.7,281,17.02,1.95
2015-03-12,5.6,-3.6,0.3,-8.1,0.00,0.00,23.5,319,20.02,2.35
2015-03-13,3.7,-5.1,0.0,-9.6,0.00,0.00,12.5,133,18.45,1.90
2015-03-14,6.3,0.8,4.5,-3.2,20.50,0.00,10.8,208,1.18,0.29
2015-03-15,6.4,0.8,1.4,-4.3,0.00,0.00,30.9,301,13.24,1.75
2015-03-16,8.2,-3.5,5.9,-7.5,0.00,0.00,16.4,272,16.97,2.01
2015-03-17,12.1,-1.3,7.8,-7.5,0.80,0.00,31.6,297,12.77,2.07
2015-03-18,2.9,-4.4,-4.1,-8.8,0.00,0.00,30.3,313,19.65,2.30
2015-03-19,4.4,-6.2,-0.6,-11.3,0.00,0.00,16.6,315,21.77,2.24
2015-03-20,2.0,-3.5,-2.0,-7.6,11.00,7.77,14.7,69,4.67,0.72
2015-03-21,8.3,-1.8,5.0,-5.7,0.10,0.42,12.7,291,18.25,1.89
2015-03-22,4.2,-4.8,0.4,-10.0,0.00,0.00,22.5,313,22.01,2.28
2015-03-23,2.4,-8.3,-2.5,-13.9,0.00,0.00,18.7,323,22.80,2.17
2015-03-24,5.3,-4.1,1.8,-8.6,0.00,0.00,8.2,343,21.41,2.23
2015-03-25,6.8,-2.7,3.7,-6.2,2.00,0.07,17.1,159,16.16,1.73
2015-03-26,14.9,1.8,14.2,-0.9,7.90,0.00,20.5,217,6.92,0.93
2015-03-27,8.4,1.4,6.0,-2.7,6.50,0.00,16.3,333,6.51,0.96
2015-03-28,4.3,-1.7,-1.3,-7.6,0.00,0.07,21.1,333,12.65,1.89
2015-03-29,6.4,-3.3,2.6,-9.2,0.00,0.00,17.5,312,23.86,2.94
2015-03-30,11.0,-0.8,6.4,-5.8,0.10,0.14,22.8,237,12.77,2.24
2015-03-31,6.3,-1.3,2.7,-5.2,5.30,0.49,12.4,292,10.86,1.38
2015-04-01,10.2,-1.2,5.9,-6.2,0.00,0.00,17.7,317,23.21,2.90
2015-04-02,16.0,-2.0,12.4,-5.7,0.90,0.00,22.1,213,22.82,3.50
2015-04-03,15.0,10.3,15.2,6.2,5.40,0.00,20.4,223,5.19,1.19
2015-04-04,14.4,3.4,12.2,-0.3,1.90,0.00,32.3,295,23.77,3.28
2015-04-05,15.0,0.8,11.4,-3.3,0.00,0.00,27.2,259,19.44,3.10
2015-04-06,16.8,0.5,16.3,-3.0,0.30,0.00,12.8,119,23.15,3.36
2015-04-07,15.5,5.9,14.3,2.7,3.40,0.00,15.6,64,9.36,1.52
2015-04-08,6.9,4.2,2.3,-0.3,0.50,0.00,20.4,67,6.12,1.23
2015-04-09,6.7,2.9,3.5,-1.0,0.20,0.00,15.1,60,5.77,0.95
2015-04-10,14.0,3.9,13.2,0.1,0.70,0.00,16.2,188,5.35,0.90
2015-04-11,13.4,6.2,10.2,2.2,0.00,0.00,20.7,296,23.50,3.55
2015-04-12,16.9,1.5,15.7,-1.8,0.00,0.00,10.7,247,25.47,3.93
2015-04-13,18.6,4.1,17.3,1.3,0.00,0.00,18.0,188,22.77,3.72
2015-04-14,16.6,10.6,14.9,8.4,1.00,0.00,17.9,235,6.81,1.58
2015-04-15,19.2,7.4,16.3,3.5,0.00,0.00,16.8,341,24.43,4.50
2015-04-16,15.1,5.4,12.8,2.5,0.00,0.00,14.2,115,24.18,3.78
2015-04-17,19.5,10.3,19.4,7.5,3.60,0.00,15.8,232,11.09,2.16
2015-04-18,23.5,8.0,23.2,6.0,0.00,0.00,18.4,304,24.48,4.66
2015-04-19,13.3,7.0,11.9,3.3,0.00,0.00,17.0,84,24.91,3.80
2015-04-20,15.4,7.0,15.8,3.0,26.80,0.00,28.2,100,5.13,0.94
2015-04-21,17.8,8.8,15.2,6.4,6.90,0.00,20.6,265,21.46,3.58
2015-04-22,18.8,5.4,15.7,2.7,4.00,0.00,23.9,216,19.36,3.35
2015-04-23,9.9,4.1,4.5,-0.4,0.40,0.00,28.0,282,20.51,3.29
2015-04-24,9.0,1.7,2.7,-3.9,0.00,0.00,24.7,313,16.81,2.91
2015-04-25,14.2,1.0,11.1,-3.3,0.00,0.00,14.8,292,25.37,3.51
2015-04-26,13.9,4.2,11.5,0.7,0.00,0.00,14.0,356,19.07,3.13
2015-04-27,14.8,5.1,10.1,1.5,0.00,0.00,18.6,315,20.87,3.63
2015-04-28,18.6,8.1,15.7,3.8,0.00,0.00,19.0,338,18.22,3.55
2015-04-29,22.2,9.0,20.9,5.9,0.00,0.00,15.0,318,25.23,4.61
2015-04-30,15.5,7.3,13.2,4.6,0.00,0.00,17.8,80,23.84,3.41
2015-05-01,13.5,7.7,11.6,5.4,0.00,0.00,10.5,90,13.90,2.25
2015-05-02,17.8,6.6,17.9,5.2,0.00,0.00,17.1,155,24.02,3.63
2015-05-03,23.1,6.1,23.6,4.1,0.00,0.00,12.2,188,26.04,4.66
2015-05-04,26.2,9.1,25.6,7.4,0.00,0.00,17.2,212,25.77,5.52
2015-05-05,26.0,14.8,26.8,13.9,0.00,0.00,15.1,245,22.55,4.74
2015-05-06,19.6,12.8,18.6,12.4,0.00,0.00,12.9,32,15.43,3.29
2015-05-07,23.7,10.1,24.6,9.1,0.00,0.00,13.5,169,27.66,5.06
2015-05-08,26.4,11.0,28.6,10.4,0.00,0.00,15.8,175,27.65,5.18
2015-05-09,18.6,11.8,19.1,10.6,0.00,0.00,10.5,92,9.02,1.63
2015-05-10,27.0,15.6,28.9,16.6,0.00,0.00,15.0,209,20.42,3.98
2015-05-11,26.6,18.0,28.4,19.4,0.60,0.00,15.5,194,17.64,3.49
2015-05-12,29.3,18.1,29.2,17.4,0.00,0.00,24.5,259,22.03,5.76
2015-05-13,18.9,12.5,14.7,8.6,0.00,0.00,25.5,316,19.12,4.78
2015-05-14,20.7,9.3,19.4,5.8,0.00,0.00,16.6,321,29.79,5.68
2015-05-15,22.3,10.7,21.1,8.4,0.00,0.00,16.5,207,24.23,5.17
2015-05-16,25.5,12.9,26.6,11.2,6.30,0.00,12.3,188,17.58,3.52
2015-05-17,26.8,16.8,31.4,18.5,6.30,0.00,7.9,270,20.51,4.00
2015-05-18,19.9,14.2,21.7,13.5,0.00,0.00,16.3,98,12.42,2.13
2015-05-19,25.0,14.0,26.4,13.7,5.80,0.00,11.6,209,11.22,2.28
2015-05-20,19.3,11.9,18.4,8.6,0.00,0.00,22.7,316,27.15,5.06
2015-05-21,15.0,9.4,12.5,7.0,0.00,0.00,11.6,231,12.54,2.55
2015-05-22,21.6,11.3,19.1,8.9,0.00,0.00,25.6,294,27.00,5.42
2015-05-23,19.2,9.1,16.6,4.9,0.00,0.00,17.1,300,30.79,5.58
2015-05-24,25.2,9.9,24.0,6.8,0.00,0.00,14.0,230,28.86,5.96
2015-05-25,28.5,14.2,28.9,14.0,0.00,0.00,17.9,208,27.15,6.04
2015-05-26,30.0,17.4,32.6,16.6,0.00,0.00,17.0,202,25.75,6.00
2015-05-27,29.5,18.9,32.5,19.8,3.30,0.00,19.5,201,23.46,4.95
2015-05-28,30.0,18.7,33.7,20.7,3.80,0.00,14.9,227,23.41,4.80
2015-05-29,26.5,15.8,29.4,15.6,0.00,0.00,13.6,86,29.51,5.69
2015-05-30,28.5,17.0,31.1,17.8,0.00,0.00,19.2,190,25.67,5.34
2015-05-31,29.2,19.7,32.0,20.2,7.80,0.00,16.1,192,21.73,4.61
2015-06-01,21.5,12.7,23.1,10.9,25.30,0.00,19.4,72,5.62,1.02
2015-06-02,12.5,11.1,11.4,8.9,25.10,0.00,17.2,37,2.80,0.59
2015-06-03,18.9,11.6,19.7,10.2,0.50,0.00,11.3,78,20.45,3.31
2015-06-04,16.3,12.2,14.5,10.6,0.50,0.00,13.1,90,12.31,2.24
2015-06-05,17.4,12.4,18.3,10.9,0.30,0.00,11.0,81,8.55,1.65
2015-06-06,23.1,13.7,23.1,12.8,2.40,0.00,19.2,3,22.99,4.39
2015-06-07,21.5,10.5,22.3,9.2,0.00,0.00,18.5,153,26.41,4.65
2015-06-08,24.6,15.1,25.3,12.8,1.30,0.00,19.1,189,20.28,4.05
2015-06-09,26.4,18.3,28.4,19.1,2.60,0.00,18.4,222,18.32,3.61
2015-06-10,26.4,14.6,27.8,14.9,0.00,0.00,14.4,239,25.34,4.97
2015-06-11,31.0,19.3,33.7,19.4,0.00,0.00,14.7,238,25.31,5.64
2015-06-12,28.9,19.7,33.9,21.9,0.00,0.00,15.3,175,24.59,5.10
2015-06-13,28.4,22.2,29.8,22.9,0.00,0.00,18.7,318,25.66,5.52
2015-06-14,28.6,18.3,32.6,19.9,0.50,0.00,16.9,171,25.08,5.23
2015-06-15,28.6,19.2,34.9,20.6,21.70,0.00,14.5,128,13.31,2.79
2015-06-16,26.3,18.3,31.1,19.7,8.90,0.00,14.8,275,11.64,2.42
2015-06-17,24.8,18.4,28.0,18.7,0.00,0.00,15.3,46,22.31,4.59
2015-06-18,20.7,17.7,20.8,17.7,0.00,0.00,12.2,166,11.58,2.55
2015-06-19,27.9,18.3,29.9,18.9,0.30,0.00,10.5,307,18.05,3.87
2015-06-20,20.8,18.2,22.9,17.8,0.90,0.00,14.8,73,6.13,1.64
2015-06-21,29.6,20.9,30.9,23.3,39.20,0.00,20.7,253,17.37,3.87
2015-06-22,29.0,19.9,30.3,20.9,0.00,0.00,17.4,285,27.73,5.83
2015-06-23,31.8,21.0,35.3,22.4,0.00,0.00,21.1,228,23.42,5.40
2015-06-24,27.4,18.4,29.2,18.4,0.00,0.00,16.6,320,30.21,6.28
2015-06-25,27.1,16.5,28.6,16.9,0.00,0.00,11.2,255,23.40,4.96
2015-06-26,24.8,19.8,26.3,21.4,0.10,0.00,12.3,57,22.59,4.42
2015-06-27,20.8,16.9,20.9,15.4,35.00,0.00,24.2,92,6.96,1.86
2015-06-28,22.2,17.4,24.7,16.8,33.30,0.00,20.6,20,10.06,1.99
2015-06-29,23.1,16.1,23.4,15.4,0.00,0.00,18.6,256,17.04,3.65
2015-06-30,25.9,16.6,27.8,17.2,0.30,0.00,19.5,168,25.08,4.77
2015-07-01,27.1,20.2,29.0,22.0,11.20,0.00,20.1,243,23.39,4.72
2015-07-02,24.7,17.4,27.4,18.6,0.00,0.00,8.0,270,19.23,3.67
2015-07-03,26.2,17.5,28.1,17.2,0.00,0.00,13.7,336,29.04,5.56
2015-07-04,23.3,18.6,24.4,20.8,1.50,0.00,13.3,55,17.47,3.32
2015-07-05,27.5,17.4,30.6,19.1,0.00,0.00,8.9,234,24.31,4.73
2015-07-06,26.4,18.6,29.0,20.8,0.30,0.00,11.0,171,16.07,3.24
2015-07-07,29.1,22.3,32.3,25.5,4.50,0.00,13.5,187,17.75,3.67
2015-07-08,29.2,22.3,34.0,23.9,8.00,0.00,14.8,244,17.48,3.83
2015-07-09,26.0,21.3,29.9,22.8,3.10,0.00,13.0,60,14.24,3.03
2015-07-10,27.9,20.0,29.3,20.9,0.10,0.00,19.2,320,28.63,5.61
2015-07-11,28.4,18.6,31.8,18.9,0.00,0.00,11.6,2,26.90,5.46
2015-07-12,29.9,18.4,32.7,20.3,0.10,0.00,8.0,233,26.11,5.35
2015-07-13,28.6,20.4,31.9,22.2,0.00,0.00,14.3,161,26.05,5.43
2015-07-14,25.9,18.8,30.0,20.9,6.60,0.00,14.5,134,15.02,2.88
2015-07-15,26.7,21.4,31.3,21.2,1.80,0.00,18.7,356,10.91,2.72
2015-07-16,25.5,17.7,27.3,15.7,0.00,0.00,19.7,21,28.62,5.99
2015-07-17,26.2,15.7,27.7,16.3,0.00,0.00,14.9,190,23.37,4.79
2015-07-18,28.6,20.4,32.6,20.6,2.80,0.00,16.2,203,14.38,3.41
2015-07-19,32.9,22.1,37.5,25.9,0.00,0.00,12.0,231,24.20,5.33
2015-07-20,33.2,24.8,37.6,28.3,0.20,0.00,12.0,262,24.61,5.77
2015-07-21,32.4,22.6,34.3,25.2,0.30,0.00,16.4,276,20.33,5.27
2015-07-22,28.5,19.8,27.2,18.8,0.00,0.00,20.9,309,26.80,6.91
2015-07-23,28.2,18.0,27.6,17.9,0.00,0.00,13.9,300,22.29,5.37
2015-07-24,28.0,17.3,29.3,17.3,0.00,0.00,8.4,305,21.09,4.58
2015-07-25,28.8,17.3,30.4,17.7,0.00,0.00,14.4,142,22.89,5.08
2015-07-26,30.8,20.3,32.6,21.3,0.00,0.00,17.3,206,22.44,5.56
2015-07-27,27.0,20.7,29.8,22.6,18.30,0.00,13.1,196,16.37,3.53
2015-07-28,31.3,21.0,35.8,24.2,0.00,0.00,9.2,217,23.34,4.99
2015-07-29,32.7,21.1,36.0,23.9,0.00,0.00,13.3,230,23.70,5.57
2015-07-30,31.2,23.4,34.9,27.3,8.90,0.00,17.6,225,16.40,3.70
2015-07-31,30.8,20.6,31.6,22.1,0.00,0.00,13.8,291,24.47,5.55
2015-08-01,30.3,21.5,30.7,22.1,0.70,0.00,17.0,260,21.63,5.59
2015-08-02,29.7,18.1,30.4,18.8,0.00,0.00,11.5,239,22.48,5.14
2015-08-03,31.1,20.6,32.1,21.8,0.00,0.00,18.8,218,24.27,6.19
2015-08-04,31.8,21.9,32.8,23.5,1.20,0.00,16.9,244,23.22,5.68
2015-08-05,30.2,19.5,29.2,21.4,0.00,0.00,17.7,295,21.47,5.61
2015-08-06,27.5,17.0,26.9,17.2,0.00,0.00,11.5,316,19.80,4.50
2015-08-07,27.4,18.7,28.5,19.2,0.00,0.00,12.1,45,21.30,4.64
2015-08-08,27.4,18.0,28.5,19.4,0.00,0.00,7.3,71,19.57,4.09
2015-08-09,27.7,18.3,27.6,19.7,0.00,0.00,11.4,68,19.45,4.33
2015-08-10,26.8,18.2,27.6,20.0,0.00,0.00,15.9,159,17.98,4.01
2015-08-11,26.0,20.8,29.4,21.9,30.20,0.00,19.2,199,7.91,1.84
2015-08-12,27.5,18.9,27.2,19.9,0.00,0.00,14.1,301,22.10,4.81
2015-08-13,27.4,17.2,27.7,17.9,0.00,0.00,10.5,302,24.97,5.05
2015-08-14,29.2,16.8,30.7,17.3,0.00,0.00,10.8,233,25.93,5.52
2015-08-15,31.4,19.9,34.0,21.0,0.00,0.00,12.4,227,23.91,5.47
2015-08-16,31.5,20.9,33.7,23.2,0.00,0.00,9.4,251,20.98,4.72
2015-08-17,32.6,21.9,35.2,24.6,0.00,0.00,9.6,236,21.36,5.13
2015-08-18,31.3,23.1,34.9,25.6,0.30,0.00,16.4,195,20.26,4.97
2015-08-19,28.9,21.7,31.7,24.4,0.10,0.00,17.7,157,19.01,4.20
2015-08-20,28.3,22.5,29.9,25.9,1.20,0.00,22.7,143,17.69,3.91
2015-08-21,28.6,22.5,31.6,25.7,2.50,0.00,16.2,355,18.78,3.97
2015-08-22,28.1,19.5,29.6,18.3,0.20,0.00,15.6,353,24.40,5.48
2015-08-23,27.0,18.3,29.8,19.1,1.10,0.00,11.9,43,15.78,3.34
2015-08-24,29.1,20.5,32.3,23.6,0.00,0.00,12.4,187,19.82,4.27
2015-08-25,29.3,21.5,31.1,23.5,5.00,0.00,14.6,227,16.77,4.00
2015-08-26,27.6,18.2,27.2,18.5,0.00,0.00,14.4,293,19.10,4.93
2015-08-27,26.1,19.0,25.5,18.7,0.00,0.00,12.0,310,15.39,4.12
2015-08-28,26.0,16.7,26.7,17.0,0.00,0.00,9.3,314,19.52,4.04
2015-08-29,28.7,16.6,29.7,17.7,0.00,0.00,13.7,231,18.76,4.24
2015-08-30,30.7,19.3,32.3,20.9,0.00,0.00,13.6,230,18.62,4.53
2015-08-31,31.6,22.6,31.9,24.5,0.00,0.00,14.4,259,14.55,4.30
2015-09-01,30.5,20.8,33.5,22.8,0.00,0.00,10.5,311,19.51,4.38
2015-09-02,30.5,20.7,33.6,23.9,0.00,0.00,10.9,198,19.17,4.13
2015-09-03,32.2,20.4,35.4,22.7,6.30,0.00,9.4,344,20.64,4.44
2015-09-04,27.0,21.7,28.8,23.2,0.90,0.00,16.4,72,16.39,3.50
2015-09-05,25.7,18.6,27.0,19.7,0.00,0.00,12.6,96,20.43,4.29
2015-09-06,27.4,16.6,29.0,17.8,0.00,0.00,13.4,179,22.22,4.50
2015-09-07,31.2,18.0,32.8,19.3,0.00,0.00,13.2,220,20.63,4.93
2015-09-08,33.5,21.6,35.9,23.4,0.00,0.00,13.5,222,20.13,5.26
2015-09-09,31.0,21.9,34.2,25.0,0.40,0.00,13.6,204,16.88,4.07
2015-09-10,25.6,21.2,30.2,23.7,37.70,0.00,12.3,31,5.31,1.17
2015-09-11,24.6,18.3,25.9,18.8,4.80,0.00,16.2,10,11.96,2.48
2015-09-12,24.2,17.9,26.0,19.5,10.80,0.00,17.1,141,12.48,2.40
2015-09-13,22.1,16.8,23.0,15.4,2.40,0.00,15.3,252,8.86,1.99
2015-09-14,22.6,13.9,20.3,11.4,0.00,0.00,22.1,279,19.44,4.11
2015-09-15,26.1,13.2,26.9,12.4,0.00,0.00,10.5,281,21.16,4.08
2015-09-16,27.7,14.8,29.5,14.9,0.00,0.00,8.6,296,21.01,3.94
2015-09-17,28.5,15.8,29.8,16.8,0.00,0.00,9.2,228,20.88,4.22
2015-09-18,27.6,16.1,29.0,16.6,0.00,0.00,11.8,184,20.52,4.18
2015-09-19,26.7,16.7,27.3,18.2,0.00,0.00,12.5,185,17.87,3.58
2015-09-20,23.6,17.4,22.9,14.3,0.00,0.00,18.3,352,18.42,4.18
2015-09-21,20.5,13.8,19.0,11.4,0.10,0.00,15.6,46,16.16,3.59
2015-09-22,20.8,16.1,19.4,14.4,0.00,0.00,13.9,47,10.96,2.71
2015-09-23,24.2,13.9,23.4,13.4,0.00,0.00,10.2,25,19.66,3.57
2015-09-24,25.2,13.2,24.6,12.1,0.00,0.00,12.7,38,19.58,3.86
2015-09-25,21.7,16.3,20.5,16.2,0.00,0.00,13.8,66,15.68,3.18
2015-09-26,19.8,15.4,17.5,14.0,0.00,0.00,16.9,71,13.49,2.85
2015-09-27,20.7,13.5,20.0,12.2,0.00,0.00,11.9,71,11.26,2.33
2015-09-28,24.7,15.3,26.4,15.8,0.10,0.00,9.4,81,11.75,2.25
2015-09-29,25.6,18.3,28.1,20.2,6.60,0.00,10.5,144,8.02,1.61
2015-09-30,25.4,15.4,27.7,12.3,23.70,0.00,22.4,356,9.00,2.09
2015-10-01,15.6,13.5,13.9,10.2,1.30,0.00,22.4,21,4.93,2.02
2015-10-02,14.3,9.3,11.7,5.2,27.20,0.00,25.7,29,1.61,0.67
2015-10-03,11.8,9.7,8.4,5.5,2.20,0.00,28.6,40,2.02,1.10
2015-10-04,15.2,11.9,12.5,8.4,0.10,0.00,24.1,52,8.72,2.20
2015-10-05,16.6,10.4,15.5,7.8,0.00,0.00,15.4,25,12.14,2.20
2015-10-06,20.7,8.9,20.1,7.6,0.00,0.00,9.3,338,16.70,2.77
2015-10-07,21.4,12.4,21.3,11.4,0.00,0.00,10.1,327,14.99,2.61
2015-10-08,18.9,12.1,18.7,11.3,0.00,0.00,9.5,100,10.96,1.98
2015-10-09,23.9,13.5,24.8,13.2,6.90,0.00,16.9,219,11.58,2.26
2015-10-10,16.3,10.4,14.7,7.5,0.00,0.00,20.0,340,17.14,2.85
2015-10-11,19.2,7.2,17.1,5.5,0.00,0.00,11.5,226,16.29,2.72
2015-10-12,22.6,8.8,21.7,7.0,0.00,0.00,11.2,210,16.39,2.88
2015-10-13,22.4,12.1,22.0,11.2,0.00,0.00,14.3,222,11.48,2.18
2015-10-14,18.5,11.9,16.4,10.2,0.00,0.00,14.3,273,10.45,2.25
2015-10-15,16.4,8.4,13.5,6.4,0.00,0.00,14.0,270,13.83,2.59
2015-10-16,16.7,10.2,13.4,7.3,0.00,0.00,16.9,271,14.23,2.86
2015-10-17,12.5,6.0,7.5,1.4,0.00,0.00,19.1,299,14.23,2.70
2015-10-18,8.7,2.8,2.9,-1.2,0.00,0.00,20.9,321,14.42,2.47
2015-10-19,10.3,0.3,6.0,-3.3,0.00,0.00,19.1,266,15.30,2.32
2015-10-20,19.9,6.7,16.8,1.8,0.00,0.00,19.9,234,14.04,3.15
2015-10-21,22.5,9.0,21.6,7.2,0.00,0.00,14.0,222,14.10,2.67
2015-10-22,23.1,9.5,20.8,7.8,0.50,0.00,15.8,225,13.32,2.85
2015-10-23,16.1,8.0,15.2,4.3,0.00,0.00,17.2,352,14.79,2.96
2015-10-24,12.3,4.9,9.4,1.6,0.00,0.00,11.4,91,7.30,1.52
2015-10-25,18.3,11.0,16.5,7.3,0.10,0.00,18.0,266,4.50,1.76
2015-10-26,13.8,5.7,10.7,3.2,0.00,0.00,13.1,355,14.19,2.11
2015-10-27,13.9,4.6,11.1,1.8,0.00,0.00,10.8,68,8.07,1.51
2015-10-28,18.4,10.7,17.5,8.3,17.70,0.00,27.4,113,1.14,0.80
2015-10-29,20.2,13.0,19.6,8.7,8.10,0.00,25.8,235,9.43,2.48
2015-10-30,14.6,7.3,10.7,3.2,0.00,0.00,16.7,299,12.61,2.69
2015-10-31,11.8,2.8,9.1,-0.0,0.00,0.00,12.3,286,11.99,1.74
2015-11-01,17.2,8.4,15.0,5.7,0.20,0.00,16.6,219,6.04,1.52
2015-11-02,17.4,8.9,15.8,7.3,0.00,0.00,11.5,272,8.99,1.57
2015-11-03,21.1,6.6,20.4,5.0,0.00,0.00,8.9,270,12.18,2.04
2015-11-04,19.2,8.3,18.3,6.5,0.00,0.00,9.7,81,12.12,1.85
2015-11-05,20.1,10.2,21.7,9.4,0.00,0.00,9.2,210,5.57,0.98
2015-11-06,21.9,16.6,21.3,17.8,0.00,0.00,20.4,219,5.37,1.20
2015-11-07,18.1,11.8,18.7,8.5,0.00,0.00,12.5,297,6.38,1.68
2015-11-08,13.1,6.9,9.7,3.6,0.00,0.00,17.6,307,12.25,2.18
2015-11-09,14.1,6.3,11.0,4.5,0.00,0.00,7.4,217,11.11,1.66
2015-11-10,15.1,9.6,12.5,8.0,1.20,0.00,22.1,58,3.07,0.85
2015-11-11,13.9,8.9,12.3,6.0,3.70,0.00,19.8,354,2.53,0.67
2015-11-12,13.4,8.9,11.9,7.4,3.80,0.00,19.4,176,2.03,0.59
2015-11-13,13.1,7.7,7.5,1.7,0.00,0.00,27.4,268,9.01,2.72
2015-11-14,8.3,4.1,2.5,-0.1,0.00,0.00,25.9,290,7.86,2.22
2015-11-15,13.9,2.0,10.0,-1.6,0.00,0.00,16.5,252,10.84,1.94
2015-11-16,18.2,6.2,16.4,3.6,0.00,0.00,14.2,290,10.64,1.92
2015-11-17,9.3,4.2,6.0,0.3,0.00,0.00,16.3,59,10.96,1.69
2015-11-18,13.7,5.9,10.6,3.4,0.00,0.00,15.5,111,5.56,1.31
2015-11-19,17.7,12.6,15.9,10.6,21.80,0.00,22.3,147,3.64,1.11
2015-11-20,15.6,6.2,16.0,2.0,3.60,0.00,16.8,305,10.43,1.86
2015-11-21,9.3,4.2,6.2,0.1,0.00,0.00,14.2,50,10.40,1.63
2015-11-22,11.1,6.3,9.1,1.0,0.50,0.00,18.7,308,3.92,1.29
2015-11-23,5.7,0.4,0.2,-4.3,0.00,0.00,20.1,318,10.23,2.03
2015-11-24,7.0,-2.6,3.0,-6.3,0.00,0.00,10.7,261,9.05,1.24
2015-11-25,8.3,-0.4,4.9,-3.5,0.00,0.00,7.8,33,10.05,1.22
2015-11-26,15.0,4.3,13.6,1.0,0.00,0.00,9.4,145,8.73,1.30
2015-11-27,17.0,4.2,15.5,1.5,0.00,0.00,14.1,223,8.28,1.22
2015-11-28,13.6,7.6,13.3,5.0,1.70,0.00,12.9,306,2.17,0.48
2015-11-29,8.5,3.0,4.8,-2.0,0.00,0.00,15.9,9,7.92,1.34
2015-11-30,7.3,0.5,3.6,-3.9,0.00,0.00,16.3,38,5.40,1.08
2015-12-01,9.1,6.6,6.6,3.6,12.90,0.00,15.7,72,0.63,0.36
2015-12-02,12.7,7.5,11.5,6.0,9.60,0.00,13.6,130,1.19,0.28
2015-12-03,12.5,5.4,11.2,0.9,0.00,0.00,24.5,284,8.55,1.61
2015-12-04,9.9,2.6,6.5,-0.6,0.00,0.00,14.5,293,8.50,1.32
2015-12-05,9.7,0.1,7.3,-3.3,0.00,0.00,7.9,289,9.17,1.06
2015-12-06,10.7,0.1,8.1,-2.7,0.00,0.00,9.1,249,9.21,1.08
2015-12-07,11.5,1.1,9.1,-2.1,0.00,0.00,12.6,282,8.84,1.11
2015-12-08,8.1,3.4,5.7,-0.6,0.00,0.00,15.9,1,7.11,0.96
2015-12-09,10.5,3.1,7.3,0.4,0.00,0.00,13.2,171,5.72,0.90
2015-12-10,13.6,6.2,12.8,4.1,0.10,0.00,12.3,213,6.50,0.86
2015-12-11,15.4,5.2,14.3,2.8,0.00,0.00,14.3,218,6.96,1.00
2015-12-12,16.2,7.3,16.0,5.5,0.00,0.00,12.6,232,5.86,0.90
2015-12-13,17.2,9.6,17.4,8.2,0.00,0.00,10.5,44,5.65,0.86
2015-12-14,16.1,10.8,16.0,9.1,4.30,0.00,18.1,151,2.94,0.59
2015-12-15,17.2,10.3,17.0,6.7,1.90,0.00,25.5,277,8.34,2.06
2015-12-16,9.9,4.9,6.9,1.9,0.00,0.00,14.5,32,7.92,1.29
2015-12-17,12.8,7.6,12.6,5.7,19.00,0.00,10.5,122,0.86,0.29
2015-12-18,11.5,3.1,10.8,-2.0,0.10,0.00,17.4,304,2.07,0.91
2015-12-19,4.3,0.7,-2.3,-5.1,0.00,0.00,25.9,268,7.54,1.85
2015-12-20,5.1,-1.2,0.8,-5.5,0.00,0.00,17.0,259,8.75,1.28
2015-12-21,10.6,0.3,7.7,-4.2,0.00,0.00,17.7,214,4.12,1.13
2015-12-22,14.0,9.5,13.5,7.8,7.20,0.00,20.1,217,1.08,0.34
2015-12-23,16.1,9.5,16.2,8.3,21.30,0.00,13.3,102,0.96,0.20
2015-12-24,20.1,13.8,20.4,13.7,4.00,0.00,20.7,222,2.26,0.58
2015-12-25,17.6,11.3,18.6,11.1,3.80,0.00,9.4,272,3.89,0.63
2015-12-26,12.8,8.9,13.0,5.7,0.00,0.00,17.6,41,1.37,1.11
2015-12-27,15.8,7.9,15.1,4.1,4.80,0.00,20.8,257,2.83,0.56
2015-12-28,6.8,3.2,2.7,-3.0,0.30,0.00,27.7,33,6.09,1.51
2015-12-29,10.2,3.0,8.3,-2.3,10.70,0.00,24.5,61,1.08,0.39
2015-12-30,9.0,4.0,7.8,1.4,1.70,0.00,11.7,109,2.46,0.45
2015-12-31,9.7,3.9,8.7,0.5,2.40,0.00,14.5,302,5.87,0.94
2016-01-01,6.2,0.6,1.0,-4.6,0.00,0.00,21.1,271,8.11,1.41
2016-01-02,4.2,-1.5,-0.7,-5.9,0.00,0.00,15.5,263,9.08,1.30
2016-01-03,6.5,-1.0,1.4,-5.5,0.00,0.00,19.1,249,8.97,1.29
2016-01-04,-0.4,-7.9,-5.1,-15.5,0.00,0.00,26.3,333,7.90,1.38
2016-01-05,-1.4,-10.0,-6.0,-17.0,0.00,0.00,25.7,349,9.87,1.15
2016-01-06,3.4,-6.2,-1.4,-10.6,0.00,0.00,10.2,233,9.83,1.13
2016-01-07,5.4,-5.0,2.1,-9.0,0.00,0.00,8.5,268,6.08,0.73
2016-01-08,6.0,-1.3,2.8,-5.5,0.00,0.00,12.7,41,6.27,0.80
2016-01-09,8.4,2.5,5.8,-1.1,0.10,0.00,13.6,60,2.92,0.49
2016-01-10,13.9,4.7,12.1,-1.3,31.20,0.00,28.8,146,1.70,0.52
2016-01-11,3.4,-3.3,-2.8,-8.3,0.00,0.00,24.1,268,10.15,1.84
2016-01-12,5.6,-5.6,-0.1,-10.3,0.00,0.00,22.7,205,6.92,1.21
2016-01-13,-1.1,-4.9,-8.0,-12.5,0.00,0.00,28.2,275,10.21,1.65
2016-01-14,2.7,-5.5,-2.4,-11.0,0.10,0.14,17.4,255,9.67,1.30
2016-01-15,8.7,-1.1,6.4,-4.9,0.20,0.00,9.0,118,8.37,0.97
2016-01-16,10.0,2.4,6.1,-0.7,8.10,0.00,20.0,302,5.23,0.87
2016-01-17,4.1,-2.2,0.2,-5.9,1.90,1.40,11.5,333,3.20,0.68
2016-01-18,-2.2,-6.9,-6.7,-14.0,0.00,0.00,29.1,286,10.09,1.43
2016-01-19,-2.4,-8.6,-10.0,-15.5,0.00,0.00,32.2,284,10.91,1.49
2016-01-20,2.6,-4.4,-1.7,-10.9,0.00,0.00,21.1,300,9.98,1.24
2016-01-21,2.1,-3.9,-3.8,-9.1,0.00,0.00,17.9,316,10.96,1.32
2016-01-22,-1.4,-6.2,-6.1,-11.3,0.30,0.21,15.8,354,7.33,1.08
2016-01-23,-2.5,-4.1,-7.7,-11.6,43.90,30.73,37.7,29,1.61,0.57
2016-01-24,-3.5,-9.9,-8.2,-15.0,1.10,0.77,26.3,335,12.00,0.96
2016-01-25,-0.2,-9.5,-3.8,-14.1,0.00,0.00,10.9,253,11.04,0.93
2016-01-26,4.9,-5.2,0.9,-9.8,0.00,0.00,15.7,215,9.57,0.94
2016-01-27,3.5,-4.8,-0.5,-9.1,0.30,0.00,13.1,284,11.08,1.05
2016-01-28,1.6,-8.3,-1.8,-11.9,0.00,0.00,9.3,239,12.20,0.98
2016-01-29,3.3,-6.1,-1.3,-10.5,0.20,0.00,17.9,291,10.26,1.02
2016-01-30,1.3,-8.7,-3.3,-13.3,0.00,0.00,16.0,240,11.94,1.10
2016-01-31,5.7,-3.7,2.5,-7.7,0.00,0.00,13.8,213,10.80,1.06
2016-02-01,8.2,1.8,5.4,-1.8,0.00,0.00,12.6,265,8.03,1.02
2016-02-02,8.5,-3.3,5.7,-7.6,0.00,0.00,10.8,329,12.42,1.39
2016-02-03,12.3,-1.4,10.5,-5.5,14.10,0.00,23.9,164,1.51,0.48
2016-02-04,12.1,6.5,10.7,2.7,0.70,0.00,15.6,286,5.26,1.11
2016-02-05,5.7,-3.4,1.8,-8.3,16.70,8.96,21.7,337,6.44,0.97
2016-02-06,2.6,-5.9,-2.0,-10.3,0.00,0.00,13.2,231,11.32,1.20
2016-02-07,5.7,-4.7,2.4,-8.8,0.00,0.00,14.5,183,12.00,1.28
2016-02-08,1.1,-2.7,-3.4,-7.0,1.10,1.26,23.2,34,5.32,0.80
2016-02-09,0.6,-3.6,-2.5,-8.2,0.90,0.77,12.4,70,8.95,0.85
2016-02-10,3.1,-2.5,-2.2,-7.9,0.70,0.70,18.4,258,9.64,1.14
2016-02-11,-2.8,-7.6,-8.1,-14.8,0.00,0.07,33.4,287,11.91,1.46
2016-02-12,-4.1,-12.7,-9.3,-17.9,0.00,0.00,24.0,266,11.94,1.18
2016-02-13,-7.3,-15.5,-13.3,-23.1,0.00,0.00,31.6,298,15.17,1.09
2016-02-14,-9.6,-18.7,-14.4,-25.4,0.00,0.00,24.4,312,15.67,0.93
2016-02-15,3.5,-10.4,0.5,-14.7,6.50,3.22,13.9,96,6.02,0.60
2016-02-16,11.5,1.1,7.5,-2.9,20.10,0.00,32.4,184,2.61,0.60
2016-02-17,5.9,-1.6,1.1,-5.9,0.00,0.00,17.8,286,11.03,1.40
2016-02-18,1.6,-4.1,-4.1,-9.3,0.00,0.00,18.4,328,15.72,1.80
2016-02-19,1.8,-6.0,-2.8,-10.4,0.50,0.35,14.6,141,10.56,1.29
2016-02-20,14.9,1.3,11.2,-3.2,0.00,0.00,21.8,216,13.45,2.39
2016-02-21,11.5,1.4,9.5,-1.8,1.00,0.00,18.9,285,9.52,1.42
2016-02-22,9.5,-1.3,6.5,-5.2,1.80,0.00,11.7,356,15.65,1.76
2016-02-23,5.0,-0.3,0.6,-5.2,6.20,0.35,23.2,55,3.36,0.62
2016-02-24,14.0,2.3,10.3,-2.6,22.80,0.00,35.7,109,1.13,0.30
2016-02-25,14.1,3.4,12.1,-2.5,3.90,0.00,36.2,224,6.16,1.33
2016-02-26,3.4,-2.2,-2.7,-7.4,0.00,0.00,26.9,299,16.78,2.38
2016-02-27,4.4,-4.8,-0.4,-9.8,0.00,0.00,16.6,266,16.79,2.03
2016-02-28,14.2,0.2,9.8,-4.9,0.00,0.00,19.4,228,16.80,2.71
2016-02-29,13.8,6.3,9.9,1.2,0.90,0.00,22.8,238,10.68,2.28
2016-03-01,8.7,1.4,5.0,-2.5,0.40,0.00,18.8,143,16.52,2.29
2016-03-02,11.3,-1.2,8.1,-7.0,4.70,0.00,29.9,278,16.26,2.31
2016-03-03,2.0,-3.7,-1.5,-9.5,0.00,0.00,16.3,303,16.69,1.95
2016-03-04,2.5,-1.2,-2.4,-6.1,3.50,2.59,19.2,36,8.77,1.13
2016-03-05,3.5,-3.4,-0.1,-8.1,0.00,0.00,13.4,342,15.74,1.79
2016-03-06,5.6,-3.5,2.3,-7.5,0.00,0.00,9.0,341,14.66,1.67
2016-03-07,13.7,-1.6,10.1,-5.5,0.00,0.00,22.5,221,18.05,2.34
2016-03-08,15.6,2.8,13.9,-0.1,0.00,0.00,12.0,139,17.25,2.45
2016-03-09,22.6,3.9,22.0,1.1,0.00,0.00,15.1,206,18.39,3.27
2016-03-10,24.0,11.3,23.0,9.6,0.00,0.00,12.9,248,15.38,3.16
2016-03-11,16.7,7.5,15.7,3.7,3.40,0.00,18.5,320,16.72,2.76
2016-03-12,14.7,2.1,11.5,-1.0,0.00,0.00,13.8,236,18.51,2.78
2016-03-13,14.7,6.2,12.5,3.7,0.00,0.00,13.2,292,10.55,1.96
2016-03-14,8.5,5.5,5.9,0.7,4.60,0.00,26.0,70,3.05,0.98
2016-03-15,11.9,6.3,10.6,1.9,0.30,0.00,24.2,16,6.23,1.01
2016-03-16,16.0,5.7,15.1,4.0,0.60,0.00,13.5,133,16.82,2.44
2016-03-17,15.3,4.5,12.4,2.3,0.40,0.00,22.7,259,16.32,2.73
2016-03-18,13.2,5.7,7.6,1.3,0.00,0.00,27.6,290,18.14,3.39
2016-03-19,7.3,-0.3,3.7,-3.8,0.00,0.00,13.2,341,13.96,1.94
2016-03-20,4.5,-0.2,-0.2,-5.7,2.30,1.05,17.3,50,12.09,1.78
2016-03-21,9.1,0.3,3.5,-3.3,2.90,2.10,26.4,307,19.34,2.76
2016-03-22,12.3,-0.8,7.6,-5.5,0.00,0.00,21.4,249,20.10,3.07
2016-03-23,19.7,7.1,16.7,2.5,0.00,0.00,17.7,233,17.74,3.53
2016-03-24,13.2,5.0,10.9,1.3,0.00,0.00,19.6,76,20.02,2.45
2016-03-25,21.4,9.6,21.6,6.1,3.80,0.00,19.6,238,11.25,2.43
2016-03-26,10.6,2.4,9.0,-1.8,0.00,0.00,19.3,45,21.69,3.00
2016-03-27,9.9,4.3,7.8,1.4,0.00,0.00,15.1,120,12.88,1.73
2016-03-28,14.6,5.9,11.1,1.4,2.90,0.00,30.7,299,5.42,1.48
2016-03-29,10.9,3.9,5.2,-1.7,0.00,0.00,30.4,302,23.49,3.98
2016-03-30,11.7,-1.1,8.6,-4.7,0.00,0.00,20.2,205,23.72,3.39
2016-03-31,20.8,6.1,17.9,1.2,0.00,0.00,32.1,203,18.60,3.72
2016-04-01,23.0,14.8,22.8,12.4,3.00,0.00,22.2,212,9.20,1.84
2016-04-02,14.5,8.5,13.6,5.2,7.90,0.00,14.8,220,8.14,1.47
2016-04-03,8.1,0.8,5.2,-7.2,4.70,0.21,41.3,294,23.82,2.74
2016-04-04,11.3,0.4,10.2,-4.9,14.40,0.70,19.9,56,6.26,1.24
2016-04-05,4.8,-3.5,-0.3,-10.3,0.00,0.07,24.5,353,25.32,2.80
2016-04-06,8.1,-3.3,3.5,-7.4,0.00,0.00,25.7,183,22.44,2.77
2016-04-07,13.4,7.1,10.5,2.9,9.50,0.00,29.2,189,7.73,1.40
2016-04-08,9.2,4.3,4.4,0.8,0.30,0.00,26.8,263,20.93,2.90
2016-04-09,5.7,0.5,1.9,-3.7,3.70,0.00,24.2,14,8.24,1.20
2016-04-10,9.0,-1.2,5.7,-5.9,0.00,0.00,22.7,279,25.50,3.42
2016-04-11,15.9,4.3,12.9,0.0,0.60,0.00,19.3,188,13.80,2.54
2016-04-12,13.0,5.9,11.7,1.5,5.70,0.00,19.8,261,7.79,1.77
2016-04-13,11.5,0.8,10.0,-2.6,0.00,0.00,12.4,13,25.48,3.33
2016-04-14,13.7,1.8,12.2,-1.8,0.00,0.00,12.2,51,25.50,3.48
2016-04-15,14.8,1.8,13.7,-1.2,0.00,0.00,10.0,98,25.89,3.61
2016-04-16,16.8,2.5,13.9,-0.3,0.00,0.00,13.0,58,26.35,3.91
2016-04-17,19.9,2.6,19.2,-0.4,0.00,0.00,10.4,298,26.05,4.08
2016-04-18,23.7,6.0,23.8,3.4,0.00,0.00,13.3,315,26.16,4.72
2016-04-19,19.9,10.0,17.1,6.4,0.00,0.00,21.1,321,25.35,4.86
2016-04-20,17.5,6.8,15.7,3.6,0.00,0.00,18.5,340,27.04,4.59
2016-04-21,21.2,5.2,18.5,2.4,0.00,0.00,17.2,220,26.15,4.63
2016-04-22,25.0,11.8,25.7,11.1,3.40,0.00,10.9,228,19.61,3.73
2016-04-23,19.8,12.0,18.5,8.2,2.00,0.00,15.1,346,19.52,3.60
2016-04-24,17.8,7.2,15.1,3.3,0.00,0.00,14.5,348,27.22,4.71
2016-04-25,19.1,8.1,19.3,6.5,0.00,0.00,10.0,105,21.99,3.61
2016-04-26,23.7,9.1,24.0,6.1,6.80,0.00,15.3,61,14.63,2.55
2016-04-27,14.2,7.8,11.6,4.9,0.00,0.00,14.1,207,16.43,2.73
2016-04-28,13.2,6.5,10.6,2.9,1.20,0.00,13.8,78,13.86,2.52
2016-04-29,11.8,7.4,7.5,5.0,2.50,0.00,16.6,98,11.26,2.15
2016-04-30,15.3,7.2,13.7,4.4,0.10,0.00,13.0,108,21.05,3.29
2016-05-01,9.7,8.3,7.2,5.7,4.70,0.00,14.8,114,3.06,0.82
2016-05-02,14.8,7.9,14.9,6.1,6.20,0.00,9.8,118,8.09,1.29
2016-05-03,12.0,10.1,11.9,8.7,24.40,0.00,13.3,67,4.73,0.85
2016-05-04,10.8,8.7,8.3,5.8,4.70,0.00,16.8,66,6.02,1.04
2016-05-05,12.4,7.7,9.9,4.5,0.00,0.00,20.5,35,5.90,1.35
2016-05-06,11.4,8.5,8.7,5.7,10.70,0.00,29.6,67,5.36,0.92
2016-05-07,14.4,9.0,13.8,6.8,1.80,0.00,13.6,75,8.60,1.39
2016-05-08,17.3,8.4,12.9,5.7,2.90,0.00,26.6,276,19.27,3.13
2016-05-09,21.1,6.7,17.0,3.1,0.00,0.00,26.6,258,25.50,4.63
2016-05-10,16.1,6.1,13.0,3.7,0.00,0.00,14.2,280,18.69,3.35
2016-05-11,21.4,7.3,21.5,5.2,0.00,0.00,12.6,262,25.98,4.51
2016-05-12,22.9,9.1,23.8,7.9,0.00,0.00,11.7,106,28.90,4.91
2016-05-13,17.5,11.0,18.5,10.1,8.70,0.00,8.9,185,7.02,1.26
2016-05-14,20.7,10.3,20.8,9.0,1.20,0.00,18.5,234,20.69,3.67
2016-05-15,13.4,8.6,11.3,3.4,0.30,0.00,28.1,281,23.51,4.29
2016-05-16,18.0,5.1,13.2,-0.1,0.00,0.00,33.3,278,24.98,4.54
2016-05-17,17.6,9.5,14.3,6.3,0.10,0.00,16.8,235,12.87,2.71
2016-05-18,18.1,8.5,17.7,6.1,0.00,0.00,11.9,59,23.04,3.91
2016-05-19,19.8,10.9,18.9,10.0,0.00,0.00,10.8,196,19.92,3.54
2016-05-20,22.7,9.1,23.7,7.2,0.00,0.00,13.5,305,29.15,5.46
2016-05-21,15.8,11.8,13.8,10.9,0.30,0.00,12.6,116,7.89,1.84
2016-05-22,19.2,11.3,18.3,9.1,2.30,0.00,14.7,15,12.47,2.54
2016-05-23,22.7,10.3,23.0,9.6,0.60,0.00,11.4,133,23.62,4.20
2016-05-24,22.5,13.8,23.1,13.0,10.10,0.00,13.8,292,13.07,2.47
2016-05-25,29.8,11.4,29.8,10.3,0.00,0.00,13.6,260,29.94,6.41
2016-05-26,30.3,15.9,31.9,15.6,0.00,0.00,12.5,216,26.84,6.02
2016-05-27,29.4,18.1,34.1,19.3,1.80,0.00,15.0,189,24.66,5.08
2016-05-28,31.0,19.9,34.2,21.0,0.00,0.00,14.1,216,24.07,5.46
2016-05-29,29.7,20.1,31.3,21.4,0.30,0.00,18.6,189,27.78,5.86
2016-05-30,26.6,19.4,29.7,21.4,7.10,0.00,13.9,200,15.63,3.25
2016-05-31,28.1,20.2,31.5,22.6,0.40,0.00,11.8,181,26.58,5.24
2016-06-01,26.6,17.2,28.1,17.2,0.00,0.00,15.5,90,27.76,5.51
2016-06-02,22.8,15.4,25.2,15.3,0.00,0.00,14.0,103,26.33,4.51
2016-06-03,20.0,16.9,22.0,17.5,9.10,0.00,9.1,143,7.06,1.44
2016-06-04,26.4,17.9,30.4,19.2,0.70,0.00,10.6,191,16.71,3.35
2016-06-05,22.1,18.2,25.3,19.4,10.30,0.00,15.6,162,5.55,1.18
2016-06-06,27.7,18.1,27.7,18.7,0.00,0.00,17.3,246,25.05,5.38
2016-06-07,28.2,19.4,27.9,17.3,0.00,0.00,19.9,264,25.17,5.94
2016-06-08,20.3,13.0,19.2,9.5,10.70,0.00,27.1,298,17.08,3.80
2016-06-09,22.0,12.0,18.0,8.6,0.00,0.00,27.8,297,30.51,6.13
2016-06-10,24.0,12.5,21.8,9.0,0.00,0.00,18.3,307,30.76,6.21
2016-06-11,30.1,12.8,31.9,11.6,0.30,0.00,16.8,240,21.65,4.81
2016-06-12,26.9,16.4,26.1,12.0,0.00,0.00,29.3,300,29.37,7.11
2016-06-13,24.1,13.8,22.5,10.4,0.00,0.00,23.3,320,27.30,6.12
2016-06-14,26.2,13.7,24.7,11.6,0.00,0.00,14.8,321,30.78,6.36
2016-06-15,28.8,14.0,29.3,13.4,0.00,0.00,10.8,256,29.50,6.21
2016-06-16,23.8,18.3,24.8,19.1,0.10,0.00,7.7,161,17.11,3.38
2016-06-17,24.8,16.2,25.9,15.8,1.40,0.00,16.1,111,22.28,4.57
2016-06-18,28.8,13.8,29.4,13.5,0.00,0.00,13.5,180,24.22,5.32
2016-06-19,29.9,17.4,32.8,17.4,0.00,0.00,19.9,155,27.40,5.88
2016-06-20,29.0,16.7,31.7,17.8,0.00,0.00,16.4,160,26.64,5.65
2016-06-21,31.0,20.9,33.3,21.8,3.80,0.00,17.4,263,26.70,6.40
2016-06-22,30.1,19.4,28.6,20.9,0.00,0.00,22.3,298,25.24,5.94
2016-06-23,27.5,19.1,29.8,19.1,3.10,0.00,8.0,168,13.24,2.94
2016-06-24,26.5,18.0,27.6,19.1,0.00,0.00,15.4,99,26.32,5.19
2016-06-25,27.7,17.2,29.1,18.3,0.00,0.00,12.6,108,26.60,5.55
2016-06-26,29.5,17.9,31.0,18.6,0.00,0.00,17.7,179,26.14,5.72
2016-06-27,28.1,16.9,29.9,17.2,4.40,0.00,18.9,190,24.90,5.30
2016-06-28,23.7,20.3,25.6,22.6,11.80,0.00,14.1,160,7.33,1.60
2016-06-29,28.0,20.1,29.8,21.5,1.60,0.00,11.4,316,23.74,4.99
2016-06-30,28.5,18.2,30.2,18.8,0.00,0.00,11.5,268,25.17,5.49
2016-07-01,26.3,19.5,28.3,21.3,4.50,0.00,19.6,182,18.21,3.60
2016-07-02,25.6,18.4,24.4,17.4,0.00,0.00,20.2,296,27.92,5.96
2016-07-03,27.3,16.0,27.8,15.8,0.00,0.00,13.0,257,21.17,4.97
2016-07-04,28.2,17.4,29.7,18.7,1.70,0.00,16.3,207,23.23,5.10
2016-07-05,30.0,20.1,32.2,22.2,7.50,0.00,11.8,290,18.26,4.02
2016-07-06,32.2,20.8,35.0,23.8,0.00,0.00,10.5,222,24.29,5.60
2016-07-07,32.3,23.0,35.8,27.2,1.80,0.00,12.7,220,19.83,4.57
2016-07-08,30.3,20.3,35.6,22.2,15.20,0.00,16.4,89,21.15,4.40
2016-07-09,23.1,19.6,24.7,20.7,10.20,0.00,13.7,119,7.21,1.68
2016-07-10,26.8,19.3,27.3,20.7,1.90,0.00,18.0,302,22.14,4.74
2016-07-11,25.4,17.8,26.1,18.3,0.00,0.00,13.2,356,21.64,4.39
2016-07-12,26.9,17.3,28.9,19.0,0.00,0.00,16.5,189,22.50,4.50
2016-07-13,28.5,19.8,31.9,22.0,0.20,0.00,18.4,193,21.20,4.47
2016-07-14,31.1,22.7,35.5,25.9,6.60,0.00,16.3,189,16.46,3.59
2016-07-15,32.0,23.3,34.8,26.9,0.00,0.00,12.1,246,23.23,5.53
2016-07-16,31.3,22.1,34.5,24.2,6.20,0.00,13.2,214,21.81,4.90
2016-07-17,31.8,22.2,34.9,25.8,0.00,0.00,11.1,250,24.84,5.44
2016-07-18,34.0,23.0,36.0,24.8,1.60,0.00,17.2,237,23.53,5.83
2016-07-19,28.5,20.9,27.9,21.2,0.00,0.00,20.4,316,28.08,6.46
2016-07-20,28.2,18.3,29.8,19.0,0.00,0.00,8.7,22,25.47,5.28
2016-07-21,31.0,19.7,33.0,21.6,0.00,0.00,16.4,221,25.22,5.90
2016-07-22,35.0,22.0,36.5,23.7,0.00,0.00,19.4,234,25.80,6.92
2016-07-23,34.7,24.3,34.9,25.7,0.00,0.00,18.7,292,26.41,7.49
2016-07-24,33.0,20.7,35.6,22.3,0.00,0.00,14.3,266,26.63,6.12
2016-07-25,33.7,23.2,38.5,26.4,15.80,0.00,12.6,225,18.32,4.39
2016-07-26,32.6,22.2,34.5,25.1,0.00,0.00,17.1,302,26.16,6.11
2016-07-27,31.4,20.9,35.0,23.2,0.00,0.00,9.2,285,24.12,5.34
2016-07-28,32.0,23.2,35.0,27.9,0.30,0.00,16.5,211,22.31,4.99
2016-07-29,28.9,21.7,31.3,24.5,24.80,0.00,14.8,38,19.42,4.09
2016-07-30,27.9,22.1,32.2,26.0,17.20,0.00,11.8,153,13.98,2.84
2016-07-31,24.9,22.4,28.5,25.8,13.20,0.00,12.2,106,7.32,1.59
2016-08-01,25.0,21.3,27.5,24.1,0.60,0.00,11.7,80,10.41,2.21
2016-08-02,24.0,19.8,25.3,21.7,0.90,0.00,12.9,63,14.31,2.94
2016-08-03,24.9,16.9,27.2,18.3,0.00,0.00,11.8,99,24.45,4.53
2016-08-04,26.1,17.8,29.0,19.4,0.00,0.00,12.2,151,23.53,4.55
2016-08-05,27.1,17.8,29.3,19.4,0.00,0.00,13.4,207,20.79,4.38
2016-08-06,30.3,21.6,35.2,22.7,1.90,0.00,13.7,240,14.86,3.49
2016-08-07,30.2,19.9,31.3,21.2,0.00,0.00,14.5,313,25.39,5.79
2016-08-08,29.7,18.7,31.5,20.0,0.00,0.00,7.9,315,22.16,4.68
2016-08-09,29.3,20.1,31.1,22.7,0.00,0.00,15.2,181,23.72,5.08
2016-08-10,29.4,23.0,34.3,26.2,14.70,0.00,12.0,197,13.53,2.92
2016-08-11,31.7,24.5,37.2,28.8,7.20,0.00,12.3,231,17.45,3.76
2016-08-12,34.2,24.7,38.7,28.9,2.60,0.00,17.1,239,21.45,4.97
2016-08-13,33.5,25.9,40.5,31.6,2.70,0.00,14.2,225,20.35,4.61
2016-08-14,33.9,26.0,38.7,31.1,0.00,0.00,15.9,261,21.41,5.17
2016-08-15,32.2,25.0,35.6,29.8,0.20,0.00,11.2,311,21.28,4.72
2016-08-16,29.1,24.6,33.8,29.6,11.50,0.00,16.8,202,12.79,2.79
2016-08-17,29.9,24.6,31.3,26.9,0.10,0.00,20.4,279,23.77,5.40
2016-08-18,29.0,23.1,32.1,26.2,1.00,0.00,7.3,294,16.93,3.60
2016-08-19,28.7,23.1,32.2,26.1,0.30,0.00,12.1,10,19.78,4.21
2016-08-20,28.2,22.6,31.6,26.4,2.00,0.00,14.3,109,19.12,3.94
2016-08-21,29.0,21.9,30.7,25.0,7.00,0.00,17.4,157,16.47,3.64
2016-08-22,25.8,19.1,26.9,18.1,0.90,0.00,20.5,319,25.21,5.49
2016-08-23,26.9,14.9,27.7,15.2,0.00,0.00,7.2,284,24.92,4.78
2016-08-24,29.4,17.8,31.4,18.9,0.00,0.00,13.4,221,24.43,5.21
2016-08-25,29.5,19.1,31.4,20.5,0.00,0.00,17.0,204,19.12,4.41
2016-08-26,32.3,23.2,34.2,25.6,0.00,0.00,13.2,295,18.26,4.53
2016-08-27,29.9,20.5,32.1,21.3,0.00,0.00,11.6,67,22.71,5.26
2016-08-28,29.8,20.5,32.5,22.9,0.00,0.00,15.9,161,21.16,4.67
2016-08-29,32.3,22.0,33.8,23.5,0.00,0.00,15.1,311,21.74,5.63
2016-08-30,28.3,19.7,30.7,20.3,0.00,0.00,13.0,103,20.91,4.61
2016-08-31,30.0,21.7,32.2,25.1,0.00,0.00,11.9,208,16.34,3.75
2016-09-01,25.6,21.3,28.1,23.4,5.70,0.00,11.1,290,9.76,2.24
2016-09-02,26.1,19.0,26.1,18.3,0.00,0.00,16.3,4,17.91,4.42
2016-09-03,23.2,18.7,21.8,19.2,0.00,0.00,17.5,54,10.41,2.64
2016-09-04,25.7,16.9,24.8,16.5,0.00,0.00,16.4,37,21.86,4.46
2016-09-05,28.1,17.3,26.7,15.9,0.00,0.00,19.4,7,10.81,3.85
2016-09-06,26.6,20.9,25.3,17.9,0.80,0.00,26.8,9,11.09,4.23
2016-09-07,27.5,20.8,29.2,22.0,0.30,0.00,20.3,27,12.83,3.11
2016-09-08,30.4,19.6,33.7,22.4,0.00,0.00,11.0,214,11.30,2.73
2016-09-09,31.7,23.4,35.6,27.3,1.20,0.00,12.1,257,14.82,3.54
2016-09-10,32.0,23.3,36.0,26.9,5.30,0.00,15.0,153,15.06,3.44
2016-09-11,27.2,20.5,28.5,18.5,1.30,0.00,19.1,285,14.43,4.13
2016-09-12,24.3,15.1,25.2,14.3,0.00,0.00,14.1,57,20.84,4.32
2016-09-13,27.7,15.4,28.0,16.2,0.00,0.00,14.1,201,17.69,3.83
2016-09-14,31.9,19.1,32.5,19.8,0.00,0.00,16.6,274,19.08,4.86
2016-09-15,22.6,16.3,22.2,14.5,0.00,0.00,18.4,38,21.52,4.64
2016-09-16,22.0,14.8,20.9,15.4,0.00,0.00,15.1,136,17.24,3.31
2016-09-17,25.0,14.1,25.6,14.2,0.00,0.00,15.9,166,17.02,3.38
2016-09-18,28.4,19.7,30.3,21.5,0.70,0.00,15.3,206,11.09,2.67
2016-09-19,22.6,20.5,26.2,24.1,16.10,0.00,10.1,189,3.02,0.69
2016-09-20,26.5,20.1,29.4,22.8,0.00,0.00,11.8,38,11.06,2.23
2016-09-21,27.5,18.6,27.6,20.1,0.00,0.00,10.5,9,15.58,3.39
2016-09-22,27.1,16.3,27.6,16.6,0.00,0.00,10.5,81,19.61,3.99
2016-09-23,29.4,15.6,30.4,17.0,0.00,0.00,8.8,241,18.60,3.66
2016-09-24,21.3,14.7,21.8,13.2,3.60,0.00,21.1,21,12.56,2.63
2016-09-25,20.2,11.2,17.9,9.4,0.00,0.00,11.7,353,19.75,3.52
2016-09-26,21.3,11.3,19.2,9.5,0.00,0.00,14.9,147,14.47,3.24
2016-09-27,22.7,16.2,22.0,16.8,6.20,0.00,12.4,219,10.20,2.10
2016-09-28,21.7,12.9,20.5,12.7,1.20,0.00,21.0,59,9.14,2.05
2016-09-29,18.2,14.6,15.8,12.2,3.40,0.00,24.0,61,5.72,1.81
2016-09-30,15.4,13.7,13.6,10.8,13.60,0.00,24.9,43,1.81,0.81
2016-10-01,17.3,14.0,16.9,11.9,0.20,0.00,21.9,39,3.60,1.06
2016-10-02,17.2,14.5,18.4,14.2,0.50,0.00,11.9,48,3.50,0.84
2016-10-03,22.0,14.9,22.9,15.9,0.00,0.00,7.6,301,14.32,2.43
2016-10-04,19.3,14.7,18.7,14.8,0.00,0.00,16.2,55,9.40,1.86
2016-10-05,18.6,11.5,17.5,9.8,0.00,0.00,12.3,66,16.79,2.74
2016-10-06,21.3,11.4,21.5,11.0,0.00,0.00,9.1,95,15.89,2.61
2016-10-07,21.8,11.2,20.9,11.0,0.00,0.00,10.4,103,14.99,2.51
2016-10-08,20.1,12.8,21.9,12.6,3.30,0.00,7.3,60,4.46,0.88
2016-10-09,16.9,12.0,18.2,7.6,13.20,0.00,24.9,357,2.57,1.05
2016-10-10,16.6,8.6,12.5,4.4,0.00,0.00,20.8,342,17.25,3.31
2016-10-11,15.8,6.4,14.6,3.6,0.00,0.00,10.5,57,16.66,2.54
2016-10-12,17.8,10.6,16.6,9.8,0.00,0.00,9.2,125,12.03,2.02
2016-10-13,19.8,10.5,18.5,10.0,0.40,0.00,17.0,275,10.05,1.86
2016-10-14,16.3,8.4,13.7,5.6,0.00,0.00,15.6,354,16.39,2.71
2016-10-15,17.2,6.3,15.9,3.7,0.00,0.00,10.9,117,15.77,2.48
2016-10-16,21.3,8.8,20.6,7.1,0.00,0.00,14.8,225,13.56,2.33
2016-10-17,25.8,15.2,26.6,14.8,0.70,0.00,13.4,244,13.22,2.58
2016-10-18,26.8,15.8,27.2,16.5,0.00,0.00,16.5,205,14.44,3.00
2016-10-19,28.1,17.6,28.3,16.2,0.00,0.00,16.6,281,12.16,3.15
2016-10-20,20.9,14.6,21.0,13.2,0.20,0.00,17.9,90,6.97,1.62
2016-10-21,20.8,18.5,23.9,20.4,5.40,0.00,13.1,139,4.54,0.86
2016-10-22,17.7,8.2,18.8,3.8,28.00,0.00,26.7,297,3.05,0.93
2016-10-23,15.8,7.3,11.2,2.7,0.00,0.00,32.0,271,12.20,3.03
2016-10-24,15.8,9.0,11.5,4.7,2.30,0.00,21.3,296,13.27,2.56
2016-10-25,11.3,6.2,5.4,2.0,0.00,0.00,23.9,299,11.17,2.45
2016-10-26,10.1,3.2,5.6,-0.7,0.00,0.00,14.8,322,13.39,2.08
2016-10-27,13.3,5.4,13.3,1.5,14.50,0.00,18.6,94,2.07,0.74
2016-10-28,13.6,5.4,13.1,1.2,0.60,0.00,28.4,308,9.69,1.89
2016-10-29,17.2,2.6,14.5,-0.3,0.00,0.00,17.8,240,10.44,2.05
2016-10-30,23.1,12.7,24.4,11.2,8.70,0.00,14.8,278,8.81,1.78
2016-10-31,12.0,5.6,8.6,2.5,0.00,0.00,19.8,345,12.49,2.12
2016-11-01,14.0,3.9,11.6,0.8,0.00,0.00,10.4,129,11.58,1.76
2016-11-02,20.4,9.1,20.4,7.3,0.00,0.00,11.2,230,11.86,1.88
2016-11-03,21.1,12.3,20.3,10.0,0.40,0.00,19.9,271,6.60,1.49
2016-11-04,14.6,7.6,10.8,3.7,0.00,0.00,15.9,323,10.69,2.08
2016-11-05,16.8,4.2,14.1,0.8,0.00,0.00,15.2,291,11.50,1.96
2016-11-06,13.2,6.1,8.3,1.8,0.00,0.00,19.6,335,11.25,2.23
2016-11-07,11.4,3.7,7.9,-0.2,0.00,0.00,13.8,359,12.24,1.84
2016-11-08,17.8,2.5,15.5,-0.4,0.00,0.00,10.8,278,11.98,1.94
2016-11-09,13.9,7.6,12.8,5.6,3.30,0.00,17.8,319,3.86,0.82
2016-11-10,13.0,4.3,9.0,0.8,0.00,0.00,20.1,298,11.24,2.08
2016-11-11,15.3,4.7,10.6,-0.7,0.00,0.00,25.5,294,11.33,2.92
2016-11-12,9.6,1.4,5.1,-2.9,0.00,0.00,17.7,304,11.67,1.97
2016-11-13,15.1,2.3,10.7,-1.7,0.00,0.00,14.5,256,11.49,2.24
2016-11-14,15.9,1.9,12.2,-1.5,0.00,0.00,12.9,244,10.86,2.04
2016-11-15,8.9,7.3,6.7,3.8,23.10,0.00,21.3,351,1.92,0.48
2016-11-16,15.8,6.2,13.1,3.0,0.00,0.00,12.5,265,10.56,1.86
2016-11-17,15.6,6.6,12.2,3.6,0.00,0.00,16.1,320,9.66,1.70
2016-11-18,17.2,3.8,15.4,0.9,0.00,0.00,10.6,333,10.47,1.53
2016-11-19,15.6,4.8,13.9,2.3,1.50,0.00,13.5,85,10.32,1.37
2016-11-20,7.5,2.2,3.5,-4.5,10.20,0.63,31.4,275,6.76,1.53
2016-11-21,4.1,1.3,-2.9,-5.7,0.00,0.00,32.9,284,5.79,2.04
2016-11-22,4.8,0.8,-1.9,-5.1,0.00,0.00,29.0,297,9.04,1.83
2016-11-23,7.1,-0.6,2.9,-5.0,0.00,0.00,16.0,311,10.37,1.37
2016-11-24,10.6,2.5,8.0,-0.9,0.70,0.00,10.0,58,5.64,0.98
2016-11-25,11.7,5.8,10.2,4.1,1.40,0.00,6.6,343,4.54,0.68
2016-11-26,10.0,3.6,6.2,-0.0,0.20,0.00,14.3,325,7.80,1.10
2016-11-27,8.9,1.7,4.1,-2.1,0.00,0.00,17.3,301,7.27,1.27
2016-11-28,10.0,-0.9,6.7,-4.5,0.00,0.00,9.7,233,9.64,1.24
2016-11-29,13.9,3.9,13.8,0.9,19.40,0.00,21.2,177,0.98,0.44
2016-11-30,13.6,9.8,13.4,8.0,18.90,0.00,19.8,65,0.98,0.22
2016-12-01,14.7,5.3,14.7,0.3,7.40,0.00,25.8,272,8.05,1.65
2016-12-02,9.8,3.0,4.7,-1.5,0.00,0.00,21.8,266,8.13,1.81
2016-12-03,7.4,3.0,1.6,-2.0,0.00,0.00,26.8,298,6.85,1.68
2016-12-04,6.8,1.6,3.0,-2.2,0.00,0.00,12.4,324,8.98,1.22
2016-12-05,8.4,2.0,4.5,-1.1,6.10,0.14,15.9,259,4.93,0.71
2016-12-06,6.7,-0.8,2.9,-4.1,5.50,0.00,16.5,41,6.05,0.83
2016-12-07,6.9,3.5,4.5,0.8,4.00,0.00,16.9,10,2.11,0.38
2016-12-08,6.7,0.0,2.1,-4.6,0.00,0.00,18.7,262,6.08,1.19
2016-12-09,3.6,-1.5,-3.8,-6.7,0.00,0.00,28.5,289,7.58,1.67
2016-12-10,1.4,-3.4,-3.4,-8.0,0.00,0.00,17.1,281,6.34,0.99
2016-12-11,1.5,-4.8,-3.0,-8.6,0.60,0.42,10.2,221,6.30,0.80
2016-12-12,7.8,-0.3,4.8,-3.6,10.70,0.00,16.1,246,2.80,0.39
2016-12-13,4.7,-1.8,0.8,-5.4,0.00,0.00,14.0,254,6.96,0.85
2016-12-14,5.2,-1.3,-0.3,-6.0,0.00,0.00,17.4,277,8.81,1.14
2016-12-15,-0.3,-6.4,-5.7,-14.8,0.00,0.07,33.3,284,8.20,1.66
2016-12-16,-2.9,-7.6,-8.0,-14.1,0.00,0.00,26.6,262,8.40,1.20
2016-12-17,2.1,-4.0,-0.9,-9.1,14.00,5.04,11.0,203,1.37,0.30
2016-12-18,13.0,-1.2,10.6,-6.3,4.50,0.00,25.2,248,0.85,0.45
2016-12-19,-1.6,-5.1,-6.5,-11.2,0.00,0.00,17.2,349,8.59,1.24
2016-12-20,-0.2,-7.3,-4.6,-11.9,0.00,0.00,10.1,286,9.06,0.99
2016-12-21,5.0,-3.4,1.4,-8.6,0.00,0.00,13.7,255,6.56,1.02
2016-12-22,7.6,-2.6,3.9,-6.2,0.00,0.00,16.7,265,5.78,1.02
2016-12-23,7.1,-1.1,3.4,-5.1,0.00,0.00,13.7,262,8.63,1.09
2016-12-24,6.1,1.3,3.2,-2.4,9.10,0.00,14.7,239,1.39,0.34
2016-12-25,9.0,-2.4,6.2,-6.2,0.00,0.00,12.5,330,8.87,1.03
2016-12-26,8.4,-1.8,5.8,-6.2,0.00,0.00,13.0,91,3.19,0.65
2016-12-27,14.4,2.4,11.9,-1.3,0.80,0.00,26.5,244,4.74,1.02
2016-12-28,4.8,-1.3,-0.2,-4.9,0.00,0.00,16.6,306,8.04,1.02
2016-12-29,6.4,-3.0,4.0,-6.7,10.20,0.00,17.4,200,1.07,0.32
2016-12-30,4.6,-0.9,-1.5,-6.0,0.00,0.00,23.4,263,8.46,1.29
2016-12-31,5.0,-2.5,-0.3,-7.2,0.00,0.00,24.9,212,6.80,1.43
2017-01-01,7.5,-0.5,2.8,-4.2,0.10,0.00,23.1,270,8.63,1.67
2017-01-02,4.2,-0.9,0.2,-4.6,5.80,0.00,20.6,50,1.11,0.33
2017-01-03,6.3,3.6,2.3,-1.3,7.00,0.00,28.3,40,0.80,0.24
2017-01-04,9.8,1.8,5.5,-5.2,0.80,0.00,32.4,265,5.35,1.34
2017-01-05,0.9,-4.0,-5.1,-9.8,0.00,0.00,26.8,257,6.29,1.48
2017-01-06,0.8,-3.9,-4.1,-8.5,1.80,1.26,15.4,321,8.38,1.08
2017-01-07,-4.3,-6.4,-9.3,-12.9,7.20,5.04,24.4,360,1.84,0.81
2017-01-08,-5.3,-11.3,-11.8,-16.8,0.10,0.07,25.8,295,9.20,0.78
2017-01-09,-6.8,-16.0,-11.4,-21.4,0.00,0.00,14.6,249,8.81,0.61
2017-01-10,3.5,-12.8,-1.7,-18.3,0.40,0.00,21.4,194,6.94,0.64
2017-01-11,10.4,3.5,8.3,-1.4,4.80,0.00,30.6,210,8.72,1.13
2017-01-12,16.1,6.4,12.4,3.0,7.60,0.00,29.7,221,5.07,1.28
2017-01-13,15.1,0.0,11.8,-5.4,0.00,0.00,27.6,316,9.58,1.76
2017-01-14,0.1,-3.8,-3.5,-9.0,1.00,0.63,13.8,63,5.01,0.87
2017-01-15,4.3,-2.8,-0.1,-6.9,0.00,0.00,14.4,311,10.15,1.11
2017-01-16,5.1,-4.8,0.3,-8.7,0.00,0.00,13.0,255,9.89,1.11
2017-01-17,5.1,1.6,2.1,-2.4,5.70,0.00,14.3,155,2.25,0.53
2017-01-18,4.4,3.1,1.5,-0.8,0.50,0.00,15.8,10,1.42,0.28
2017-01-19,10.0,2.0,6.1,-0.8,0.00,0.00,14.1,315,9.26,1.16
2017-01-20,6.7,0.6,3.3,-2.6,3.10,0.00,10.5,104,4.51,0.65
2017-01-21,11.7,4.6,9.3,1.8,0.10,0.00,13.0,231,6.13,0.75
2017-01-22,8.9,5.1,6.8,1.6,0.30,0.00,27.9,48,2.70,0.45
2017-01-23,6.0,1.8,0.2,-5.5,14.20,0.00,40.8,54,1.36,0.76
2017-01-24,3.8,1.7,-2.0,-4.9,34.10,0.00,42.9,3,0.84,0.36
2017-01-25,10.8,0.6,6.8,-5.6,0.70,0.00,28.4,291,10.75,1.80
2017-01-26,10.5,4.5,7.1,-1.3,1.60,0.00,30.2,256,5.41,1.51
2017-01-27,6.6,1.6,-0.3,-4.5,0.10,0.00,30.5,266,7.19,2.06
2017-01-28,4.2,-1.3,-2.2,-7.2,0.00,0.00,28.8,259,7.75,1.71
2017-01-29,6.4,-0.7,-0.4,-4.8,0.00,0.00,24.3,252,11.13,1.67
2017-01-30,3.1,-3.1,-3.7,-7.8,0.00,0.00,24.0,320,8.20,1.39
2017-01-31,0.8,-5.0,-4.0,-8.9,1.20,0.84,18.8,89,4.91,0.64
2017-02-01,8.5,-2.7,1.7,-6.8,0.00,0.00,28.6,258,10.25,1.76
2017-02-02,6.5,-2.3,-0.7,-6.3,0.00,0.00,27.2,280,10.54,1.64
2017-02-03,1.5,-5.6,-4.2,-9.7,0.00,0.00,18.4,291,8.80,1.39
2017-02-04,1.3,-6.0,-5.0,-12.0,0.00,0.00,25.0,280,12.85,1.71
2017-02-05,6.8,-2.6,1.6,-7.0,0.10,0.00,20.5,231,6.76,1.48
2017-02-06,8.3,-1.4,3.3,-5.6,0.00,0.00,16.2,268,12.65,1.71
2017-02-07,4.9,0.4,1.5,-2.6,4.20,0.00,17.5,54,2.73,0.33
2017-02-08,15.4,3.5,11.9,0.4,0.70,0.00,22.0,306,10.50,1.89
2017-02-09,4.4,-7.9,-0.6,-15.6,23.50,16.31,36.6,341,4.03,0.90
2017-02-10,-2.1,-10.3,-7.2,-16.7,0.20,0.14,22.7,259,13.85,1.06
2017-02-11,5.0,-2.9,1.2,-7.2,0.80,0.56,12.2,228,11.06,1.16
2017-02-12,2.5,-1.3,-0.5,-6.5,10.60,1.33,19.7,49,2.05,0.33
2017-02-13,2.5,-2.0,-2.9,-8.5,0.00,0.00,36.9,301,9.49,1.48
2017-02-14,3.8,-4.7,-0.2,-8.9,0.00,0.00,22.4,251,12.94,1.33
2017-02-15,7.7,-2.0,4.5,-5.9,0.50,0.00,25.3,258,10.56,1.35
2017-02-16,2.1,-3.0,-5.6,-9.3,0.00,0.00,34.0,302,12.79,1.82
2017-02-17,5.5,-3.8,-0.4,-9.9,0.00,0.00,22.6,296,15.00,1.91
2017-02-18,15.5,-2.9,11.0,-6.6,0.00,0.00,21.0,226,14.39,2.40
2017-02-19,18.8,6.7,14.9,3.8,0.00,0.00,18.4,283,13.85,2.96
2017-02-20,11.1,2.9,6.4,-2.5,0.00,0.00,22.3,339,15.36,2.76
2017-02-21,6.7,-2.1,2.5,-6.5,0.00,0.00,19.8,139,13.65,1.76
2017-02-22,12.8,2.6,9.9,-0.6,0.20,0.00,13.3,204,9.51,1.43
2017-02-23,18.1,3.5,15.5,0.5,0.00,0.00,20.0,206,9.12,1.30
2017-02-24,19.6,10.0,18.6,8.0,0.90,0.00,24.5,182,13.47,2.06
2017-02-25,14.2,8.6,11.4,4.0,9.50,0.00,27.7,164,10.35,1.24
2017-02-26,7.3,0.9,3.0,-4.7,0.00,0.00,28.0,296,16.34,2.67
2017-02-27,12.0,-0.8,6.7,-5.2,0.00,0.00,22.2,228,13.14,2.33
2017-02-28,14.8,2.9,13.3,-0.9,0.70,0.00,16.9,134,13.51,1.87
2017-03-01,22.0,9.7,18.5,8.2,4.50,0.00,42.4,214,6.12,1.93
2017-03-02,16.1,2.4,11.5,-3.4,0.00,0.00,43.3,280,17.49,3.77
2017-03-03,4.0,-3.5,-3.2,-11.0,0.30,0.00,27.6,298,14.27,2.40
2017-03-04,-0.4,-7.8,-9.6,-15.6,0.00,0.00,39.0,314,12.82,1.99
2017-03-05,2.7,-9.7,-2.8,-16.7,0.00,0.00,25.8,329,19.02,2.12
2017-03-06,4.2,-5.6,-0.1,-10.0,0.00,0.00,17.1,153,17.41,1.97
2017-03-07,11.9,3.3,8.5,-0.7,6.70,0.00,22.2,171,4.09,0.80
2017-03-08,14.8,7.5,8.8,3.5,0.80,0.00,29.3,241,12.89,3.02
2017-03-09,14.1,8.3,7.5,2.0,0.00,0.00,32.0,271,18.53,4.70
2017-03-10,7.5,-3.3,2.3,-10.9,8.40,5.74,28.9,347,7.08,1.58
2017-03-11,-0.5,-8.1,-8.8,-14.1,0.00,0.00,34.3,298,14.34,1.77
2017-03-12,0.7,-7.3,-6.0,-12.7,0.00,0.00,28.5,304,18.87,1.94
2017-03-13,0.3,-7.1,-3.5,-12.0,0.10,0.07,15.7,314,19.33,1.91
2017-03-14,0.2,-5.5,-6.0,-12.9,46.70,30.80,49.8,360,3.09,0.58
2017-03-15,-3.4,-8.1,-10.9,-14.6,0.60,0.42,34.5,282,15.76,1.30
2017-03-16,1.7,-7.3,-3.8,-13.5,0.00,0.00,24.1,278,20.47,1.71
2017-03-17,4.3,-6.5,1.5,-11.9,0.00,0.00,18.2,266,21.80,2.01
2017-03-18,2.5,-7.4,-1.4,-12.1,2.50,0.14,22.3,46,8.38,0.88
2017-03-19,5.3,-1.2,1.3,-6.8,0.00,0.00,21.9,11,20.83,2.08
2017-03-20,10.8,-3.9,6.6,-8.5,0.00,0.00,18.1,324,21.26,2.63
2017-03-21,14.1,2.0,10.4,-2.2,0.00,0.00,18.1,291,19.34,3.05
2017-03-22,4.5,-4.7,1.4,-11.5,0.00,0.00,39.9,319,22.29,2.33
2017-03-23,5.8,-6.7,0.6,-12.6,0.00,0.00,22.2,314,22.32,2.50
2017-03-24,12.4,-2.1,7.1,-6.1,0.00,0.00,25.0,218,11.12,2.12
2017-03-25,15.9,5.1,15.0,1.0,1.80,0.00,26.8,346,11.38,2.02
2017-03-26,6.7,2.6,1.6,-2.1,0.30,0.00,22.4,74,5.53,1.09
2017-03-27,12.5,4.2,11.3,0.7,9.50,0.00,13.2,45,4.66,0.79
2017-03-28,9.5,4.6,8.0,1.3,12.30,0.00,16.1,49,4.11,0.54
2017-03-29,14.7,4.2,11.1,0.4,0.20,0.00,23.1,345,20.10,3.18
2017-03-30,10.1,0.2,8.9,-4.4,0.10,0.00,17.6,29,20.83,2.93
2017-03-31,5.6,3.1,1.6,-2.6,27.10,0.00,34.9,87,2.15,0.46
2017-04-01,8.8,3.0,3.5,-3.3,1.10,0.00,33.0,10,11.81,1.74
2017-04-02,15.6,2.0,11.7,-2.0,0.00,0.00,25.3,315,19.73,3.34
2017-04-03,15.2,2.1,12.8,-1.0,0.00,0.00,21.1,152,20.02,3.15
2017-04-04,12.4,7.5,10.5,3.8,17.90,0.00,28.8,90,5.88,0.96
2017-04-05,17.0,6.6,16.4,2.9,0.00,0.00,19.3,151,18.27,2.74
2017-04-06,14.1,4.5,9.4,-0.2,25.40,0.00,39.8,111,3.03,0.60
2017-04-07,9.9,4.3,4.9,-2.5,0.80,0.00,30.2,264,10.29,2.28
2017-04-08,13.2,2.7,7.3,-2.8,0.00,0.00,27.9,298,24.40,3.93
2017-04-09,17.5,2.0,14.9,-1.8,0.00,0.00,16.8,227,24.42,4.03
2017-04-10,21.6,6.0,20.8,3.1,0.00,0.00,18.8,198,23.48,4.46
2017-04-11,23.8,12.0,24.4,9.8,0.00,0.00,17.4,198,23.04,4.41
2017-04-12,22.7,10.9,21.8,9.9,0.40,0.00,17.2,304,14.58,3.06
2017-04-13,17.2,6.9,14.0,2.3,0.00,0.00,25.3,330,23.39,4.29
2017-04-14,16.0,5.3,15.1,2.0,0.00,0.00,18.6,162,21.93,3.78
2017-04-15,14.8,5.6,12.1,2.5,0.60,0.00,23.1,182,17.01,2.76
2017-04-16,27.9,13.7,26.5,12.1,0.50,0.00,29.3,241,21.36,5.12
2017-04-17,21.6,13.8,18.9,9.6,0.10,0.00,23.8,309,16.45,4.21
2017-04-18,17.2,7.8,16.1,4.6,0.00,0.00,26.3,64,24.88,4.17
2017-04-19,9.7,6.6,6.4,3.5,1.20,0.00,26.5,142,15.53,2.02
2017-04-20,18.5,9.3,17.9,7.4,2.40,0.00,18.3,119,13.38,2.32
2017-04-21,13.8,9.1,13.0,6.7,6.10,0.00,16.5,78,7.28,1.19
2017-04-22,13.0,9.4,11.5,5.5,3.10,0.00,19.4,8,4.05,0.88
2017-04-23,17.0,6.1,17.5,2.6,0.00,0.00,16.2,11,25.67,4.03
2017-04-24,12.9,7.5,10.7,5.6,0.30,0.00,12.0,125,7.82,1.49
2017-04-25,11.9,9.7,8.6,5.4,11.20,0.00,34.6,55,3.86,0.75
2017-04-26,16.7,11.0,16.3,7.2,5.90,0.00,27.4,37,6.89,1.16
2017-04-27,19.3,12.5,19.4,11.4,0.00,0.00,18.9,151,13.89,2.18
2017-04-28,26.0,12.2,28.8,11.5,0.20,0.00,20.4,197,24.53,4.44
2017-04-29,27.8,15.0,27.8,14.4,8.90,0.00,31.1,271,19.62,4.38
2017-04-30,18.5,10.4,17.0,6.7,0.70,0.00,24.8,79,12.06,3.12
2017-05-01,22.5,10.6,23.6,8.4,0.50,0.00,27.8,145,14.93,2.88
2017-05-02,22.9,14.7,22.8,12.0,0.70,0.00,38.2,241,20.97,5.11
2017-05-03,16.2,10.6,11.4,7.4,0.00,0.00,31.6,299,20.48,4.50
2017-05-04,15.2,6.5,12.2,4.1,0.00,0.00,24.5,119,26.02,4.04
2017-05-05,16.5,10.4,15.3,7.1,32.50,0.00,31.0,111,4.14,0.83
2017-05-06,18.8,11.6,16.2,8.3,4.50,0.00,30.9,175,18.30,3.02
2017-05-07,13.6,8.5,9.8,4.6,0.40,0.00,23.5,249,16.57,2.81
2017-05-08,13.8,6.1,10.4,2.7,0.00,0.00,27.8,291,22.17,3.40
2017-05-09,15.7,6.7,13.2,3.3,0.20,0.00,22.7,349,21.47,3.66
2017-05-10,16.9,8.0,15.0,6.0,0.00,0.00,15.3,36,22.01,3.48
2017-05-11,15.8,8.0,14.2,4.7,0.00,0.00,14.7,62,21.84,3.48
2017-05-12,14.4,7.5,11.6,5.6,0.00,0.00,19.8,129,15.26,2.39
2017-05-13,10.5,8.6,8.8,4.3,33.60,0.00,26.9,65,2.35,0.65
2017-05-14,18.2,7.9,15.3,3.7,4.90,0.00,24.9,320,17.87,3.09
2017-05-15,18.7,10.2,13.4,5.8,0.00,0.00,35.4,311,18.21,4.21
2017-05-16,24.3,9.8,22.9,7.8,0.00,0.00,18.4,282,26.81,5.17
2017-05-17,30.7,13.1,32.5,12.1,0.00,0.00,21.2,229,27.86,6.13
2017-05-18,31.8,20.4,33.4,21.2,0.00,0.00,23.7,228,24.42,6.38
2017-05-19,29.7,19.7,32.3,17.6,1.00,0.00,24.7,272,24.03,5.86
2017-05-20,17.9,12.3,15.1,10.7,0.20,0.00,23.9,49,7.26,2.51
2017-05-21,17.4,10.3,15.2,8.7,0.00,0.00,21.4,154,28.54,4.63
2017-05-22,15.7,12.5,16.9,10.7,16.00,0.00,15.1,143,3.61,0.96
2017-05-23,20.6,14.5,20.1,13.9,0.00,0.00,12.8,13,18.40,3.27
2017-05-24,19.5,13.9,17.5,12.8,1.80,0.00,17.0,75,12.97,2.44
2017-05-25,16.2,12.4,15.0,9.7,17.50,0.00,27.0,72,4.11,0.93
2017-05-26,22.5,12.7,21.8,11.0,6.50,0.00,25.0,309,15.31,3.11
2017-05-27,21.7,13.8,21.6,13.4,0.20,0.00,12.6,310,15.34,2.99
2017-05-28,19.9,13.2,20.3,13.3,0.70,0.00,22.2,126,22.69,3.52
2017-05-29,15.4,13.1,15.1,12.1,5.60,0.00,14.8,102,6.02,1.35
2017-05-30,15.3,13.0,14.3,11.9,0.70,0.00,21.3,144,9.45,1.68
2017-05-31,23.0,14.2,23.6,13.8,3.80,0.00,14.1,155,16.07,2.85
2017-06-01,24.9,14.0,24.4,14.0,0.00,0.00,23.7,265,23.54,4.75
2017-06-02,23.2,12.5,20.2,11.1,0.30,0.00,29.0,296,25.19,5.30
2017-06-03,21.5,11.1,18.2,9.9,1.80,0.00,24.0,302,21.65,4.16
2017-06-04,21.2,10.8,20.7,9.2,0.50,0.00,17.8,130,16.04,3.18
2017-06-05,22.2,14.4,23.9,14.8,3.70,0.00,16.2,92,10.64,2.03
2017-06-06,15.6,11.6,14.9,8.8,1.00,0.00,18.9,50,6.15,1.28
2017-06-07,18.7,10.7,18.1,8.5,0.40,0.00,17.1,18,15.24,2.78
2017-06-08,20.1,10.5,21.0,9.1,0.00,0.00,16.7,121,22.33,3.60
2017-06-09,24.7,10.3,24.8,8.9,0.80,0.00,19.6,283,27.30,5.18
2017-06-10,28.2,14.7,28.0,14.1,0.00,0.00,22.2,242,25.91,5.86
2017-06-11,32.1,19.2,34.7,19.4,0.00,0.00,16.9,239,29.43,7.04
2017-06-12,33.6,19.4,36.0,20.9,0.00,0.00,16.8,241,29.55,6.73
2017-06-13,34.3,21.2,35.9,22.3,1.00,0.00,18.1,264,26.28,6.43
2017-06-14,26.4,18.8,28.3,18.8,4.40,0.00,18.9,59,19.54,4.08
2017-06-15,22.2,16.7,21.2,16.9,0.00,0.00,22.2,142,25.96,4.74
2017-06-16,22.4,16.4,25.0,16.1,1.30,0.00,20.0,113,7.94,1.73
2017-06-17,22.6,18.5,24.7,19.8,7.90,0.00,19.9,119,7.51,1.42
2017-06-18,27.6,19.9,30.2,23.0,13.50,0.00,22.9,179,18.97,3.58
2017-06-19,28.6,21.5,30.8,23.5,20.10,0.00,26.7,210,16.87,3.58
2017-06-20,28.1,20.1,27.2,21.2,1.50,0.00,24.5,247,27.39,5.82
2017-06-21,27.0,19.9,27.5,21.3,2.80,0.00,24.5,255,23.80,5.19
2017-06-22,26.1,17.0,28.2,17.9,0.00,0.00,18.9,186,27.14,5.16
2017-06-23,28.8,22.4,30.8,25.1,2.50,0.00,28.3,223,16.93,3.91
2017-06-24,28.6,22.0,28.3,22.9,21.50,0.00,26.1,269,25.53,5.79
2017-06-25,26.9,18.1,27.3,19.2,0.10,0.00,17.6,255,23.81,5.27
2017-06-26,25.3,17.4,24.5,16.7,0.00,0.00,23.4,254,24.53,5.28
2017-06-27,22.9,16.5,24.1,16.3,9.20,0.00,14.9,244,23.36,4.36
2017-06-28,25.0,14.6,23.6,14.0,0.00,0.00,23.7,283,25.98,5.34
2017-06-29,27.7,16.9,28.0,16.2,0.10,0.00,29.5,203,24.97,5.59
2017-06-30,31.0,22.3,32.9,21.8,0.80,0.00,23.4,210,23.93,6.02
2017-07-01,27.2,22.2,29.9,24.9,2.20,0.00,22.5,197,17.11,3.66
2017-07-02,30.7,21.0,32.1,23.4,0.30,0.00,16.4,251,25.47,5.58
2017-07-03,31.5,19.9,33.4,21.2,2.80,0.00,16.6,273,26.06,5.71
2017-07-04,27.8,20.5,30.3,20.9,0.00,0.00,14.0,60,23.16,4.94
2017-07-05,28.6,20.2,29.6,21.3,0.00,0.00,22.3,113,24.23,5.29
2017-07-06,24.2,20.3,24.2,21.5,2.60,0.00,15.9,135,11.85,2.82
2017-07-07,26.0,19.8,29.0,20.9,59.80,0.00,18.6,29,10.86,2.09
2017-07-08,29.8,20.2,30.6,21.7,0.00,0.00,24.3,252,22.04,4.83
2017-07-09,27.2,17.7,27.3,17.7,0.00,0.00,21.3,287,28.93,6.12
2017-07-10,26.8,17.3,28.2,17.6,1.20,0.00,21.0,202,20.70,4.53
2017-07-11,28.5,21.2,31.6,24.2,4.50,0.00,19.8,227,17.07,3.60
2017-07-12,30.9,22.8,35.3,26.3,6.40,0.00,17.7,249,21.65,4.67
2017-07-13,33.1,23.3,35.7,26.9,3.20,0.00,21.3,245,18.57,4.59
2017-07-14,23.5,18.8,26.0,19.8,7.70,0.00,17.6,102,5.71,1.31
2017-07-15,28.6,20.5,30.2,22.3,0.30,0.00,17.1,332,19.61,4.23
2017-07-16,28.4,19.2,32.2,20.9,0.00,0.00,18.2,224,24.71,4.95
2017-07-17,27.8,20.7,31.4,23.6,0.10,0.00,23.3,172,21.04,4.02
2017-07-18,28.7,21.0,33.6,24.9,1.10,0.00,17.4,168,22.18,4.42
2017-07-19,32.1,22.4,35.1,26.3,0.00,0.00,17.7,232,25.22,5.51
2017-07-20,34.0,22.7,37.0,26.6,0.10,0.00,19.2,242,25.41,5.65
2017-07-21,33.4,23.7,35.8,27.1,0.00,0.00,16.5,276,24.75,5.60
2017-07-22,30.2,23.0,33.6,26.0,4.20,0.00,16.2,171,23.88,5.31
2017-07-23,25.1,22.8,29.0,24.6,19.50,0.00,19.3,121,9.46,2.27
2017-07-24,22.7,17.7,24.4,16.5,37.60,0.00,31.3,55,13.39,2.56
2017-07-25,21.6,17.0,22.4,17.1,22.20,0.00,15.1,63,8.73,2.02
2017-07-26,23.1,18.1,25.0,19.1,0.00,0.00,16.1,129,22.20,4.22
2017-07-27,24.9,17.4,27.7,18.7,1.20,0.00,15.0,197,13.61,2.63
2017-07-28,27.2,20.1,30.8,23.2,0.90,0.00,10.4,40,17.50,3.50
2017-07-29,23.9,17.4,25.0,15.6,6.50,0.00,28.2,24,12.16,3.56
2017-07-30,26.2,15.9,26.7,14.2,0.00,0.00,18.4,5,27.24,5.43
2017-07-31,29.0,15.6,32.7,16.3,0.00,0.00,11.2,228,25.23,5.08
2017-08-01,29.3,19.0,33.8,20.8,0.00,0.00,9.7,243,24.59,5.05
2017-08-02,27.4,21.0,31.8,24.1,9.40,0.00,12.4,211,16.08,3.07
2017-08-03,27.6,19.5,32.2,22.6,0.00,0.00,18.3,144,22.03,4.21
2017-08-04,26.1,20.7,29.6,23.0,13.10,0.00,25.0,161,21.47,3.85
2017-08-05,26.5,20.3,26.9,18.9,13.20,0.00,21.2,260,18.46,4.17
2017-08-06,26.0,16.9,25.6,15.5,0.00,0.00,18.3,290,22.54,5.01
2017-08-07,20.3,17.3,22.1,18.0,32.40,0.00,16.3,104,3.40,0.94
2017-08-08,24.4,18.2,25.7,19.2,0.30,0.00,15.6,346,15.09,3.01
2017-08-09,26.8,16.3,30.3,16.8,0.00,0.00,13.0,246,24.82,4.87
2017-08-10,27.6,16.9,30.1,17.9,0.00,0.00,16.6,182,22.81,4.48
2017-08-11,25.5,17.8,27.0,19.1,0.30,0.00,20.5,170,18.73,3.74
2017-08-12,24.0,19.3,26.0,21.5,11.60,0.00,16.9,163,10.58,2.14
2017-08-13,28.4,19.9,29.7,21.8,0.00,0.00,16.7,307,24.63,4.98
2017-08-14,25.9,19.1,27.5,20.8,0.30,0.00,12.0,149,13.71,2.91
2017-08-15,24.3,21.2,27.8,23.0,12.40,0.00,15.3,181,7.03,1.54
2017-08-16,29.6,20.0,32.0,21.9,0.00,0.00,13.6,317,21.89,4.43
2017-08-17,25.7,19.4,29.1,20.3,0.00,0.00,18.6,98,21.01,4.10
2017-08-18,28.4,22.9,32.0,25.5,12.70,0.00,25.3,194,8.72,1.92
2017-08-19,29.5,22.3,32.0,25.0,0.30,0.00,14.7,249,21.24,4.48
2017-08-20,28.1,20.4,28.5,20.8,0.00,0.00,18.6,301,22.82,5.08
2017-08-21,29.1,18.6,30.9,19.7,0.00,0.00,25.2,210,21.80,4.71
2017-08-22,31.6,22.1,34.5,25.6,0.50,0.00,25.3,211,19.24,4.63
2017-08-23,27.9,20.2,28.2,21.1,8.00,0.00,19.3,294,20.80,4.62
2017-08-24,26.5,18.0,26.5,18.0,0.00,0.00,16.3,325,22.02,4.76
2017-08-25,24.6,16.8,24.8,16.5,0.10,0.00,16.8,336,18.90,4.01
2017-08-26,23.9,16.8,23.7,16.5,0.00,0.00,12.4,13,24.05,4.61
2017-08-27,23.8,15.5,23.5,15.4,0.00,0.00,15.4,61,21.86,4.16
2017-08-28,23.3,16.6,22.0,16.9,0.00,0.00,22.8,82,20.36,4.08
2017-08-29,20.6,17.0,18.9,16.2,5.20,0.00,22.7,56,5.64,1.81
2017-08-30,25.2,15.9,25.1,15.0,2.90,0.00,22.6,341,21.42,4.33
2017-08-31,27.0,17.1,26.6,15.9,0.00,0.00,20.1,292,18.78,4.50
2017-09-01,21.2,12.6,18.7,9.5,0.00,0.00,23.6,327,23.31,4.78
2017-09-02,19.2,12.3,16.9,10.6,10.80,0.00,15.1,72,12.37,2.70
2017-09-03,20.4,15.0,21.4,14.3,16.30,0.00,22.0,343,5.99,1.38
2017-09-04,27.2,15.3,26.2,14.1,0.00,0.00,22.4,230,22.50,5.05
2017-09-05,28.8,19.4,30.7,19.5,0.10,0.00,21.9,204,18.87,4.19
2017-09-06,20.7,17.2,23.8,17.7,20.60,0.00,21.0,346,6.87,1.31
2017-09-07,22.2,16.1,21.3,15.0,3.40,0.00,21.5,257,18.72,3.63
2017-09-08,21.6,13.5,20.3,11.9,0.10,0.00,19.1,271,19.82,3.99
2017-09-09,20.9,12.6,19.7,10.5,0.00,0.00,21.1,337,19.24,3.74
2017-09-10,21.2,13.1,19.3,10.9,0.00,0.00,18.4,1,18.96,3.66
2017-09-11,24.5,12.2,24.0,11.4,0.00,0.00,13.1,353,21.58,3.89
2017-09-12,25.9,14.2,27.2,14.4,0.00,0.00,12.3,268,19.60,3.69
2017-09-13,26.6,14.1,27.3,13.9,0.00,0.00,17.7,212,17.10,3.36
2017-09-14,25.6,18.7,26.2,20.9,1.30,0.00,18.8,214,11.16,2.42
2017-09-15,26.0,17.4,28.0,18.9,0.30,0.00,10.2,208,16.43,3.13
2017-09-16,25.9,19.0,29.4,21.4,0.70,0.00,13.4,92,14.50,2.71
2017-09-17,25.9,19.5,28.4,22.2,0.70,0.00,13.7,128,14.12,2.66
2017-09-18,24.2,19.1,25.4,20.9,0.30,0.00,18.1,56,9.01,1.91
2017-09-19,25.5,19.6,24.5,19.8,0.50,0.00,29.8,26,12.23,3.03
2017-09-20,25.4,19.9,25.0,19.0,0.00,0.00,28.8,1,10.06,3.01
2017-09-21,26.8,20.4,27.0,20.9,0.00,0.00,20.3,357,13.81,3.69
2017-09-22,26.2,18.3,24.3,16.1,0.00,0.00,24.6,356,17.62,4.84
2017-09-23,28.8,18.8,27.4,17.6,0.00,0.00,18.4,359,18.55,4.90
2017-09-24,31.6,19.1,34.1,19.8,0.00,0.00,11.6,13,18.67,4.09
2017-09-25,29.8,20.4,34.1,23.1,0.00,0.00,16.5,105,18.29,3.73
2017-09-26,27.6,20.0,31.1,22.2,0.00,0.00,15.7,112,15.62,2.96
2017-09-27,29.0,20.8,32.7,23.7,0.40,0.00,12.4,56,10.93,2.28
2017-09-28,24.9,16.2,26.5,12.1,0.00,0.00,26.5,336,18.55,4.81
2017-09-29,19.8,12.6,17.6,11.5,0.00,0.00,20.0,319,13.80,2.94
2017-09-30,17.4,12.4,16.6,9.8,0.50,0.00,28.0,349,11.66,2.53
2017-10-01,19.5,10.2,18.4,8.4,0.00,0.00,14.1,355,18.34,3.00
2017-10-02,21.2,10.8,19.9,9.2,0.00,0.00,13.7,20,18.43,3.20
2017-10-03,19.4,11.7,17.7,10.6,0.00,0.00,17.4,128,15.09,2.65
2017-10-04,24.5,11.2,23.0,10.2,0.00,0.00,19.9,223,17.63,3.49
2017-10-05,29.5,16.7,28.9,15.5,2.20,0.00,19.8,242,13.89,3.50
2017-10-06,27.5,17.0,27.4,18.3,0.20,0.00,14.5,237,13.44,2.67
2017-10-07,25.3,16.9,26.5,18.7,0.10,0.00,29.0,165,15.04,2.93
2017-10-08,25.2,21.4,27.5,22.2,5.80,0.00,24.5,204,3.95,1.26
2017-10-09,23.4,21.8,27.1,22.3,18.20,0.00,33.7,191,2.25,0.60
2017-10-10,26.3,17.1,27.1,17.9,0.00,0.00,18.7,311,15.12,3.04
2017-10-11,22.4,17.2,22.8,16.4,1.70,0.00,19.6,59,7.06,1.76
2017-10-12,16.9,13.9,15.8,10.9,1.60,0.00,25.4,67,3.87,1.68
2017-10-13,17.8,12.6,16.7,10.0,0.30,0.00,17.3,72,7.59,1.97
2017-10-14,22.3,16.2,24.3,16.3,0.60,0.00,12.8,12,7.38,1.40
2017-10-15,23.7,17.6,22.6,19.1,0.40,0.00,25.0,217,8.03,1.94
2017-10-16,20.7,9.5,20.7,5.1,3.00,0.00,26.2,318,5.53,2.30
2017-10-17,14.4,6.5,11.4,3.2,0.00,0.00,17.3,301,15.70,2.58
2017-10-18,21.1,8.5,19.4,5.6,0.00,0.00,13.5,229,15.06,2.86
2017-10-19,21.2,10.4,17.4,8.9,0.00,0.00,20.2,225,15.16,3.19
2017-10-20,21.9,13.3,17.9,10.8,0.00,0.00,20.0,299,14.83,3.66
2017-10-21,23.9,9.8,21.5,7.8,0.00,0.00,12.1,253,14.48,2.97
2017-10-22,21.4,10.7,19.1,8.6,0.00,0.00,13.4,182,13.79,2.53
2017-10-23,21.6,13.4,21.3,12.8,0.40,0.00,28.7,152,7.17,1.53
2017-10-24,23.4,17.7,21.3,17.4,25.10,0.00,39.5,164,4.87,1.34
2017-10-25,18.8,13.9,18.3,11.2,0.10,0.00,15.3,295,8.33,1.91
2017-10-26,14.2,10.1,10.5,6.7,3.60,0.00,24.9,296,5.54,2.07
2017-10-27,16.4,6.9,13.3,3.9,0.00,0.00,15.1,224,13.63,2.32
2017-10-28,19.6,9.1,16.6,7.1,0.00,0.00,27.7,179,13.15,2.27
2017-10-29,18.2,16.1,17.2,12.5,53.70,0.00,48.8,132,1.22,0.57
2017-10-30,17.0,8.8,13.5,3.3,3.40,0.00,37.8,259,10.43,2.36
2017-10-31,13.1,7.2,7.4,3.4,0.00,0.00,28.0,259,12.57,2.60
2017-11-01,15.6,4.9,14.1,1.8,0.00,0.00,16.9,87,4.38,1.17
2017-11-02,20.6,11.9,20.5,11.1,0.00,0.00,17.4,183,9.46,1.61
2017-11-03,23.3,11.4,22.6,7.0,0.00,0.00,24.7,266,10.88,2.27
2017-11-04,12.5,7.8,9.7,4.4,0.00,0.00,18.9,37,10.93,1.90
2017-11-05,16.2,11.2,16.1,8.6,2.10,0.00,18.8,106,2.37,0.78
2017-11-06,17.7,8.7,17.9,4.6,2.10,0.00,21.8,242,2.78,0.81
2017-11-07,10.0,4.7,6.1,-0.4,10.40,0.00,25.1,8,6.22,1.36
2017-11-08,9.0,3.9,6.3,-1.1,1.70,0.00,25.6,23,7.06,1.05
2017-11-09,11.5,4.4,9.1,1.8,0.00,0.00,15.5,103,5.91,1.09
2017-11-10,10.9,-3.4,7.7,-10.0,0.00,0.00,33.3,314,10.94,1.92
2017-11-11,3.1,-3.8,-1.3,-10.2,0.00,0.00,20.6,344,11.90,1.56
2017-11-12,7.3,-1.0,3.9,-5.2,0.00,0.00,8.9,70,10.34,1.24
2017-11-13,7.3,2.9,3.1,-0.3,3.30,0.00,18.7,12,2.89,0.53
2017-11-14,8.2,1.7,4.4,-2.6,0.00,0.00,17.0,4,7.68,1.09
2017-11-15,9.0,1.9,6.4,-1.5,0.00,0.00,12.8,55,9.28,1.21
2017-11-16,13.1,6.7,8.6,1.2,4.00,0.00,29.3,243,6.58,1.66
2017-11-17,8.3,2.1,2.4,-2.5,0.00,0.00,28.7,300,10.86,2.17
2017-11-18,9.9,0.2,6.7,-3.7,3.10,0.00,19.1,199,3.13,0.87
2017-11-19,14.1,5.5,9.3,0.3,8.00,0.00,38.3,261,8.10,1.94
2017-11-20,8.1,1.4,1.5,-3.3,0.00,0.00,28.8,268,7.91,1.99
2017-11-21,13.4,3.9,8.7,-1.0,0.00,0.00,25.0,216,10.04,2.04
2017-11-22,10.8,2.3,8.5,-3.2,4.30,0.00,29.6,302,4.34,1.19
2017-11-23,5.8,-0.9,1.7,-5.4,0.00,0.00,18.6,295,10.35,1.42
2017-11-24,9.0,-0.9,4.8,-4.6,0.00,0.00,13.0,233,9.83,1.34
2017-11-25,12.7,1.8,9.1,-1.4,0.00,0.00,16.4,229,9.18,1.49
2017-11-26,9.2,2.4,4.8,-1.5,0.00,0.00,25.3,295,9.65,1.77
2017-11-27,9.9,2.5,4.3,-2.5,0.00,0.00,26.6,286,9.62,1.85
2017-11-28,10.9,-0.4,6.8,-3.7,0.00,0.00,20.7,147,9.09,1.28
2017-11-29,15.8,4.6,11.0,0.9,0.00,0.00,24.2,265,8.72,2.07
2017-11-30,10.9,1.1,6.8,-2.8,0.00,0.00,18.1,123,6.84,1.10
2017-12-01,10.9,2.9,6.4,-0.2,0.60,0.00,18.3,316,9.32,1.44
2017-12-02,7.9,0.3,5.4,-3.2,0.00,0.00,8.5,37,8.17,0.98
2017-12-03,10.3,1.7,7.7,-1.3,0.00,0.00,6.8,27,5.17,0.74
2017-12-04,9.2,-0.3,6.5,-3.8,0.00,0.00,15.3,84,6.82,0.83
2017-12-05,15.5,9.1,12.8,5.1,10.00,0.00,26.6,175,2.47,0.97
2017-12-06,13.5,4.1,11.6,-1.2,1.50,0.00,31.1,258,6.56,1.95
2017-12-07,6.6,1.7,0.9,-3.0,0.00,0.00,26.6,256,9.01,1.80
2017-12-08,3.3,-0.4,-1.3,-4.8,0.00,0.00,13.0,251,3.55,1.02
2017-12-09,1.7,-0.6,-2.1,-5.0,9.70,6.79,17.4,349,1.16,0.58
2017-12-10,2.6,-2.9,-2.1,-7.7,0.30,0.21,17.4,261,8.67,0.92
2017-12-11,5.2,-0.9,0.6,-5.3,0.20,0.14,15.2,246,8.86,1.08
2017-12-12,9.6,-0.7,6.3,-7.5,0.60,0.00,28.0,230,3.39,0.98
2017-12-13,-0.7,-6.7,-8.1,-14.3,0.00,0.00,38.6,283,7.40,1.59
2017-12-14,0.7,-5.0,-5.8,-10.4,1.80,1.19,24.6,310,8.26,1.08
2017-12-15,-2.2,-6.5,-5.8,-10.7,2.10,1.47,13.5,273,4.96,0.65
2017-12-16,4.9,-5.0,-1.3,-10.6,0.00,0.00,28.0,256,8.20,1.22
2017-12-17,2.3,-1.9,-0.8,-6.7,0.00,0.00,12.3,22,4.32,0.71
2017-12-18,8.2,-0.4,6.3,-4.3,0.80,0.00,13.5,15,7.04,0.87
2017-12-19,11.8,3.9,6.4,0.3,0.00,0.00,28.5,248,6.81,1.58
2017-12-20,8.7,-0.1,3.5,-4.4,0.00,0.00,25.6,291,5.83,1.77
2017-12-21,4.0,-1.8,-0.3,-6.4,0.00,0.00,13.0,327,8.59,1.13
2017-12-22,8.2,-1.5,5.2,-5.4,0.00,0.00,13.2,62,2.89,0.62
2017-12-23,13.2,3.2,9.8,0.2,17.30,0.00,29.0,319,0.74,0.29
2017-12-24,5.3,0.9,0.9,-3.9,1.00,0.63,25.3,20,6.24,1.06
2017-12-25,3.6,-3.0,-0.0,-9.9,5.90,0.07,41.5,278,7.98,1.35
2017-12-26,-2.3,-5.7,-8.7,-11.1,0.00,0.00,22.5,268,8.60,1.31
2017-12-27,-3.8,-7.6,-9.6,-14.0,0.00,0.00,19.3,307,8.92,1.23
2017-12-28,-7.1,-10.4,-14.3,-17.3,0.00,0.00,25.5,310,9.27,1.15
2017-12-29,-4.3,-10.7,-10.5,-16.8,0.00,0.00,19.2,303,8.35,1.00
2017-12-30,-3.6,-9.5,-9.1,-13.9,1.00,0.70,16.2,249,5.09,0.62
2017-12-31,-7.2,-12.5,-12.9,-18.9,0.00,0.00,25.9,308,8.32,0.93
2018-01-01,-6.5,-14.1,-13.3,-20.2,0.00,0.00,21.6,306,9.78,0.89
2018-01-02,-2.9,-11.5,-9.4,-17.5,0.00,0.00,19.9,260,9.52,1.12
2018-01-03,-2.2,-12.2,-7.2,-17.2,0.00,0.00,12.7,205,9.11,0.89
2018-01-04,-4.3,-7.1,-9.8,-16.6,20.10,14.07,52.4,336,2.07,0.83
2018-01-05,-8.0,-14.0,-16.5,-22.0,0.00,0.00,34.6,287,10.43,0.77
2018-01-06,-12.7,-15.7,-20.4,-22.2,0.00,0.00,27.6,287,10.61,0.63
2018-01-07,-9.8,-20.5,-16.3,-25.9,0.00,0.00,21.0,258,10.38,0.57
2018-01-08,-1.6,-10.3,-6.3,-16.6,1.00,0.63,21.3,223,6.86,0.67
2018-01-09,3.8,-4.7,-0.5,-9.2,0.00,0.00,20.6,278,9.92,0.99
2018-01-10,2.4,-11.0,-1.3,-16.1,0.00,0.00,14.0,358,9.93,0.81
2018-01-11,11.4,0.2,9.2,-3.7,0.00,0.00,14.2,197,5.53,0.60
2018-01-12,14.6,7.5,12.3,4.5,28.90,0.00,35.3,180,0.99,0.26
2018-01-13,13.9,-7.2,11.6,-14.3,8.80,0.00,29.7,305,8.25,1.16
2018-01-14,-3.5,-9.6,-9.9,-15.8,0.00,0.00,23.8,353,10.66,1.31
2018-01-15,-1.7,-9.1,-7.2,-15.5,0.00,0.00,20.2,37,6.98,0.98
2018-01-16,4.3,-4.4,0.2,-8.6,0.00,0.00,12.7,87,4.52,0.59
2018-01-17,1.5,-6.0,-2.9,-12.5,6.50,2.66,21.0,329,3.42,0.58
2018-01-18,0.4,-8.5,-5.6,-14.5,0.00,0.00,25.5,311,10.72,1.23
2018-01-19,4.1,-5.6,-1.5,-10.3,0.00,0.00,18.1,253,8.10,1.26
2018-01-20,9.6,-0.8,4.2,-5.5,0.00,0.00,25.7,250,10.35,1.93
2018-01-21,10.3,-1.2,7.1,-4.8,0.00,0.00,10.8,264,9.65,1.29
2018-01-22,8.9,4.2,6.9,0.9,0.50,0.00,12.7,103,3.05,0.53
2018-01-23,13.9,4.4,11.5,0.4,7.50,0.00,35.1,209,3.02,0.76
2018-01-24,4.8,-2.8,0.0,-8.5,0.00,0.00,26.4,294,10.93,1.81
2018-01-25,1.5,-5.7,-5.1,-10.7,0.00,0.00,24.5,316,11.53,1.54
2018-01-26,1.7,-6.7,-2.8,-11.3,0.00,0.00,13.2,180,11.25,1.19
2018-01-27,11.6,-1.9,6.1,-5.8,0.00,0.00,27.0,215,10.80,1.87
2018-01-28,10.7,5.3,8.4,1.9,4.10,0.00,24.0,260,2.98,0.84
2018-01-29,6.7,1.8,1.8,-3.1,0.50,0.00,23.2,38,7.12,1.41
2018-01-30,3.8,-4.6,-1.2,-11.7,2.00,1.33,27.3,338,6.40,1.18
2018-01-31,0.3,-7.9,-5.6,-13.7,0.00,0.00,25.7,267,11.86,1.50
2018-02-01,7.9,-1.5,3.3,-6.8,0.10,0.00,16.7,208,7.46,1.40
2018-02-02,3.0,-8.4,0.2,-15.4,5.40,0.42,33.0,313,11.70,1.38
2018-02-03,0.2,-8.8,-6.6,-15.6,0.00,0.00,21.7,240,12.68,1.60
2018-02-04,6.3,-3.0,4.2,-8.8,17.30,0.00,19.5,195,3.57,0.86
2018-02-05,3.6,-5.7,-1.0,-10.1,1.50,0.00,32.7,304,12.61,1.15
2018-02-06,3.4,-6.3,-0.9,-10.6,0.00,0.00,10.2,245,6.86,0.90
2018-02-07,9.1,-3.5,4.6,-8.2,25.00,1.96,26.6,63,1.45,0.44
2018-02-08,1.3,-4.9,-4.8,-10.8,0.10,0.00,25.0,305,13.03,1.46
2018-02-09,2.3,-7.0,-2.7,-11.3,0.10,0.07,20.1,208,9.41,1.17
2018-02-10,9.5,1.7,7.9,-2.6,10.70,0.00,14.2,199,5.16,0.72
2018-02-11,15.5,4.4,14.3,2.7,34.30,0.00,30.1,231,1.66,0.31
2018-02-12,15.3,-0.1,14.0,-6.1,0.50,0.00,25.0,314,6.04,1.39
2018-02-13,2.3,-4.6,-1.9,-9.9,0.00,0.00,20.1,7,14.01,1.57
2018-02-14,10.9,0.4,6.8,-3.1,0.80,0.00,21.9,223,11.93,1.54
2018-02-15,15.9,5.4,14.5,3.0,7.30,0.00,20.3,223,6.95,1.04
2018-02-16,13.7,2.6,10.8,-3.8,9.70,0.00,28.0,293,3.30,0.94
2018-02-17,3.4,-4.1,-1.3,-8.0,9.70,6.30,25.3,39,11.48,1.47
2018-02-18,6.0,-1.7,2.0,-5.2,2.50,1.54,21.9,303,15.49,1.56
2018-02-19,9.3,-2.7,6.3,-6.8,2.30,0.00,17.6,167,9.15,1.15
2018-02-20,19.0,8.1,17.0,6.1,0.30,0.00,21.4,227,8.82,1.37
2018-02-21,23.2,12.7,22.0,10.0,11.40,0.00,28.6,233,10.36,1.98
2018-02-22,11.9,2.7,9.2,-1.4,7.40,0.00,21.5,28,1.88,0.81
2018-02-23,4.6,2.1,2.0,-2.2,7.00,0.00,15.3,88,1.40,0.37
2018-02-24,12.0,4.7,8.9,1.3,3.20,0.00,18.7,306,7.55,1.15
2018-02-25,6.6,4.9,4.6,0.7,19.10,0.00,24.1,57,1.71,0.34
2018-02-26,11.5,3.2,7.4,-0.6,0.00,0.00,16.6,297,9.01,1.57
2018-02-27,12.6,0.0,9.3,-4.0,0.00,0.00,15.7,268,16.65,2.57
2018-02-28,15.0,2.1,10.6,-1.6,0.00,0.00,20.3,224,14.30,2.59
2018-03-01,15.7,4.0,13.0,1.0,5.50,0.00,17.3,109,9.03,1.76
2018-03-02,6.9,2.0,3.4,-7.7,49.70,14.35,51.0,346,1.77,0.59
2018-03-03,8.2,2.9,1.5,-5.0,0.00,0.00,37.0,349,13.15,2.47
2018-03-04,7.0,0.0,0.4,-7.0,0.00,0.00,30.1,344,11.61,2.27
2018-03-05,5.7,-1.7,-0.4,-8.0,0.00,0.00,30.8,349,12.01,1.96
2018-03-06,6.6,-2.0,3.1,-5.8,0.20,0.00,18.5,107,14.85,1.83
2018-03-07,3.1,0.8,-1.5,-6.7,34.20,19.60,41.2,27,3.31,0.39
2018-03-08,4.6,-1.5,-0.1,-6.4,0.00,0.00,24.4,293,15.16,1.71
2018-03-09,5.7,-3.7,-1.1,-9.2,0.00,0.00,31.2,266,13.70,1.87
2018-03-10,5.1,-2.7,-1.5,-8.4,0.00,0.00,29.5,275,13.03,1.96
2018-03-11,6.6,-3.3,2.5,-8.0,0.00,0.00,20.2,307,18.59,2.16
2018-03-12,6.5,-3.0,1.6,-7.5,1.10,0.00,19.1,38,10.38,1.43
2018-03-13,5.5,-0.4,-1.6,-6.3,8.20,5.11,32.4,326,9.57,1.51
2018-03-14,5.1,-3.3,-1.5,-9.4,1.40,0.98,29.1,263,17.33,2.04
2018-03-15,7.4,-1.6,0.6,-7.9,0.00,0.00,29.1,274,15.01,2.36
2018-03-16,3.5,-2.2,-4.4,-7.5,0.00,0.00,37.8,298,14.79,1.98
2018-03-17,9.5,-4.2,3.6,-9.7,0.00,0.00,28.3,285,19.88,2.80
2018-03-18,5.5,-5.1,-0.1,-9.9,0.00,0.00,23.6,329,20.68,2.30
2018-03-19,7.3,-2.6,3.0,-7.1,0.00,0.00,16.1,351,20.52,2.50
2018-03-20,2.4,-3.6,-3.0,-8.9,0.50,0.35,19.6,41,7.14,1.47
2018-03-21,2.7,0.3,-3.6,-6.1,24.10,16.87,27.7,21,3.00,1.12
2018-03-22,6.2,0.0,2.2,-6.4,3.10,2.17,26.7,328,20.69,2.25
2018-03-23,6.9,-2.6,4.4,-7.2,0.00,0.00,19.6,324,17.45,2.19
2018-03-24,9.1,-2.0,4.6,-7.3,0.00,0.00,21.4,328,18.41,2.83
2018-03-25,7.5,-1.6,3.1,-7.1,0.40,0.14,24.8,39,16.39,2.08
2018-03-26,8.2,-2.1,5.2,-6.3,0.00,0.00,19.3,72,22.11,2.45
2018-03-27,5.6,-3.2,2.1,-7.0,0.20,0.00,10.9,130,13.27,1.67
2018-03-28,9.1,2.7,6.6,-0.4,3.70,0.00,12.4,226,6.93,1.01
2018-03-29,12.0,7.0,9.6,5.3,1.50,0.00,14.5,143,8.23,1.16
2018-03-30,16.7,6.0,15.3,0.6,3.90,0.00,25.1,281,5.63,1.40
2018-03-31,11.7,1.0,9.3,-3.3,0.00,0.00,27.8,227,23.27,3.65
2018-04-01,14.3,4.0,10.1,-0.3,0.00,0.00,26.1,258,12.50,2.75
2018-04-02,5.9,-1.1,3.0,-5.1,12.90,9.10,18.1,38,15.46,1.75
2018-04-03,5.7,-2.4,3.4,-6.6,8.50,0.00,16.3,104,3.21,0.48
2018-04-04,20.3,4.0,17.1,-3.1,1.40,0.00,40.0,258,11.21,2.55
2018-04-05,7.9,-0.6,0.7,-7.0,0.00,0.00,33.8,288,18.65,3.12
2018-04-06,14.3,-1.0,8.5,-4.9,2.10,0.56,30.6,199,8.79,1.79
2018-04-07,8.8,3.2,5.2,-2.2,0.10,0.00,23.0,331,17.65,2.89
2018-04-08,6.8,-1.3,1.8,-6.7,0.00,0.00,26.5,336,19.12,2.85
2018-04-09,7.5,-2.1,3.9,-6.4,0.00,0.00,23.7,231,21.24,2.64
2018-04-10,9.1,1.9,3.8,-2.3,1.40,0.00,18.4,297,12.10,2.00
2018-04-11,8.8,-1.7,5.1,-5.4,0.10,0.00,17.9,185,18.04,2.38
2018-04-12,13.7,3.9,11.3,-0.4,0.30,0.00,26.9,187,16.70,2.81
2018-04-13,26.1,13.0,23.8,9.3,0.30,0.00,27.1,223,21.14,5.61
2018-04-14,24.5,8.4,25.8,3.6,0.00,0.00,25.9,127,23.49,4.82
2018-04-15,7.1,2.9,2.4,-3.4,5.90,0.00,31.7,64,4.67,1.33
2018-04-16,16.2,3.5,11.8,-1.5,45.70,0.00,50.2,113,13.16,1.95
2018-04-17,9.0,3.0,3.0,-1.3,0.20,0.00,28.4,268,11.37,2.19
2018-04-18,12.5,0.9,8.0,-4.4,0.00,0.00,23.8,263,23.47,3.31
2018-04-19,7.8,3.4,5.2,-2.2,6.90,0.00,26.2,325,6.67,1.33
2018-04-20,11.3,0.7,6.0,-4.9,0.00,0.00,27.3,312,24.12,3.48
2018-04-21,15.4,1.6,11.3,-2.8,0.00,0.00,19.7,312,26.24,4.12
2018-04-22,17.3,2.2,15.3,-1.4,0.00,0.00,20.9,295,26.68,4.43
2018-04-23,16.8,3.6,15.8,0.3,0.00,0.00,19.5,119,26.94,3.91
2018-04-24,15.3,5.6,12.6,2.4,2.20,0.00,23.7,140,23.51,3.52
2018-04-25,14.8,9.9,13.7,7.2,20.20,0.00,21.4,104,4.64,0.76
2018-04-26,20.6,10.2,17.1,8.0,1.20,0.00,24.2,287,25.44,4.09
2018-04-27,13.0,8.3,11.6,6.2,4.00,0.00,18.8,51,6.15,1.15
2018-04-28,18.0,6.9,17.2,5.0,3.00,0.00,22.7,170,19.09,2.50
2018-04-29,15.0,7.9,10.8,3.7,1.70,0.00,28.9,311,19.77,3.21
2018-04-30,10.4,5.9,6.3,0.9,1.00,0.00,31.9,298,12.25,2.33
2018-05-01,24.0,5.7,21.5,2.3,0.00,0.00,18.7,275,27.44,5.38
2018-05-02,28.3,12.4,26.4,9.0,0.00,0.00,23.7,241,27.09,6.92
2018-05-03,30.9,15.7,30.7,13.7,0.00,0.00,26.0,236,24.40,6.14
2018-05-04,28.3,15.9,29.6,17.2,0.00,0.00,30.1,210,18.81,4.47
2018-05-05,23.3,14.2,20.7,10.6,0.00,0.00,26.1,281,18.68,5.00
2018-05-06,17.8,12.6,15.1,12.2,0.80,0.00,23.2,51,9.14,2.13
2018-05-07,21.9,11.1,21.5,10.2,0.10,0.00,14.3,46,20.86,3.65
2018-05-08,20.6,9.7,22.1,8.8,0.00,0.00,15.1,136,25.19,3.95
2018-05-09,21.3,9.3,22.8,8.0,0.00,0.00,18.8,144,26.21,4.23
2018-05-10,19.2,10.2,19.7,9.2,2.00,0.00,22.9,157,19.67,2.81
2018-05-11,21.2,14.6,19.0,12.2,0.00,0.00,18.4,322,26.99,5.03
2018-05-12,16.7,10.8,15.7,7.5,8.20,0.00,19.3,59,9.55,1.96
2018-05-13,12.8,10.9,11.0,8.5,6.30,0.00,18.0,67,4.41,0.95
2018-05-14,18.9,10.9,19.0,10.1,5.10,0.00,16.1,172,12.88,2.14
2018-05-15,30.3,14.8,32.4,14.5,2.90,0.00,26.8,229,22.96,4.65
2018-05-16,18.2,14.1,18.3,13.7,11.30,0.00,17.4,58,6.15,1.26
2018-05-17,20.5,13.0,22.3,12.0,16.10,0.00,14.0,17,5.35,1.10
2018-05-18,17.0,12.6,17.3,8.8,0.00,0.00,28.0,61,10.44,2.88
2018-05-19,14.8,10.8,15.3,8.1,16.70,0.00,20.6,77,2.66,0.85
2018-05-20,27.1,15.2,28.0,15.7,2.60,0.00,27.2,246,17.68,3.50
2018-05-21,23.6,12.7,26.0,11.9,0.00,0.00,15.5,282,28.48,5.11
2018-05-22,19.6,13.0,19.1,12.4,4.60,0.00,16.6,165,8.45,1.71
2018-05-23,26.0,12.6,26.0,12.6,4.70,0.00,17.5,309,22.79,4.44
2018-05-24,26.1,16.2,27.8,14.2,0.00,0.00,18.1,295,29.06,6.13
2018-05-25,29.1,16.1,28.5,14.3,0.00,0.00,22.0,238,28.66,6.62
2018-05-26,30.0,19.7,33.5,20.6,3.90,0.00,20.0,234,24.08,5.04
2018-05-27,21.7,13.5,23.6,11.3,16.90,0.00,29.2,57,3.22,0.89
2018-05-28,20.5,13.3,20.6,11.4,0.00,0.00,17.4,129,14.61,2.62
2018-05-29,29.5,16.8,34.9,16.6,0.00,0.00,13.7,218,25.26,4.98
2018-05-30,22.9,14.6,24.2,14.2,0.00,0.00,19.6,116,20.30,3.25
2018-05-31,19.5,16.1,20.4,16.4,3.50,0.00,16.1,121,5.49,1.25
2018-06-01,25.9,17.6,29.9,18.5,7.60,0.00,12.1,130,13.79,2.62
2018-06-02,28.3,18.9,32.5,20.9,2.40,0.00,18.4,14,18.32,3.70
2018-06-03,19.8,12.0,20.9,9.7,10.10,0.00,24.5,96,13.77,2.70
2018-06-04,21.0,11.7,21.7,9.4,6.90,0.00,18.6,42,15.51,2.62
2018-06-05,22.6,12.3,21.1,11.2,0.40,0.00,26.3,281,23.07,4.42
2018-06-06,20.2,13.7,20.8,12.9,0.60,0.00,16.3,138,17.10,3.16
2018-06-07,19.1,14.0,18.0,14.0,0.20,0.00,19.1,166,18.65,3.08
2018-06-08,26.2,13.5,28.2,13.0,0.50,0.00,15.0,238,23.61,4.58
2018-06-09,26.2,17.4,28.3,18.0,0.50,0.00,14.1,5,25.26,4.95
2018-06-10,19.9,15.1,20.8,15.6,3.70,0.00,14.3,78,7.83,1.90
2018-06-11,20.5,13.8,21.8,13.2,1.70,0.00,19.0,116,22.92,3.97
2018-06-12,20.9,11.5,21.4,10.6,0.00,0.00,26.8,183,29.65,4.89
2018-06-13,23.8,15.6,25.7,14.3,2.00,0.00,20.5,215,9.84,2.18
2018-06-14,27.1,18.4,25.2,17.3,0.10,0.00,26.4,283,29.17,6.46
2018-06-15,25.1,15.5,22.9,14.2,0.00,0.00,22.0,355,21.63,4.55
2018-06-16,28.0,14.3,29.2,14.1,0.00,0.00,12.3,276,29.01,5.77
2018-06-17,29.7,16.3,31.8,17.1,0.00,0.00,18.7,193,29.07,6.09
2018-06-18,32.0,19.8,34.9,20.6,0.50,0.00,21.2,221,24.88,5.95
2018-06-19,30.7,20.7,33.3,22.0,4.00,0.00,21.8,314,25.43,5.90
2018-06-20,25.6,18.5,26.0,18.9,0.40,0.00,19.5,107,23.91,4.90
2018-06-21,28.4,19.9,30.1,21.6,9.00,0.00,17.0,18,21.59,4.35
2018-06-22,23.1,18.3,24.7,18.2,0.00,0.00,20.2,103,19.27,3.57
2018-06-23,21.9,15.8,24.1,14.9,11.00,0.00,18.3,69,10.43,2.16
2018-06-24,27.3,17.3,30.0,19.0,4.30,0.00,23.9,216,19.94,3.94
2018-06-25,26.4,17.7,25.4,18.1,0.00,0.00,24.9,328,28.34,5.68
2018-06-26,22.8,15.8,24.2,14.1,0.00,0.00,22.0,137,26.23,4.87
2018-06-27,22.9,16.8,23.3,17.6,6.50,0.00,25.8,176,9.51,2.44
2018-06-28,28.4,20.4,32.1,21.5,17.60,0.00,21.9,206,17.99,3.50
2018-06-29,31.7,19.8,33.7,21.1,0.00,0.00,15.8,309,27.58,6.07
2018-06-30,31.7,19.1,34.3,19.7,0.00,0.00,18.2,213,28.63,6.28
2018-07-01,33.2,22.1,38.3,24.9,0.00,0.00,13.6,229,24.57,5.50
2018-07-02,32.8,21.9,37.9,25.0,0.00,0.00,21.2,172,28.42,5.92
2018-07-03,31.4,23.2,38.4,27.5,0.60,0.00,13.0,142,19.49,4.08
2018-07-04,29.2,23.9,34.6,28.0,10.40,0.00,11.2,165,12.86,2.72
2018-07-05,29.4,23.5,33.7,28.1,0.10,0.00,22.0,187,22.57,4.47
2018-07-06,26.2,21.5,29.9,19.7,6.10,0.00,21.2,261,9.07,2.70
2018-07-07,24.2,16.7,25.0,14.6,0.00,0.00,21.5,50,29.73,6.11
2018-07-08,26.1,15.2,29.2,15.2,0.00,0.00,17.8,173,29.15,5.63
2018-07-09,28.9,16.9,30.8,17.6,0.00,0.00,23.9,196,28.90,5.85
2018-07-10,31.6,19.1,34.1,19.6,0.90,0.00,25.4,213,28.23,6.34
2018-07-11,28.9,20.6,29.5,22.1,1.40,0.00,18.7,22,23.80,5.19
2018-07-12,27.7,19.9,29.5,20.9,0.00,0.00,18.0,150,24.04,5.07
2018-07-13,26.7,18.3,28.4,19.7,0.00,0.00,22.3,179,24.91,5.25
2018-07-14,31.5,19.5,33.1,19.8,0.00,0.00,28.5,210,24.80,6.43
2018-07-15,28.8,20.6,32.0,22.6,10.70,0.00,15.5,232,14.39,3.33
2018-07-16,31.2,22.3,35.8,25.7,0.40,0.00,24.2,201,23.61,5.06
2018-07-17,30.4,23.0,34.0,26.6,37.90,0.00,20.5,214,13.96,3.02
2018-07-18,29.4,19.1,29.1,18.8,0.00,0.00,20.5,348,25.87,5.94
2018-07-19,26.5,17.8,28.6,17.1,0.00,0.00,15.5,78,28.56,5.94
2018-07-20,26.1,17.9,28.1,19.2,0.00,0.00,21.5,162,27.10,5.25
2018-07-21,24.5,18.5,23.6,18.5,11.60,0.00,29.2,97,22.06,4.55
2018-07-22,26.9,20.7,28.6,19.6,23.00,0.00,34.4,141,19.49,3.67
2018-07-23,25.9,22.4,27.7,23.9,15.10,0.00,27.4,147,10.14,2.04
2018-07-24,26.8,22.7,28.6,24.4,8.20,0.00,33.0,154,19.41,3.52
2018-07-25,24.3,22.0,27.0,24.1,25.60,0.00,24.5,164,5.73,1.25
2018-07-26,29.2,21.7,32.0,24.4,1.80,0.00,13.1,229,17.02,3.54
2018-07-27,29.1,20.9,33.1,24.1,4.00,0.00,19.9,201,20.61,4.12
2018-07-28,28.3,21.3,32.7,24.7,2.50,0.00,18.7,221,20.79,4.10
2018-07-29,27.9,19.8,29.5,20.7,0.00,0.00,14.6,315,22.90,4.83
2018-07-30,26.2,19.2,27.8,20.9,0.90,0.00,13.2,132,12.69,2.81
2018-07-31,25.7,19.4,28.1,21.6,0.00,0.00,16.4,131,23.55,4.50
2018-08-01,29.1,22.6,32.4,25.6,7.00,0.00,23.7,186,16.38,3.36
2018-08-02,28.7,23.6,32.7,27.4,5.90,0.00,19.9,223,18.70,3.86
2018-08-03,28.7,22.9,32.7,27.1,5.10,0.00,24.5,203,19.08,3.74
2018-08-04,30.1,22.2,32.5,25.4,29.60,0.00,15.8,263,15.26,3.33
2018-08-05,32.2,21.4,36.2,24.8,0.00,0.00,17.7,242,24.31,5.15
2018-08-06,32.7,22.7,37.0,26.2,0.00,0.00,14.5,227,23.52,5.32
2018-08-07,30.5,23.8,35.5,26.6,1.70,0.00,24.3,214,19.97,4.19
2018-08-08,30.4,22.6,37.1,26.7,7.10,0.00,15.0,224,19.94,4.08
2018-08-09,29.9,23.4,32.3,26.5,1.70,0.00,15.8,295,21.95,4.72
2018-08-10,30.2,20.2,32.8,22.5,0.20,0.00,15.7,238,23.08,4.91
2018-08-11,25.3,22.4,29.6,26.3,12.50,0.00,13.7,114,7.73,1.60
2018-08-12,26.5,21.7,29.2,23.8,9.90,0.00,16.5,41,16.07,3.01
2018-08-13,24.7,21.3,28.7,24.0,18.00,0.00,17.3,45,6.93,1.32
2018-08-14,26.7,19.5,29.5,22.2,3.40,0.00,23.7,242,18.10,3.43
2018-08-15,30.7,20.7,32.4,22.0,0.10,0.00,18.2,279,23.71,5.27
2018-08-16,32.0,22.0,35.0,25.2,0.00,0.00,15.2,270,23.92,5.34
2018-08-17,28.7,23.0,33.3,26.4,5.90,0.00,19.3,210,13.62,3.03
2018-08-18,29.1,21.7,32.3,22.8,13.20,0.00,20.9,264,15.27,3.24
2018-08-19,21.8,20.5,24.6,21.4,20.30,0.00,20.6,31,7.50,1.59
2018-08-20,23.6,18.2,24.9,19.0,1.20,0.00,18.2,49,12.00,2.41
2018-08-21,23.6,19.1,24.0,20.3,3.20,0.00,21.7,118,13.86,2.80
2018-08-22,28.2,21.7,29.4,22.1,11.30,0.00,19.2,252,19.00,4.11
2018-08-23,24.4,18.7,23.9,17.9,1.00,0.00,18.6,323,21.54,4.62
2018-08-24,27.2,15.7,28.5,15.9,0.00,0.00,18.0,202,23.75,4.66
2018-08-25,24.9,17.5,26.4,18.5,0.00,0.00,15.3,171,20.49,4.01
2018-08-26,28.5,17.2,30.7,18.3,0.20,0.00,17.7,215,20.90,4.19
2018-08-27,30.2,20.9,34.9,23.8,0.00,0.00,16.5,216,20.91,4.33
2018-08-28,34.3,23.5,38.3,28.0,0.00,0.00,16.8,239,21.22,5.19
2018-08-29,33.8,24.5,37.1,28.7,0.00,0.00,20.9,239,20.64,5.23
2018-08-30,31.0,24.7,33.3,27.6,0.20,0.00,16.3,326,20.43,4.84
2018-08-31,24.5,20.5,26.1,22.1,2.20,0.00,24.6,92,8.88,2.44
2018-09-01,24.8,19.6,26.3,21.2,2.20,0.00,19.8,112,17.39,3.41
2018-09-02,25.9,18.6,29.8,20.6,0.00,0.00,19.2,154,19.52,3.62
2018-09-03,30.3,22.9,35.3,26.7,0.20,0.00,16.6,211,16.89,3.45
2018-09-04,31.7,24.0,36.5,27.9,0.00,0.00,10.2,324,19.98,4.24
2018-09-05,29.4,24.1,34.3,28.6,0.00,0.00,18.9,159,18.44,3.80
2018-09-06,32.5,23.7,37.6,27.7,2.60,0.00,19.3,216,16.72,3.74
2018-09-07,24.8,20.7,29.3,23.4,6.00,0.00,16.2,41,6.39,1.50
2018-09-08,21.1,15.7,23.5,15.0,7.40,0.00,19.3,18,5.43,1.61
2018-09-09,17.0,13.4,16.7,11.1,20.10,0.00,21.5,43,3.82,1.12
2018-09-10,17.7,14.2,17.2,12.3,26.60,0.00,25.9,56,3.57,0.83
2018-09-11,25.1,17.5,28.9,17.6,11.10,0.00,17.7,7,9.20,1.82
2018-09-12,25.7,20.3,30.3,23.6,13.40,0.00,12.6,95,8.10,1.63
2018-09-13,24.9,20.8,27.0,22.8,38.50,0.00,17.2,52,10.25,2.03
2018-09-14,24.3,20.1,26.1,21.7,1.00,0.00,15.0,90,8.03,1.88
2018-09-15,24.8,18.4,27.6,20.6,0.20,0.00,10.0,123,13.29,2.48
2018-09-16,27.0,18.3,31.9,21.0,0.00,0.00,14.7,174,18.20,3.39
2018-09-17,24.5,19.4,26.6,21.9,4.30,0.00,19.4,160,8.94,1.74
2018-09-18,25.2,20.5,30.1,23.1,27.70,0.00,21.6,222,5.41,1.21
2018-09-19,27.2,19.0,27.7,20.6,0.80,0.00,17.3,15,16.56,3.31
2018-09-20,20.9,18.1,21.8,18.5,3.50,0.00,12.6,118,8.42,1.85
2018-09-21,23.5,19.6,22.4,19.9,0.00,0.00,24.9,179,7.73,2.31
2018-09-22,22.3,16.7,23.7,15.9,4.20,0.00,24.9,324,14.62,3.27
2018-09-23,18.7,15.0,19.4,13.6,3.10,0.00,13.4,34,4.98,1.34
2018-09-24,20.1,14.5,18.0,12.7,0.20,0.00,25.3,68,12.77,2.74
2018-09-25,21.7,14.2,23.9,12.6,52.90,0.00,30.7,122,2.55,0.74
2018-09-26,26.6,20.5,28.8,22.3,10.30,0.00,23.0,196,12.74,2.35
2018-09-27,21.6,15.3,22.3,13.6,4.00,0.00,23.7,13,14.77,3.12
2018-09-28,19.6,14.2,19.9,11.4,37.60,0.00,32.8,27,11.32,1.89
2018-09-29,22.5,13.8,22.9,13.5,0.00,0.00,14.6,305,16.51,3.04
2018-09-30,20.2,12.5,20.0,11.2,0.00,0.00,14.1,148,17.76,2.99
2018-10-01,25.1,15.4,26.8,16.2,0.40,0.00,20.7,221,11.84,2.26
2018-10-02,25.2,17.2,26.4,18.4,27.40,0.00,16.6,186,10.49,2.05
2018-10-03,24.6,17.2,24.6,18.3,0.10,0.00,19.9,289,15.13,2.88
2018-10-04,25.9,15.7,27.8,16.7,1.70,0.00,19.0,221,13.49,2.43
2018-10-05,20.5,14.3,20.8,12.2,0.00,0.00,21.6,18,14.28,2.59
2018-10-06,20.0,17.7,20.1,18.4,0.70,0.00,19.2,167,5.13,1.29
2018-10-07,26.7,19.3,29.6,19.9,0.10,0.00,17.6,237,7.44,1.73
2018-10-08,20.2,18.0,21.6,18.2,0.70,0.00,19.8,74,4.16,1.09
2018-10-09,25.3,19.3,27.6,21.2,0.60,0.00,16.1,188,8.28,1.67
2018-10-10,25.5,20.7,27.2,23.3,0.60,0.00,16.7,196,9.91,1.85
2018-10-11,25.5,20.9,27.0,23.0,11.80,0.00,29.8,199,4.69,1.02
2018-10-12,21.0,10.9,24.0,8.6,7.20,0.00,34.7,327,15.75,3.00
2018-10-13,13.8,8.8,9.9,5.5,3.70,0.00,22.1,289,6.16,1.52
2018-10-14,14.5,7.0,11.5,4.6,0.00,0.00,14.6,250,10.99,1.93
2018-10-15,20.1,9.5,18.6,7.7,6.10,0.00,28.7,214,4.63,1.09
2018-10-16,18.2,8.4,16.2,3.7,1.70,0.00,28.7,291,13.87,2.87
2018-10-17,16.4,7.8,10.9,4.1,0.10,0.00,31.7,265,14.68,3.05
2018-10-18,9.9,5.0,4.3,0.5,0.00,0.00,24.7,302,15.46,2.65
2018-10-19,14.7,4.4,10.3,1.0,0.40,0.00,21.0,232,14.15,2.44
2018-10-20,17.2,9.2,14.2,7.4,2.60,0.00,23.9,243,9.43,1.96
2018-10-21,9.7,4.3,7.9,-0.7,0.40,0.00,34.6,319,9.87,2.05
2018-10-22,10.7,3.5,6.4,-0.6,0.00,0.00,17.9,238,10.51,1.82
2018-10-23,17.0,6.8,13.5,4.5,0.20,0.00,20.2,254,11.44,2.30
2018-10-24,13.2,6.2,6.7,1.5,0.00,0.00,31.0,311,12.38,2.70
2018-10-25,10.6,4.0,5.8,-0.2,0.00,0.00,19.6,314,13.13,2.06
2018-10-26,10.3,2.5,8.4,-0.6,0.00,0.00,17.8,36,11.70,1.67
2018-10-27,11.8,6.3,7.1,1.0,44.80,0.00,37.7,36,2.53,0.50
2018-10-28,11.8,7.0,8.9,4.0,1.30,0.00,18.0,249,7.59,1.20
2018-10-29,14.0,8.0,9.4,4.3,2.10,0.00,24.5,254,8.49,1.61
2018-10-30,12.7,4.9,8.0,1.0,0.00,0.00,21.9,290,13.19,2.16
2018-10-31,17.3,4.9,14.3,1.9,0.00,0.00,22.3,196,12.49,2.07
2018-11-01,20.3,11.0,20.5,9.9,0.10,0.00,24.1,206,9.89,1.93
2018-11-02,21.2,17.0,21.2,16.4,9.00,0.00,30.8,200,4.28,1.55
2018-11-03,18.2,8.3,18.3,4.9,8.10,0.00,36.4,248,9.07,2.02
2018-11-04,11.6,4.4,9.6,1.4,0.00,0.00,10.5,295,12.51,1.73
2018-11-05,11.8,6.9,8.7,4.4,5.90,0.00,22.1,73,1.87,0.71
2018-11-06,16.9,9.5,15.3,7.3,14.00,0.00,26.9,205,2.25,0.46
2018-11-07,17.0,8.4,12.7,5.8,0.00,0.00,23.4,243,11.77,2.56
2018-11-08,12.9,6.4,9.3,2.4,0.00,0.00,18.3,321,11.50,2.19
2018-11-09,10.3,4.2,7.1,0.5,14.50,0.00,21.9,57,2.36,0.80
2018-11-10,10.3,1.3,8.3,-3.9,1.10,0.00,34.1,285,9.91,1.82
2018-11-11,7.8,0.0,3.3,-4.1,0.00,0.00,17.4,287,11.62,1.61
2018-11-12,8.7,0.2,5.0,-3.2,0.10,0.00,12.0,206,9.93,1.27
2018-11-13,10.8,6.1,9.6,0.5,19.20,0.00,26.7,332,2.78,0.83
2018-11-14,5.9,0.4,0.7,-4.8,0.00,0.00,28.0,317,10.57,2.17
2018-11-15,3.1,-1.3,-2.9,-7.1,21.10,10.57,35.0,54,2.05,0.84
2018-11-16,6.2,2.0,1.6,-5.9,11.00,1.26,42.9,335,9.47,1.16
2018-11-17,8.7,1.0,3.8,-3.8,0.00,0.00,21.0,264,9.15,1.39
2018-11-18,5.9,1.5,2.9,-2.5,1.10,0.56,12.5,349,4.54,0.78
2018-11-19,11.7,2.9,9.9,0.0,0.00,0.00,10.3,269,7.73,0.99
2018-11-20,8.4,3.4,4.0,-0.8,0.60,0.00,24.2,321,5.95,1.02
2018-11-21,7.7,-1.2,1.0,-8.4,0.20,0.00,30.2,273,8.16,1.64
2018-11-22,-2.7,-7.1,-10.2,-14.0,0.00,0.00,28.4,325,10.74,1.57
2018-11-23,-0.5,-8.1,-5.1,-14.2,0.00,0.00,19.3,300,10.56,1.18
2018-11-24,8.1,-2.8,5.1,-6.7,9.10,0.00,20.1,62,4.97,0.73
2018-11-25,12.6,4.5,10.1,0.0,28.10,0.00,35.0,342,7.78,1.14
2018-11-26,11.0,3.4,6.7,0.7,27.80,0.00,34.8,89,2.24,0.63
2018-11-27,7.5,2.9,3.6,-2.9,1.60,0.00,32.8,274,5.80,1.38
2018-11-28,5.3,1.7,-1.5,-4.5,0.00,0.00,37.4,285,5.10,1.76
2018-11-29,6.6,2.8,0.1,-2.0,0.00,0.00,31.7,307,7.21,1.72
2018-11-30,5.0,-0.2,2.1,-3.6,1.80,0.28,12.0,275,3.81,0.56
2018-12-01,6.6,-1.0,3.8,-4.6,2.80,0.00,10.8,39,8.57,0.91
2018-12-02,14.7,5.1,14.7,2.0,16.90,0.00,19.2,137,1.61,0.32
2018-12-03,12.9,6.7,10.3,2.4,0.00,0.00,26.8,264,7.46,1.60
2018-12-04,6.3,-1.4,1.8,-5.5,0.00,0.00,24.1,322,8.05,1.53
2018-12-05,2.3,-4.0,-1.9,-7.8,0.00,0.00,16.0,11,6.37,0.79
2018-12-06,4.3,-3.1,-1.7,-7.7,0.00,0.00,22.5,258,8.20,1.29
2018-12-07,2.9,-4.5,-3.1,-8.7,0.00,0.00,23.2,288,9.15,1.35
2018-12-08,1.9,-5.0,-3.0,-8.9,0.00,0.00,19.8,281,6.54,0.90
2018-12-09,1.6,-4.3,-3.0,-8.3,0.00,0.00,11.8,263,6.36,0.78
2018-12-10,3.9,-3.7,-1.2,-7.9,0.00,0.00,17.8,8,9.00,1.11
2018-12-11,3.5,-4.0,-0.6,-7.9,0.00,0.00,18.8,320,8.75,0.90
2018-12-12,5.3,-1.8,0.5,-6.6,0.00,0.00,17.1,302,5.92,1.04
2018-12-13,5.0,-1.7,1.5,-6.2,1.00,0.21,21.9,62,2.27,0.51
2018-12-14,10.0,2.8,6.8,-0.4,1.10,0.00,17.3,118,4.11,0.61
2018-12-15,9.6,5.9,6.4,3.2,4.80,0.00,22.9,26,1.66,0.50
2018-12-16,7.6,1.8,2.3,-3.4,21.30,0.56,30.2,35,1.30,0.53
2018-12-17,7.9,2.0,2.4,-3.1,1.60,0.14,30.0,303,5.75,1.19
2018-12-18,3.2,-2.8,-2.5,-8.3,0.00,0.00,29.3,314,8.92,1.63
2018-12-19,4.9,-4.9,0.0,-9.0,0.00,0.00,14.5,251,8.30,1.02
2018-12-20,9.9,-2.3,7.2,-6.3,6.90,0.00,17.8,124,6.27,0.73
2018-12-21,14.3,10.2,12.3,6.9,43.20,0.00,38.0,152,1.39,0.37
2018-12-22,10.5,4.1,8.2,-1.5,3.00,0.00,33.0,278,5.10,1.28
2018-12-23,6.2,0.1,2.1,-4.0,0.00,0.00,22.5,290,8.36,1.30
2018-12-24,7.0,0.8,2.0,-3.6,2.40,1.19,19.8,280,4.76,0.97
2018-12-25,4.9,-1.4,-0.5,-6.4,0.00,0.00,19.8,295,6.88,1.23
2018-12-26,6.1,-2.9,1.4,-6.7,0.00,0.00,19.0,283,6.50,0.96
2018-12-27,4.2,0.3,0.8,-4.0,0.00,0.00,15.3,10,8.19,0.99
2018-12-28,13.4,4.9,12.2,0.2,28.70,0.00,27.7,181,0.88,0.39
2018-12-29,12.6,2.2,11.1,-1.3,0.10,0.00,27.2,285,8.20,1.47
2018-12-30,5.4,-0.5,1.7,-4.6,0.40,0.28,13.9,332,4.63,0.78
2018-12-31,7.3,-0.8,3.1,-3.9,19.10,0.00,26.3,155,3.84,0.53
2019-01-01,14.5,4.4,10.7,-0.1,7.50,0.00,35.6,278,6.53,1.55
2019-01-02,3.9,-0.3,0.7,-4.6,0.00,0.00,16.0,10,6.20,1.03
2019-01-03,7.2,0.4,2.3,-3.2,0.00,0.00,25.7,273,7.29,1.20
2019-01-04,8.1,-1.2,3.7,-5.2,0.00,0.00,20.4,231,7.21,1.00
2019-01-05,6.8,3.9,3.8,-0.3,20.00,0.00,23.8,10,1.50,0.27
2019-01-06,9.1,0.3,3.6,-5.5,0.20,0.00,31.3,302,7.52,1.52
2019-01-07,0.4,-5.2,-4.0,-10.3,0.20,0.07,19.1,346,7.15,1.14
2019-01-08,8.1,0.2,5.2,-5.0,0.30,0.00,15.4,190,3.90,0.63
2019-01-09,7.1,0.9,2.3,-5.7,3.00,0.00,35.3,279,6.57,1.71
2019-01-10,1.0,-2.0,-6.3,-9.3,0.00,0.00,36.7,301,5.75,1.60
2019-01-11,-1.1,-5.7,-8.7,-12.3,0.00,0.00,28.3,314,9.71,1.52
2019-01-12,2.3,-6.3,-2.2,-11.6,0.00,0.00,11.8,319,9.40,1.17
2019-01-13,0.2,-3.9,-5.5,-9.4,0.80,0.56,16.9,32,8.79,1.26
2019-01-14,1.1,-6.1,-4.0,-12.4,0.00,0.00,21.5,7,9.92,1.24
2019-01-15,3.7,-4.9,-1.0,-9.2,0.00,0.00,10.4,320,9.25,1.10
2019-01-16,4.6,-4.2,-1.5,-8.6,0.00,0.00,22.8,259,8.25,1.18
2019-01-17,0.2,-5.4,-4.4,-10.0,0.00,0.00,18.6,349,8.58,1.08
2019-01-18,3.5,-1.8,0.5,-6.5,1.50,1.05,11.9,3,5.60,0.69
2019-01-19,3.3,-3.0,-1.5,-7.2,3.00,0.91,20.4,72,6.06,0.80
2019-01-20,9.6,-10.7,8.0,-18.7,30.90,1.54,33.8,357,3.29,0.55
2019-01-21,-11.1,-15.8,-18.6,-23.7,0.00,0.00,35.9,298,10.53,0.78
2019-01-22,-1.7,-11.5,-6.0,-18.0,0.00,0.00,21.8,298,11.31,1.06
2019-01-23,7.6,-2.9,3.7,-8.8,0.00,0.00,22.9,203,5.17,1.22
2019-01-24,12.5,1.4,9.5,-5.1,33.10,0.00,44.4,210,0.75,0.52
2019-01-25,3.0,-3.4,-3.9,-8.6,0.00,0.00,35.0,266,8.69,1.47
2019-01-26,1.3,-6.4,-4.0,-10.9,0.00,0.00,13.4,230,10.19,1.17
2019-01-27,9.3,-2.8,3.0,-7.0,0.00,0.00,29.2,191,10.57,1.68
2019-01-28,2.2,-5.5,-2.3,-9.8,0.00,0.00,19.1,353,9.69,1.24
2019-01-29,4.5,-6.1,-0.4,-10.3,5.10,0.21,23.4,141,2.52,0.54
2019-01-30,0.6,-14.0,-3.9,-22.0,0.60,0.35,39.8,270,11.08,1.43
2019-01-31,-8.3,-16.5,-15.3,-23.4,0.00,0.00,25.4,271,12.90,1.12
2019-02-01,-4.9,-11.8,-9.8,-17.4,0.00,0.00,13.5,274,7.97,0.96
2019-02-02,2.4,-9.5,-4.1,-13.9,0.00,0.00,23.8,241,11.61,1.31
2019-02-03,10.1,-3.7,6.4,-7.4,0.00,0.00,18.3,219,11.74,1.43
2019-02-04,11.7,-2.1,9.1,-6.0,0.00,0.00,14.4,206,12.12,1.42
2019-02-05,17.7,0.5,15.8,-3.0,0.00,0.00,13.8,255,9.94,1.50
2019-02-06,6.9,-1.2,2.9,-5.9,6.50,0.00,17.7,70,10.37,1.20
2019-02-07,8.0,2.5,5.4,-1.1,7.00,0.00,16.9,39,5.82,0.72
2019-02-08,11.2,0.3,5.9,-8.1,8.30,0.00,33.8,262,6.09,1.55
2019-02-09,0.8,-5.0,-6.6,-12.1,0.00,0.00,32.8,305,13.88,1.92
2019-02-10,3.0,-6.3,-2.2,-10.7,0.00,0.00,13.4,272,12.80,1.45
2019-02-11,3.0,-1.9,-1.3,-5.9,0.40,0.28,11.0,13,7.50,1.02
2019-02-12,0.8,-3.1,-4.0,-9.1,16.90,3.85,25.4,61,1.95,0.67
2019-02-13,5.8,-1.4,-1.4,-7.2,2.70,0.00,34.0,273,9.68,1.57
2019-02-14,7.2,-2.8,2.1,-8.1,0.00,0.00,19.5,247,14.16,1.79
2019-02-15,13.2,3.1,8.7,-1.1,0.20,0.00,25.0,195,5.76,1.71
2019-02-16,8.3,-1.8,3.5,-6.5,0.00,0.00,23.8,323,14.69,2.07
2019-02-17,2.1,-5.3,-1.5,-10.1,0.50,0.00,15.5,48,13.90,1.48
2019-02-18,6.9,-2.9,1.1,-9.2,4.90,0.70,30.5,314,6.08,1.08
2019-02-19,2.6,-5.4,-2.8,-10.7,0.00,0.00,19.6,315,15.32,1.63
2019-02-20,-0.7,-4.0,-4.7,-8.3,9.80,5.74,16.1,77,2.66,0.56
2019-02-21,11.6,-0.5,6.9,-4.9,8.90,0.14,19.8,291,14.89,1.80
2019-02-22,7.2,0.6,2.2,-3.9,0.00,0.00,18.2,322,11.63,1.82
2019-02-23,4.5,-2.4,0.5,-6.6,1.10,0.00,12.9,65,10.01,1.23
2019-02-24,9.8,2.0,6.8,-1.5,20.90,0.00,40.1,230,4.66,0.98
2019-02-25,5.6,-2.0,-2.7,-9.6,0.00,0.00,45.7,279,12.49,2.83
2019-02-26,3.5,-4.7,-3.4,-10.9,0.00,0.00,28.0,301,16.13,2.15
2019-02-27,-1.7,-5.4,-6.5,-11.0,0.40,0.28,19.1,72,8.52,1.20
2019-02-28,2.8,-3.7,-2.4,-8.8,0.30,0.21,27.7,358,17.09,1.70
2019-03-01,2.9,-3.6,-1.1,-8.3,2.00,1.40,13.3,54,8.46,1.09
2019-03-02,3.3,-1.0,0.2,-6.2,10.40,7.28,19.9,5,12.32,1.26
2019-03-03,5.5,-1.2,2.0,-5.1,8.60,5.67,14.4,335,12.53,1.51
2019-03-04,2.3,-4.8,-2.1,-9.4,17.90,12.53,22.2,331,17.09,1.43
2019-03-05,-1.5,-15.3,-6.5,-20.7,0.00,0.00,15.8,275,18.97,1.43
2019-03-06,-2.9,-9.7,-10.1,-15.7,0.00,0.00,27.3,287,15.69,1.44
2019-03-07,0.8,-9.2,-5.7,-14.3,0.20,0.14,27.2,273,17.34,1.60
2019-03-08,2.4,-7.1,-1.9,-11.1,0.00,0.00,15.0,177,16.01,1.52
2019-03-09,8.0,-4.2,5.8,-8.0,0.00,0.00,13.8,181,19.10,2.17
2019-03-10,9.1,1.3,7.7,-3.6,14.70,0.77,24.9,80,6.33,0.85
2019-03-11,11.0,2.3,5.7,-2.2,0.00,0.00,26.4,276,18.75,2.86
2019-03-12,5.2,-1.3,-1.3,-6.8,0.00,0.00,26.2,315,15.68,2.26
2019-03-13,6.3,-4.6,2.8,-8.5,0.00,0.00,19.1,162,17.43,2.02
2019-03-14,10.9,1.1,6.8,-2.5,0.00,0.00,22.5,160,17.05,2.28
2019-03-15,22.0,9.8,19.7,5.8,19.60,0.00,31.6,211,10.94,2.47
2019-03-16,12.9,3.3,9.7,-3.1,0.00,0.00,31.6,290,14.66,3.00
2019-03-17,5.9,-1.9,0.9,-6.5,0.00,0.00,21.5,297,16.86,2.38
2019-03-18,7.2,-3.9,2.2,-7.8,0.00,0.00,15.7,301,16.44,2.11
2019-03-19,8.4,-3.3,3.9,-7.2,0.00,0.00,15.1,282,16.07,2.15
2019-03-20,9.5,-1.8,5.9,-5.5,0.00,0.00,26.6,179,19.95,2.51
2019-03-21,9.0,2.9,4.8,-0.1,14.70,0.00,24.3,78,4.09,0.65
2019-03-22,9.5,3.9,2.4,-3.1,18.10,0.00,39.0,326,8.26,1.62
2019-03-23,8.8,-0.1,1.6,-8.2,0.40,0.21,34.5,295,18.80,3.16
2019-03-24,13.6,-1.7,8.5,-5.9,0.00,0.00,21.6,255,17.34,3.14
2019-03-25,10.0,5.4,5.9,0.9,1.20,0.00,16.3,318,7.50,2.00
2019-03-26,8.2,-2.3,2.7,-9.0,0.00,0.00,22.9,3,22.67,3.30
2019-03-27,6.0,-2.4,3.6,-7.1,0.00,0.00,16.2,82,21.72,2.64
2019-03-28,8.9,-2.2,4.8,-6.2,0.00,0.00,26.9,182,21.37,2.35
2019-03-29,12.9,5.3,11.1,1.8,0.60,0.00,14.6,213,6.78,1.32
2019-03-30,16.3,6.7,13.4,4.2,0.00,0.00,32.1,160,17.76,3.01
2019-03-31,17.9,4.5,14.8,-1.0,4.30,0.00,24.1,247,7.45,2.07
2019-04-01,7.7,-0.9,1.6,-7.4,0.00,0.00,32.3,305,22.59,3.04
2019-04-02,8.7,-1.3,4.3,-5.6,0.90,0.00,25.0,121,18.40,2.39
2019-04-03,17.1,2.3,10.2,-1.9,0.80,0.00,38.6,289,22.67,4.25
2019-04-04,14.3,2.3,9.1,-1.6,0.00,0.00,28.2,316,22.86,3.87
2019-04-05,5.6,1.8,1.2,-2.8,6.90,0.00,18.0,75,6.17,1.37
2019-04-06,19.6,3.8,17.7,0.8,0.40,0.00,14.8,334,18.56,3.00
2019-04-07,15.8,4.6,13.4,2.1,0.00,0.00,19.4,153,21.19,3.11
2019-04-08,24.8,10.0,23.3,7.7,10.00,0.00,25.2,226,14.45,3.12
2019-04-09,11.1,6.4,8.4,4.3,0.80,0.00,21.5,102,16.28,1.89
2019-04-10,14.4,4.9,9.1,1.3,0.00,0.00,26.0,319,19.11,3.38
2019-04-11,10.1,2.8,8.9,-0.9,0.00,0.00,14.9,75,17.93,2.76
2019-04-12,19.1,6.5,17.7,3.4,12.30,0.00,32.4,149,14.94,2.63
2019-04-13,23.1,14.5,23.0,12.6,12.60,0.00,21.3,209,15.83,3.08
2019-04-14,18.5,11.8,19.1,11.3,2.60,0.00,24.2,170,12.18,1.86
2019-04-15,19.0,7.4,17.3,0.4,17.20,0.00,39.6,257,15.36,3.11
2019-04-16,17.4,5.0,12.5,-0.5,0.00,0.00,29.0,283,25.30,5.01
2019-04-17,14.4,7.9,13.3,4.6,0.60,0.00,21.9,108,21.48,3.60
2019-04-18,16.4,8.7,13.8,5.2,1.70,0.00,24.6,142,10.85,2.08
2019-04-19,24.2,15.3,23.0,12.5,6.10,0.00,33.5,188,17.06,3.55
2019-04-20,17.6,12.3,16.5,9.5,10.70,0.00,33.5,168,6.67,1.35
2019-04-21,16.7,9.8,15.0,8.8,0.10,0.00,20.9,137,15.96,2.44
2019-04-22,17.2,9.7,15.4,7.5,7.40,0.00,23.6,359,8.86,1.54
2019-04-23,23.0,10.1,24.1,8.6,0.20,0.00,23.8,212,24.13,4.06
2019-04-24,19.8,11.6,16.7,10.2,0.20,0.00,22.3,289,25.83,4.78
2019-04-25,15.6,7.7,14.8,5.0,2.30,0.00,17.0,128,20.73,3.19
2019-04-26,16.7,10.4,14.4,8.7,16.60,0.00,28.0,132,8.10,1.21
2019-04-27,12.7,7.8,8.4,3.2,2.90,0.00,40.4,290,18.37,3.38
2019-04-28,11.2,5.9,7.8,2.9,1.70,0.00,21.0,356,7.54,1.49
2019-04-29,12.9,3.4,11.4,-0.6,0.10,0.00,19.7,155,24.06,3.62
2019-04-30,19.5,8.8,17.8,6.5,3.70,0.00,12.9,68,10.74,1.88
2019-05-01,12.3,9.0,9.6,7.8,1.60,0.00,20.2,115,9.16,1.60
2019-05-02,23.1,10.2,26.8,8.7,5.70,0.00,19.4,142,20.43,3.41
2019-05-03,13.6,9.6,12.9,7.6,0.60,0.00,12.7,103,7.56,1.26
2019-05-04,20.1,11.1,20.9,10.8,11.60,0.00,10.9,107,11.25,1.93
2019-05-05,13.7,11.1,13.9,7.6,36.00,0.00,24.6,52,4.28,0.68
2019-05-06,21.0,9.7,20.4,7.5,0.90,0.00,20.9,32,19.60,3.26
2019-05-07,18.6,10.2,18.4,9.2,4.40,0.00,20.0,162,22.77,3.28
2019-05-08,19.7,10.6,19.1,8.9,1.00,0.00,17.5,55,18.89,3.06
2019-05-09,14.6,9.7,10.8,6.7,0.00,0.00,23.3,100,12.75,2.44
2019-05-10,23.1,12.0,23.1,8.9,2.00,0.00,22.4,175,10.50,2.36
2019-05-11,19.7,11.4,19.9,8.0,4.50,0.00,20.7,326,25.70,4.29
2019-05-12,12.6,7.2,12.6,2.9,29.20,0.00,31.0,62,3.77,0.72
2019-05-13,11.2,7.2,7.8,3.3,20.50,0.00,20.4,65,6.24,1.16
2019-05-14,12.3,7.2,10.2,4.7,4.00,0.00,15.0,331,7.94,1.41
2019-05-15,19.9,6.2,17.9,3.0,0.40,0.00,23.4,314,20.42,3.59
2019-05-16,21.0,9.6,19.8,8.2,0.40,0.00,15.2,294,23.79,4.20
2019-05-17,24.8,12.0,25.3,10.6,0.90,0.00,18.0,230,18.72,3.80
2019-05-18,23.1,11.6,22.8,9.3,0.00,0.00,17.1,320,28.46,5.27
2019-05-19,23.4,12.3,23.0,11.1,0.70,0.00,27.4,169,23.28,3.79
2019-05-20,28.4,19.2,28.7,19.1,1.80,0.00,26.5,236,22.91,5.08
2019-05-21,20.1,12.6,16.6,8.8,0.00,0.00,27.8,317,28.89,5.78
2019-05-22,22.6,10.5,22.0,7.7,0.00,0.00,18.9,317,28.98,5.54
2019-05-23,25.4,14.7,25.5,12.3,2.10,0.00,23.5,213,20.62,4.03
2019-05-24,23.5,15.8,20.5,14.3,0.00,0.00,34.7,311,23.48,5.13
2019-05-25,19.4,12.2,18.2,11.7,0.00,0.00,29.1,164,24.65,4.12
2019-05-26,29.7,15.2,31.9,13.6,2.00,0.00,21.3,258,25.20,5.27
2019-05-27,25.8,16.1,25.7,14.6,0.00,0.00,17.1,343,26.82,5.44
2019-05-28,21.6,16.1,23.1,15.1,6.50,0.00,30.8,150,10.87,2.22
2019-05-29,20.7,13.7,23.1,13.2,2.70,0.00,21.0,145,13.88,2.33
2019-05-30,19.9,13.3,20.5,13.6,14.10,0.00,17.8,149,13.94,2.28
2019-05-31,25.7,17.5,26.1,18.1,0.50,0.00,14.8,276,24.66,4.69
2019-06-01,25.7,16.0,29.0,15.7,0.00,0.00,19.5,134,26.55,4.83
2019-06-02,26.3,16.9,27.5,18.1,2.10,0.00,20.6,237,23.91,4.56
2019-06-03,20.6,13.4,17.4,11.2,0.00,0.00,27.0,302,27.53,5.23
2019-06-04,21.4,11.2,19.2,8.9,0.00,0.00,20.0,276,28.22,5.21
2019-06-05,26.3,16.6,28.3,13.4,3.90,0.00,23.4,207,22.41,4.96
2019-06-06,27.4,19.9,29.8,21.2,15.80,0.00,21.1,290,24.61,4.84
2019-06-07,25.6,17.4,26.3,18.6,0.00,0.00,16.8,31,20.06,3.84
2019-06-08,26.0,15.6,27.0,15.5,0.00,0.00,21.7,78,28.12,5.55
2019-06-09,23.4,13.6,21.7,12.9,0.00,0.00,24.9,98,29.12,5.52
2019-06-10,20.4,13.7,22.0,12.2,15.40,0.00,25.2,89,4.98,1.13
2019-06-11,23.6,16.6,23.5,14.8,8.70,0.00,29.2,313,24.36,4.72
2019-06-12,22.2,12.7,22.1,11.5,0.00,0.00,23.0,142,27.49,5.12
2019-06-13,19.5,15.1,20.1,12.4,22.80,0.00,32.8,74,15.69,2.66
2019-06-14,22.6,14.3,18.5,12.2,0.70,0.00,28.7,263,24.18,4.55
2019-06-15,27.0,12.7,25.7,11.5,0.00,0.00,24.7,222,27.89,6.05
2019-06-16,26.9,17.5,28.9,17.9,3.20,0.00,20.9,219,17.29,4.13
2019-06-17,23.7,19.6,26.4,21.5,5.20,0.00,12.3,318,10.59,2.10
2019-06-18,24.9,19.2,28.2,21.4,10.90,0.00,14.8,155,9.97,1.93
2019-06-19,21.1,17.9,23.1,19.8,11.70,0.00,16.9,107,8.89,1.52
2019-06-20,26.3,19.2,29.8,21.1,10.90,0.00,15.4,175,12.76,2.35
2019-06-21,24.2,18.8,25.5,16.7,15.90,0.00,26.4,324,12.14,2.79
2019-06-22,24.3,15.9,23.0,13.7,0.00,0.00,24.3,315,25.15,5.73
2019-06-23,27.0,15.4,27.5,14.0,0.00,0.00,18.3,300,29.53,6.28
2019-06-24,28.5,16.1,29.3,16.7,0.00,0.00,13.8,226,21.88,4.58
2019-06-25,27.7,20.5,33.3,23.3,9.00,0.00,11.8,172,12.70,2.59
2019-06-26,30.4,20.5,32.3,20.9,0.20,0.00,18.4,304,28.13,6.03
2019-06-27,30.5,19.9,32.7,21.8,0.00,0.00,17.4,319,27.90,6.18
2019-06-28,30.1,19.7,33.7,21.9,0.30,0.00,13.6,162,26.01,5.61
2019-06-29,31.3,21.8,35.1,25.3,1.40,0.00,19.3,246,22.69,5.03
2019-06-30,27.2,21.3,26.3,19.6,0.00,0.00,29.0,309,24.27,5.88
2019-07-01,29.5,17.4,30.2,16.7,0.00,0.00,17.7,314,28.13,6.33
2019-07-02,29.9,18.7,32.1,19.7,0.40,0.00,17.5,267,21.00,4.81
2019-07-03,28.9,22.4,32.6,26.1,0.70,0.00,10.1,248,20.39,4.32
2019-07-04,30.0,21.5,34.1,24.6,0.00,0.00,17.7,145,27.58,5.52
2019-07-05,27.3,20.4,30.9,22.9,0.40,0.00,20.9,148,16.52,3.24
2019-07-06,30.3,24.0,34.4,27.9,8.50,0.00,18.8,229,17.90,3.73
2019-07-07,27.9,22.3,31.3,25.1,2.30,0.00,18.7,67,20.77,4.24
2019-07-08,24.6,20.7,26.0,22.7,11.20,0.00,9.4,161,12.50,2.53
2019-07-09,31.4,19.6,33.4,21.9,0.00,0.00,12.1,291,28.56,5.87
2019-07-10,31.2,20.8,34.0,23.5,0.00,0.00,22.3,211,24.14,5.27
2019-07-11,28.3,21.8,30.9,24.7,8.60,0.00,25.2,171,17.34,3.75
2019-07-12,30.3,22.4,32.4,24.0,3.00,0.00,24.0,291,24.14,5.30
2019-07-13,30.4,20.0,32.7,21.2,0.00,0.00,17.2,279,27.78,5.90
2019-07-14,31.0,21.9,33.1,24.0,0.00,0.00,22.6,293,26.85,6.57
2019-07-15,30.6,19.1,31.4,19.7,0.00,0.00,13.9,300,28.44,6.16
2019-07-16,33.2,20.2,35.6,22.5,0.10,0.00,21.3,209,27.06,6.24
2019-07-17,32.9,23.7,37.7,27.4,17.10,0.00,16.3,224,19.02,4.48
2019-07-18,28.5,22.0,33.8,24.0,11.40,0.00,18.0,71,13.49,2.76
2019-07-19,33.2,21.8,37.3,25.0,0.10,0.00,15.8,238,22.96,5.06
2019-07-20,35.2,25.5,41.3,30.2,0.70,0.00,19.3,262,24.93,5.99
2019-07-21,34.4,25.3,39.2,29.4,0.10,0.00,20.4,271,22.24,5.63
2019-07-22,29.8,24.0,35.1,28.4,27.50,0.00,21.2,142,16.84,3.64
2019-07-23,24.3,20.2,28.4,21.2,24.10,0.00,18.4,354,10.44,2.22
2019-07-24,26.6,20.2,27.5,22.5,1.20,0.00,12.4,12,21.28,4.31
2019-07-25,28.6,20.3,29.3,21.9,0.00,0.00,11.2,312,23.99,4.89
2019-07-26,28.4,18.8,31.2,20.4,0.00,0.00,13.3,224,24.05,4.97
2019-07-27,28.3,20.7,31.5,22.9,0.00,0.00,17.9,181,21.75,4.53
2019-07-28,31.8,21.6,33.5,23.6,0.00,0.00,18.1,234,24.96,5.75
2019-07-29,32.0,21.5,34.9,23.8,0.70,0.00,17.7,232,23.03,5.26
2019-07-30,31.9,23.4,36.8,27.3,0.40,0.00,19.9,202,23.45,5.21
2019-07-31,30.0,22.5,35.4,26.2,12.00,0.00,14.7,238,17.02,3.68
2019-08-01,29.5,22.2,32.6,26.2,0.00,0.00,10.5,307,22.65,4.86
2019-08-02,28.7,22.4,31.1,25.4,0.10,0.00,16.9,160,20.00,4.42
2019-08-03,27.9,20.9,31.7,24.2,1.70,0.00,18.1,184,22.82,4.37
2019-08-04,30.8,21.4,32.4,24.8,2.00,0.00,9.1,331,23.69,4.96
2019-08-05,27.2,20.7,29.9,20.9,0.00,0.00,15.6,91,23.04,4.80
2019-08-06,26.6,21.3,28.8,24.9,1.00,0.00,16.1,143,14.53,2.99
2019-08-07,28.4,21.2,31.8,23.9,17.40,0.00,19.2,199,13.83,2.76
2019-08-08,29.4,19.2,31.2,21.6,1.00,0.00,21.3,247,21.44,4.45
2019-08-09,28.9,20.3,28.6,21.5,0.30,0.00,17.3,287,23.84,5.27
2019-08-10,27.3,18.5,26.4,18.2,0.00,0.00,22.3,306,24.30,5.84
2019-08-11,27.6,15.9,26.9,15.8,0.00,0.00,15.1,300,23.78,5.06
2019-08-12,29.8,16.8,30.8,17.4,0.00,0.00,25.6,224,23.46,5.28
2019-08-13,25.3,21.6,28.4,23.8,8.00,0.00,13.8,221,8.38,2.01
2019-08-14,25.6,20.9,29.9,24.3,10.10,0.00,11.2,44,13.11,2.42
2019-08-15,26.9,20.7,30.3,23.6,1.10,0.00,17.1,111,20.69,3.86
2019-08-16,25.8,19.9,28.9,22.3,0.90,0.00,15.3,124,15.15,2.94
2019-08-17,27.8,21.4,32.9,25.3,2.80,0.00,13.4,119,17.52,3.31
2019-08-18,27.9,22.2,32.2,26.4,13.50,0.00,13.8,166,15.45,2.97
2019-08-19,31.5,22.5,35.9,26.4,1.90,0.00,14.2,234,19.84,4.16
2019-08-20,29.1,22.3,33.0,25.3,0.00,0.00,14.9,153,21.73,4.63
2019-08-21,30.9,23.4,33.5,28.1,7.50,0.00,25.8,207,17.41,3.78
2019-08-22,31.8,22.9,34.4,26.5,5.30,0.00,16.6,251,21.51,4.76
2019-08-23,23.5,18.6,28.1,19.4,16.80,0.00,18.5,325,7.45,1.73
2019-08-24,23.9,17.0,23.5,16.3,0.00,0.00,16.6,7,21.52,4.55
2019-08-25,23.7,17.7,21.9,16.9,0.00,0.00,23.7,55,19.83,4.23
2019-08-26,23.1,14.9,24.0,13.5,0.00,0.00,17.6,57,21.94,3.99
2019-08-27,21.5,16.5,21.6,17.3,0.00,0.00,13.0,125,11.48,2.38
2019-08-28,23.4,18.1,26.1,19.9,11.30,0.00,14.3,55,9.32,1.76
2019-08-29,27.6,18.0,27.3,18.0,0.00,0.00,21.1,312,23.66,5.03
2019-08-30,30.7,15.8,31.0,15.7,0.00,0.00,20.9,250,21.87,5.09
2019-08-31,27.5,19.1,27.5,18.9,0.00,0.00,15.2,355,21.77,4.90
2019-09-01,24.5,17.4,24.7,17.0,0.00,0.00,20.4,106,18.75,3.98
2019-09-02,25.3,20.1,28.1,20.8,8.40,0.00,17.5,182,9.70,2.09
2019-09-03,26.3,18.0,28.9,19.3,0.00,0.00,13.6,39,22.51,4.29
2019-09-04,31.1,18.3,31.4,19.6,1.80,0.00,27.2,228,15.92,3.58
2019-09-05,24.0,17.1,25.0,16.7,0.00,0.00,20.5,29,16.78,3.37
2019-09-06,20.3,15.8,19.4,13.5,1.70,0.00,29.5,43,8.36,2.24
2019-09-07,24.3,13.7,22.1,11.6,8.10,0.00,22.3,324,18.35,3.80
2019-09-08,25.9,15.3,25.7,15.0,0.00,0.00,15.9,281,17.61,3.64
2019-09-09,24.2,16.6,25.9,15.7,1.50,0.00,13.9,61,16.13,3.27
2019-09-10,23.8,17.8,24.9,19.7,0.60,0.00,21.6,159,13.60,2.60
2019-09-11,31.9,19.3,35.8,20.1,0.10,0.00,22.4,228,18.17,4.09
2019-09-12,25.9,17.2,28.9,15.9,7.80,0.00,20.2,12,12.55,2.45
2019-09-13,19.8,14.4,17.4,13.4,0.00,0.00,20.7,87,14.63,3.14
2019-09-14,23.5,16.6,23.8,15.9,0.00,0.00,26.9,175,11.80,2.74
2019-09-15,27.3,19.4,28.5,21.1,0.50,0.00,9.0,287,20.11,3.90
2019-09-16,24.7,19.2,27.0,20.4,0.80,0.00,11.5,360,10.73,2.31
2019-09-17,23.3,15.4,21.8,15.1,0.00,0.00,17.9,22,20.99,4.12
2019-09-18,20.1,12.8,17.5,11.4,0.30,0.00,16.4,43,14.12,2.85
2019-09-19,20.1,10.7,19.3,8.7,0.00,0.00,9.8,28,21.24,3.46
2019-09-20,25.0,11.0,23.9,9.4,0.00,0.00,13.0,270,20.35,4.01
2019-09-21,27.1,14.1,28.1,13.7,0.00,0.00,10.1,257,19.67,3.72
2019-09-22,27.5,15.2,29.2,15.2,0.00,0.00,20.5,196,18.96,4.03
2019-09-23,31.1,20.9,32.0,21.8,0.10,0.00,20.7,215,17.49,4.64
2019-09-24,25.0,16.2,24.9,15.2,0.70,0.00,25.0,298,14.85,3.64
2019-09-25,25.1,13.0,24.8,12.3,0.00,0.00,20.1,246,18.66,3.56
2019-09-26,28.1,15.4,28.6,15.5,0.70,0.00,19.0,242,14.23,3.02
2019-09-27,22.1,12.7,22.2,12.3,0.00,0.00,15.5,214,19.03,3.32
2019-09-28,27.1,16.4,28.1,17.0,0.00,0.00,19.9,196,16.54,3.21
2019-09-29,24.5,17.0,24.1,14.9,0.00,0.00,18.6,3,16.60,3.77
2019-09-30,20.4,15.8,19.5,12.7,0.20,0.00,17.4,85,10.62,2.91
2019-10-01,27.9,16.5,28.9,16.9,0.30,0.00,20.4,212,15.38,3.43
2019-10-02,32.3,17.7,32.9,16.0,2.30,0.00,26.0,276,14.82,3.91
2019-10-03,16.2,12.9,15.2,10.4,10.00,0.00,23.7,53,3.16,0.98
2019-10-04,18.5,10.6,15.8,7.1,0.60,0.00,30.2,333,16.06,2.97
2019-10-05,14.4,7.5,13.0,3.9,0.00,0.00,17.0,47,18.31,2.95
2019-10-06,21.1,13.1,19.9,11.7,2.10,0.00,23.8,180,4.28,1.80
2019-10-07,25.3,15.7,25.8,14.9,4.60,0.00,29.9,207,8.47,2.63
2019-10-08,18.5,14.4,15.7,11.6,2.10,0.00,20.5,25,6.58,2.09
2019-10-09,14.5,11.6,11.3,8.9,13.30,0.00,23.9,19,3.86,1.40
2019-10-10,20.3,11.2,16.5,7.6,0.60,0.00,25.9,14,15.00,3.61
2019-10-11,17.2,11.8,12.7,7.1,0.00,0.00,28.0,16,9.78,3.34
2019-10-12,20.0,11.2,20.1,8.4,0.00,0.00,19.0,345,13.72,2.65
2019-10-13,17.7,10.4,16.6,8.8,0.10,0.00,15.1,307,13.72,2.33
2019-10-14,22.3,11.9,19.4,11.5,0.20,0.00,17.6,265,14.97,2.91
2019-10-15,16.6,9.1,15.0,6.8,0.00,0.00,14.9,322,15.88,2.61
2019-10-16,18.6,11.9,16.0,5.3,28.70,0.00,49.9,127,4.80,1.19
2019-10-17,13.8,10.0,7.7,3.9,0.50,0.00,44.1,275,7.14,2.75
2019-10-18,14.9,8.0,9.8,4.7,0.00,0.00,28.3,308,12.20,2.66
2019-10-19,15.5,5.3,12.8,2.7,0.00,0.00,10.6,261,15.39,2.26
2019-10-20,15.3,6.7,14.7,4.5,10.80,0.00,16.8,53,3.59,0.76
2019-10-21,18.6,9.6,16.8,6.5,2.30,0.00,18.7,22,14.63,2.27
2019-10-22,16.7,11.1,15.6,9.3,6.80,0.00,27.5,104,2.19,0.73
2019-10-23,17.9,11.2,16.6,7.9,4.10,0.00,22.5,277,14.19,2.85
2019-10-24,17.9,6.8,14.9,3.9,0.00,0.00,18.7,221,14.19,2.67
2019-10-25,16.9,8.4,15.6,6.2,0.00,0.00,12.7,212,10.02,1.63
2019-10-26,16.5,10.0,14.5,8.3,0.10,0.00,13.1,10,11.33,1.95
2019-10-27,20.8,13.0,21.8,11.0,29.20,0.00,34.2,138,2.47,0.73
2019-10-28,17.6,11.0,16.4,8.7,0.00,0.00,17.1,26,10.97,1.98
2019-10-29,16.0,12.3,15.4,11.1,2.10,0.00,13.8,75,3.84,0.81
2019-10-30,18.5,13.0,18.9,12.6,0.80,0.00,11.6,36,4.29,0.77
2019-10-31,20.9,15.6,20.3,15.2,22.20,0.00,39.7,182,2.60,0.85
2019-11-01,21.1,6.8,17.7,1.3,5.70,0.00,46.0,270,13.23,2.69
2019-11-02,10.5,3.4,8.1,0.5,0.00,0.00,11.3,305,9.78,1.46
2019-11-03,11.1,4.5,6.5,1.2,0.00,0.00,18.4,277,10.70,2.02
2019-11-04,12.8,2.8,8.2,-0.3,0.00,0.00,20.1,192,12.11,2.01
2019-11-05,15.3,7.1,14.1,4.8,0.60,0.00,15.1,243,5.03,1.13
2019-11-06,11.7,5.6,7.9,2.7,0.00,0.00,15.3,274,12.33,1.87
2019-11-07,13.9,5.4,11.3,1.8,4.00,0.00,21.1,243,4.49,1.25
2019-11-08,5.1,-0.7,0.0,-5.6,0.10,0.00,31.9,322,11.74,1.88
2019-11-09,4.7,-3.4,-0.0,-7.1,0.00,0.00,14.0,253,11.28,1.32
2019-11-10,11.0,0.1,7.0,-3.5,0.00,0.00,15.3,228,8.04,1.31
2019-11-11,14.0,4.0,12.2,1.0,0.00,0.00,12.8,201,10.22,1.42
2019-11-12,12.2,-2.7,8.7,-9.2,3.80,0.63,26.3,300,2.10,1.18
2019-11-13,1.1,-4.8,-4.8,-11.5,0.00,0.00,26.0,316,11.89,1.62
2019-11-14,6.1,-3.1,1.7,-7.1,0.00,0.00,14.3,196,8.86,1.15
2019-11-15,10.3,-1.1,5.5,-4.6,0.00,0.00,20.3,265,11.02,1.67
2019-11-16,4.5,-1.2,-1.0,-8.1,0.00,0.00,28.2,24,11.51,2.10
2019-11-17,4.3,-2.5,-1.7,-8.3,0.00,0.00,26.7,30,3.75,1.35
2019-11-18,5.0,2.6,1.8,-2.1,8.80,0.00,21.0,2,2.10,0.66
2019-11-19,11.1,3.7,8.0,1.2,4.10,0.00,12.4,300,8.78,1.18
2019-11-20,8.4,3.2,3.7,-0.4,0.00,0.00,18.8,335,6.14,1.27
2019-11-21,10.9,1.7,8.1,-1.6,0.00,0.00,17.1,291,10.12,1.51
2019-11-22,11.5,3.4,7.6,-1.6,3.00,0.00,28.7,256,3.03,1.28
2019-11-23,7.0,-0.6,3.1,-4.2,1.20,0.00,15.0,262,9.58,1.41
2019-11-24,7.5,3.6,3.8,-1.2,23.60,0.00,28.4,334,1.98,0.46
2019-11-25,10.8,1.9,7.5,-2.6,0.00,0.00,19.3,251,8.52,1.32
2019-11-26,13.8,1.6,11.1,-1.8,0.00,0.00,11.5,220,9.65,1.27
2019-11-27,14.2,2.9,11.4,0.2,1.10,0.00,25.0,205,4.63,0.98
2019-11-28,11.6,2.4,6.4,-4.3,0.00,0.00,37.5,305,4.71,2.21
2019-11-29,5.4,-1.4,0.4,-6.9,0.00,0.00,27.5,334,8.93,1.48
2019-11-30,6.1,-1.9,1.6,-6.4,0.00,0.00,16.2,343,9.51,1.32
2019-12-01,3.6,-2.9,-2.4,-7.8,17.20,2.73,34.8,45,1.19,0.44
2019-12-02,2.9,0.1,-2.5,-6.3,15.00,8.19,31.5,3,1.08,0.34
2019-12-03,3.3,-1.8,-3.2,-7.0,2.50,1.75,27.7,313,8.64,1.31
2019-12-04,4.6,-2.3,0.3,-6.7,0.00,0.00,15.0,256,4.01,0.78
2019-12-05,5.4,0.3,-0.4,-4.1,0.00,0.00,31.4,284,6.44,1.36
2019-12-06,8.9,-2.1,3.6,-5.6,0.00,0.00,26.7,245,5.64,1.49
2019-12-07,2.8,-2.8,-2.9,-6.7,0.00,0.00,22.8,322,8.61,1.21
2019-12-08,4.6,-4.7,-0.8,-8.6,0.00,0.00,18.4,180,8.01,0.91
2019-12-09,11.3,4.2,9.1,0.7,21.40,0.00,28.0,206,1.30,0.32
2019-12-10,13.6,6.3,11.3,1.7,8.80,0.00,28.3,240,2.38,0.56
2019-12-11,5.3,-0.2,1.0,-6.6,8.40,3.36,23.2,291,4.06,0.93
2019-12-12,1.4,-3.8,-2.3,-8.7,0.00,0.00,21.9,310,8.93,1.22
2019-12-13,9.9,-0.9,7.4,-4.0,14.60,0.00,15.6,71,1.41,0.29
2019-12-14,13.1,7.3,10.3,2.0,22.10,0.00,28.0,281,2.30,0.44
2019-12-15,8.5,1.5,2.5,-2.8,0.00,0.00,32.4,267,7.29,1.83
2019-12-16,2.2,-0.6,-1.0,-4.2,1.30,0.77,13.0,306,2.25,0.58
2019-12-17,1.0,-0.6,-3.0,-5.8,25.10,1.96,21.7,28,1.22,0.23
2019-12-18,3.6,-4.4,-3.1,-11.6,0.30,0.21,30.8,287,8.09,1.21
2019-12-19,-2.8,-8.8,-9.8,-16.3,0.00,0.00,34.2,298,9.04,1.31
2019-12-20,1.5,-5.7,-4.2,-11.3,0.00,0.00,17.6,316,9.05,1.20
2019-12-21,0.4,-5.7,-3.7,-10.7,0.00,0.00,14.8,7,6.18,0.70
2019-12-22,8.7,-4.1,3.7,-8.2,0.00,0.00,18.1,246,8.71,1.22
2019-12-23,11.5,-0.6,7.6,-4.6,0.00,0.00,17.6,240,8.63,1.38
2019-12-24,7.4,0.1,2.4,-4.7,0.00,0.00,21.4,348,8.73,1.38
2019-12-25,6.1,-3.3,3.0,-7.2,0.00,0.00,10.0,6,7.74,0.84
2019-12-26,7.1,-1.7,3.7,-4.7,0.30,0.00,12.0,43,6.17,0.66
2019-12-27,10.0,5.6,7.2,3.1,0.10,0.00,16.2,208,3.01,0.54
2019-12-28,8.9,1.6,5.2,-1.8,0.00,0.00,18.8,311,7.69,1.00
2019-12-29,5.6,-0.3,2.6,-4.3,4.80,0.00,12.5,55,3.94,0.62
2019-12-30,5.4,3.2,1.6,-2.3,22.70,0.00,28.3,53,1.12,0.26
2019-12-31,6.7,2.2,2.6,-2.2,0.20,0.00,23.5,298,3.35,0.59
2020-01-01,4.5,-0.5,-0.1,-5.1,0.00,0.00,28.2,271,5.90,1.47
2020-01-02,9.0,-2.2,4.9,-6.4,0.00,0.00,17.3,228,8.23,1.18
2020-01-03,9.4,2.3,7.2,-1.5,4.00,0.00,12.4,235,3.45,0.59
2020-01-04,10.2,5.7,8.3,0.7,6.20,0.00,24.9,298,1.53,0.31
2020-01-05,5.3,-1.4,-1.1,-5.4,0.90,0.00,37.1,308,7.09,1.61
2020-01-06,7.8,-0.4,1.6,-4.2,1.30,0.91,25.9,248,7.30,1.38
2020-01-07,6.1,-0.6,2.8,-5.1,0.80,0.14,18.9,255,6.88,1.22
2020-01-08,5.1,-1.6,-2.0,-8.3,0.10,0.07,33.1,277,8.14,1.50
2020-01-09,0.6,-4.9,-3.0,-10.8,0.00,0.00,23.2,295,9.57,1.27
2020-01-10,11.2,-1.1,7.2,-5.7,0.00,0.00,24.8,222,4.71,0.98
2020-01-11,18.4,7.9,14.7,5.6,0.20,0.00,34.2,204,7.22,1.93
2020-01-12,18.9,6.8,14.7,2.9,2.70,0.00,45.6,233,8.60,2.51
2020-01-13,9.0,1.3,7.9,-2.8,0.20,0.00,18.4,34,2.93,0.67
2020-01-14,6.8,1.1,3.6,-1.4,0.30,0.00,15.3,84,3.01,0.48
2020-01-15,9.5,3.0,6.1,-0.4,0.10,0.00,16.1,286,8.59,1.09
2020-01-16,8.7,1.4,4.0,-5.8,1.80,0.00,38.8,290,7.78,1.65
2020-01-17,0.9,-5.3,-7.2,-12.8,0.00,0.00,34.9,327,10.52,1.69
2020-01-18,2.5,-6.2,-2.5,-11.5,8.40,5.46,24.2,206,3.20,0.71
2020-01-19,7.2,-1.2,1.1,-6.7,1.50,0.00,28.7,280,7.30,1.41
2020-01-20,-0.8,-7.1,-7.4,-13.6,0.00,0.00,26.1,330,10.93,1.49
2020-01-21,1.3,-6.6,-4.0,-12.0,0.00,0.00,17.4,328,10.57,1.25
2020-01-22,3.0,-5.3,-1.0,-9.3,0.00,0.00,9.4,260,10.76,1.06
2020-01-23,7.1,-4.4,2.8,-8.7,0.00,0.00,9.9,240,8.09,1.09
2020-01-24,9.7,-2.7,5.8,-6.5,0.00,0.00,12.7,72,10.62,1.39
2020-01-25,9.8,1.0,6.7,-3.3,25.50,0.00,34.2,85,1.05,0.28
2020-01-26,8.0,0.9,2.4,-2.8,0.00,0.00,22.7,263,7.73,1.26
2020-01-27,7.4,-0.4,2.1,-5.2,0.00,0.00,22.3,255,5.84,1.22
2020-01-28,5.5,-0.4,-0.1,-4.7,0.00,0.00,22.4,308,6.10,1.46
2020-01-29,4.5,-2.3,-0.9,-6.6,0.00,0.00,19.0,333,11.59,1.56
2020-01-30,1.4,-5.5,-2.1,-11.1,0.00,0.00,16.3,22,10.62,1.12
2020-01-31,6.5,-2.7,3.2,-6.3,1.00,0.00,11.9,83,5.97,0.79
2020-02-01,5.7,-0.8,3.5,-3.9,0.40,0.00,6.6,359,3.61,0.48
2020-02-02,6.2,0.5,1.3,-2.4,3.20,0.63,20.3,271,6.72,0.95
2020-02-03,12.5,0.2,8.4,-3.4,0.50,0.07,18.5,245,11.44,1.60
2020-02-04,13.2,2.8,10.6,-0.2,2.30,0.00,17.6,255,4.39,0.67
2020-02-05,9.2,3.5,7.8,-0.8,0.80,0.00,21.3,10,3.31,0.96
2020-02-06,6.6,2.2,5.0,-1.5,16.10,0.00,19.1,62,2.71,0.43
2020-02-07,14.1,1.0,9.7,-5.4,10.20,0.42,46.6,267,6.12,1.13
2020-02-08,4.9,-2.3,-1.1,-7.7,0.00,0.00,26.2,272,9.94,1.76
2020-02-09,6.7,-2.1,3.9,-5.8,0.00,0.00,13.2,51,8.78,1.00
2020-02-10,9.0,2.9,4.3,-1.4,9.80,0.00,25.5,211,2.88,0.70
2020-02-11,7.7,4.9,6.0,2.2,9.10,0.00,16.3,336,2.44,0.38
2020-02-12,7.3,1.0,3.1,-4.3,0.30,0.00,23.3,263,11.03,1.85
2020-02-13,6.6,2.3,4.6,-1.6,19.60,0.00,21.4,288,1.85,0.44
2020-02-14,3.1,-6.8,-1.9,-13.4,0.00,0.00,27.2,319,14.45,1.76
2020-02-15,-1.6,-9.2,-6.7,-14.6,0.00,0.00,20.9,190,14.59,1.34
2020-02-16,7.8,-3.1,3.1,-8.5,0.00,0.00,16.8,225,8.61,1.32
2020-02-17,9.9,-1.1,6.5,-4.8,0.00,0.00,15.3,328,14.29,1.77
2020-02-18,9.4,0.6,7.6,-4.3,1.30,0.00,17.7,82,3.24,0.71
2020-02-19,8.1,-0.5,3.8,-4.8,0.00,0.00,24.7,309,14.91,2.14
2020-02-20,3.3,-3.2,-2.4,-8.6,0.00,0.00,19.4,319,12.25,1.67
2020-02-21,1.9,-6.4,-2.8,-11.6,0.00,0.00,19.4,332,15.92,1.79
2020-02-22,8.9,-3.5,3.1,-8.5,0.00,0.00,22.0,249,16.07,2.40
2020-02-23,12.0,-2.7,6.5,-7.1,0.00,0.00,18.2,241,16.14,2.62
2020-02-24,13.0,-1.3,9.3,-5.3,0.00,0.00,14.8,194,15.14,2.19
2020-02-25,10.1,4.6,8.4,1.8,2.70,0.00,11.8,191,5.29,0.92
2020-02-26,10.4,5.5,7.7,2.2,0.10,0.00,20.9,74,4.29,0.72
2020-02-27,8.7,-0.9,4.9,-8.2,12.10,0.00,39.9,263,14.63,2.12
2020-02-28,5.0,-2.6,-3.0,-9.5,0.00,0.00,34.8,256,15.79,2.36
2020-02-29,2.6,-3.9,-5.1,-9.3,0.00,0.00,30.5,283,14.79,2.01
2020-03-01,6.9,-4.6,1.0,-10.4,0.00,0.00,22.7,292,17.06,2.11
2020-03-02,13.6,-1.4,10.2,-5.5,0.00,0.00,29.2,199,16.44,2.68
2020-03-03,13.6,6.6,11.3,3.6,6.60,0.00,25.5,199,10.06,1.51
2020-03-04,13.2,5.2,6.2,-0.3,3.30,0.00,34.3,271,16.98,3.19
2020-03-05,10.6,1.4,7.1,-3.5,0.00,0.00,19.7,288,17.95,2.51
2020-03-06,7.2,0.4,3.3,-2.9,4.20,0.00,21.4,46,6.26,0.83
2020-03-07,8.4,1.2,1.7,-4.4,0.50,0.00,28.0,340,18.14,2.60
2020-03-08,13.9,-2.4,8.8,-6.5,0.00,0.00,21.3,256,17.98,3.07
2020-03-09,20.2,3.7,15.6,-0.3,0.00,0.00,21.4,230,18.54,4.19
2020-03-10,16.0,8.6,12.2,4.6,0.30,0.00,28.0,228,6.07,2.06
2020-03-11,12.7,2.8,10.0,-0.4,0.00,0.00,26.4,332,15.36,2.34
2020-03-12,9.1,1.9,5.5,-0.9,0.70,0.00,18.4,95,6.57,1.07
2020-03-13,19.8,7.1,15.8,3.4,10.60,0.00,35.3,224,10.70,2.71
2020-03-14,12.6,4.0,8.1,-1.3,0.10,0.00,22.7,306,19.05,3.53
2020-03-15,11.4,2.5,7.6,-0.8,0.30,0.00,13.6,3,19.29,2.88
2020-03-16,6.7,-1.7,3.0,-7.1,0.00,0.00,22.3,80,17.85,2.36
2020-03-17,12.2,3.8,8.6,-0.3,6.20,0.70,19.1,213,9.53,1.49
2020-03-18,10.2,0.8,7.6,-2.8,0.00,0.00,18.7,176,18.90,2.59
2020-03-19,12.6,4.8,11.8,0.3,17.90,0.00,20.9,67,10.14,1.44
2020-03-20,23.7,7.0,20.5,5.1,3.80,0.00,36.7,224,9.24,2.44
2020-03-21,17.2,4.4,14.7,-1.1,0.00,0.00,26.4,352,19.05,3.44
2020-03-22,6.1,-0.5,2.2,-6.6,0.00,0.00,21.9,58,15.04,2.35
2020-03-23,5.4,2.2,1.3,-3.1,29.60,1.26,27.6,61,2.40,0.62
2020-03-24,14.2,0.8,10.9,-3.0,0.00,0.00,21.2,345,19.82,2.68
2020-03-25,8.0,3.0,3.4,-1.4,0.50,0.00,26.7,54,6.57,1.24
2020-03-26,13.9,0.6,11.1,-2.5,0.00,0.00,21.3,200,21.58,2.80
2020-03-27,18.3,7.7,15.2,4.4,0.20,0.00,16.7,312,20.32,3.71
2020-03-28,10.1,5.7,7.4,1.6,15.40,0.00,17.6,60,4.15,1.02
2020-03-29,11.8,7.0,9.7,3.0,3.40,0.00,23.7,44,5.13,0.81
2020-03-30,11.9,4.2,10.4,1.8,5.00,0.00,13.8,101,13.71,1.75
2020-03-31,8.6,4.6,5.7,0.8,2.10,0.00,17.4,88,7.27,1.21
2020-04-01,12.7,2.6,7.6,-2.1,0.00,0.00,19.1,24,19.16,2.90
2020-04-02,13.7,2.7,7.3,-3.1,0.00,0.00,34.5,326,18.84,3.86
2020-04-03,10.4,5.9,5.3,0.6,9.20,0.35,29.8,343,5.78,1.56
2020-04-04,14.6,7.2,11.8,3.5,0.70,0.00,19.7,24,9.30,1.83
2020-04-05,16.1,5.7,14.2,3.5,0.00,0.00,17.6,176,14.30,2.18
2020-04-06,17.6,7.6,14.8,5.1,1.40,0.00,17.4,330,23.38,3.85
2020-04-07,17.3,7.4,15.8,4.0,0.30,0.00,22.4,219,20.87,3.89
2020-04-08,19.1,8.7,18.0,6.5,5.60,0.00,18.2,324,18.31,2.91
2020-04-09,16.5,6.7,13.9,1.7,9.60,0.00,33.6,249,10.53,2.00
2020-04-10,9.3,3.6,1.8,-3.2,1.40,0.07,39.1,285,16.50,3.19
2020-04-11,11.4,2.3,5.8,-3.5,0.00,0.00,28.7,284,21.64,3.70
2020-04-12,15.6,2.3,11.7,-1.2,0.00,0.00,28.8,161,16.69,2.85
2020-04-13,18.9,12.3,16.0,7.6,41.50,0.00,50.9,192,4.13,1.40
2020-04-14,13.5,6.4,11.0,1.3,0.00,0.00,23.6,303,20.76,3.63
2020-04-15,11.0,4.6,6.8,-0.2,1.50,0.00,25.2,301,20.02,3.22
2020-04-16,9.1,3.5,2.5,-1.4,0.20,0.00,27.9,287,22.63,3.54
2020-04-17,10.4,-0.4,5.2,-4.1,1.70,0.00,21.1,259,19.06,2.68
2020-04-18,8.8,4.0,5.2,-0.8,8.10,0.00,26.1,356,8.43,1.31
2020-04-19,15.6,1.7,10.5,-2.5,0.00,0.00,31.6,233,24.05,4.01
2020-04-20,12.0,6.1,8.7,2.8,0.00,0.00,21.5,354,13.13,2.51
2020-04-21,15.7,5.0,11.8,-0.9,6.90,0.00,27.8,240,14.43,2.38
2020-04-22,9.7,0.9,2.6,-4.2,0.00,0.00,31.7,293,20.29,3.38
2020-04-23,10.0,1.0,7.1,-2.7,0.30,0.00,15.1,182,15.22,2.40
2020-04-24,9.1,5.0,6.9,2.0,15.60,0.00,25.7,26,5.63,0.78
2020-04-25,16.8,3.0,16.8,0.0,0.00,0.00,18.1,163,21.41,3.34
2020-04-26,9.7,6.2,6.0,1.4,8.80,0.00,36.7,48,5.62,1.01
2020-04-27,8.4,4.5,3.1,-0.2,1.40,0.00,27.0,358,5.43,1.29
2020-04-28,17.7,2.4,14.1,-1.1,0.00,0.00,22.4,317,24.25,3.67
2020-04-29,13.8,4.3,9.4,1.9,1.50,0.00,25.8,97,10.40,1.76
2020-04-30,15.6,9.5,11.2,5.2,24.60,0.00,43.5,136,10.37,1.63
2020-05-01,18.6,11.2,18.6,9.9,10.80,0.00,21.1,314,16.38,2.61
2020-05-02,21.6,9.1,18.6,5.4,0.00,0.00,26.7,306,26.18,5.22
2020-05-03,24.7,11.3,23.3,9.1,4.70,0.00,19.0,240,20.85,4.52
2020-05-04,20.3,9.3,18.5,5.3,0.50,0.00,31.6,316,21.11,4.38
2020-05-05,15.2,6.8,12.3,2.2,0.00,0.00,21.4,303,25.60,4.26
2020-05-06,11.7,6.6,7.5,3.8,3.40,0.00,19.3,74,7.67,1.57
2020-05-07,17.1,5.6,12.2,2.0,0.00,0.00,23.1,295,23.80,4.33
2020-05-08,11.1,5.6,8.6,3.0,9.50,0.00,13.8,324,9.18,1.71
2020-05-09,8.2,0.7,1.8,-6.4,2.40,0.28,36.7,298,25.75,3.47
2020-05-10,16.1,2.7,10.5,-2.4,0.00,0.00,30.5,249,24.94,4.37
2020-05-11,15.1,6.0,12.4,2.7,2.50,0.00,25.6,251,18.50,2.95
2020-05-12,15.0,5.0,9.2,0.6,0.00,0.00,30.5,297,27.01,4.43
2020-05-13,16.0,2.7,11.0,-0.9,0.00,0.00,25.1,310,25.73,4.29
2020-05-14,16.4,3.8,14.9,0.6,0.00,0.00,18.7,158,27.28,4.34
2020-05-15,27.9,12.7,27.8,11.7,3.80,0.00,23.5,236,22.67,5.16
2020-05-16,23.6,15.5,24.1,14.0,1.20,0.00,23.1,318,26.09,5.03
2020-05-17,16.6,10.4,15.5,8.9,0.00,0.00,18.4,131,24.98,3.76
2020-05-18,20.5,10.4,19.5,8.8,0.00,0.00,20.2,71,20.07,3.78
2020-05-19,18.4,10.7,13.7,7.1,0.00,0.00,32.0,66,24.92,4.98
2020-05-20,17.4,8.1,15.2,5.9,0.00,0.00,20.9,87,26.90,4.59
2020-05-21,16.1,6.1,16.0,3.7,0.00,0.00,16.7,140,29.50,4.05
2020-05-22,22.2,11.6,22.6,10.8,3.10,0.00,19.4,172,21.10,3.65
2020-05-23,20.4,12.2,22.1,9.2,12.10,0.00,27.9,59,9.53,1.64
2020-05-24,19.0,10.3,19.5,6.0,0.00,0.00,19.1,69,25.41,4.17
2020-05-25,20.1,12.7,21.1,11.1,0.00,0.00,12.2,83,15.39,2.67
2020-05-26,22.0,12.9,24.0,13.1,0.00,0.00,15.3,157,22.17,3.55
2020-05-27,22.4,14.8,23.9,15.1,0.00,0.00,19.7,158,18.07,2.88
2020-05-28,23.0,15.9,23.7,16.5,0.90,0.00,27.4,157,16.24,2.54
2020-05-29,26.0,18.0,28.3,18.5,1.00,0.00,20.3,178,16.57,3.19
2020-05-30,26.3,20.0,25.6,18.1,4.60,0.00,19.4,285,26.63,5.61
2020-05-31,20.7,12.8,17.0,9.0,0.00,0.00,29.7,329,29.43,6.08
2020-06-01,19.8,9.2,16.8,6.5,0.30,0.00,22.6,315,23.31,4.54
2020-06-02,21.7,12.2,19.7,10.4,0.00,0.00,23.4,243,18.58,4.14
2020-06-03,28.9,15.2,30.2,14.7,8.30,0.00,21.7,251,19.95,4.15
2020-06-04,29.3,17.2,30.2,18.6,0.00,0.00,21.8,210,25.75,5.36
2020-06-05,24.4,20.4,27.6,22.1,22.70,0.00,16.6,209,8.16,1.78
2020-06-06,29.5,20.6,32.1,18.2,4.10,0.00,23.7,285,23.53,5.51
2020-06-07,24.7,16.1,22.5,13.4,0.00,0.00,28.0,329,26.82,5.94
2020-06-08,25.5,13.8,24.3,11.6,0.00,0.00,16.6,310,29.66,5.83
2020-06-09,30.6,14.4,31.2,14.2,0.00,0.00,18.0,228,28.84,6.53
2020-06-10,27.0,19.4,29.6,20.9,0.00,0.00,26.9,151,24.64,4.72
2020-06-11,28.5,22.5,30.5,23.4,21.70,0.00,26.2,201,11.49,2.84
2020-06-12,28.6,19.1,28.3,19.2,0.00,0.00,19.3,306,28.18,6.31
2020-06-13,22.9,15.0,22.4,11.9,0.00,0.00,23.6,344,29.76,6.28
2020-06-14,22.2,12.2,23.3,9.1,0.00,0.00,21.0,40,29.17,5.44
2020-06-15,22.9,14.6,21.6,14.4,0.00,0.00,18.4,90,25.17,4.52
2020-06-16,24.3,14.2,23.4,14.2,0.00,0.00,21.8,79,28.70,5.24
2020-06-17,24.7,14.6,26.1,14.6,0.00,0.00,18.5,89,26.47,4.66
2020-06-18,23.6,17.7,25.2,18.7,2.00,0.00,15.7,129,14.21,2.56
2020-06-19,25.0,18.8,27.1,20.7,0.80,0.00,17.5,184,19.31,3.59
2020-06-20,27.2,18.7,30.6,20.9,0.60,0.00,18.2,196,22.28,4.31
2020-06-21,27.7,19.4,31.3,22.3,0.20,0.00,18.7,191,24.82,4.78
2020-06-22,30.7,20.5,34.5,23.2,0.00,0.00,21.6,201,26.00,5.50
2020-06-23,28.0,20.5,30.1,22.9,0.00,0.00,25.4,171,24.01,4.80
2020-06-24,30.3,21.7,29.9,22.2,0.10,0.00,23.7,260,25.94,6.18
2020-06-25,28.8,18.5,29.5,19.3,0.00,0.00,23.3,213,22.83,5.42
2020-06-26,30.5,18.6,29.8,20.1,0.10,0.00,14.6,279,24.82,5.59
2020-06-27,26.7,18.5,28.4,19.5,5.90,0.00,24.3,238,12.20,2.97
2020-06-28,29.0,20.2,33.1,22.8,2.50,0.00,17.3,223,22.39,4.37
2020-06-29,29.2,20.3,30.6,21.7,0.70,0.00,18.7,348,23.95,5.07
2020-06-30,25.6,19.2,28.1,19.7,11.30,0.00,14.0,5,18.71,3.70
2020-07-01,26.8,19.8,30.9,22.2,7.20,0.00,11.6,318,22.73,4.33
2020-07-02,31.9,20.0,33.6,22.3,0.00,0.00,13.7,325,24.48,5.35
2020-07-03,31.8,22.1,35.3,24.5,13.50,0.00,12.3,0,21.57,4.99
2020-07-04,29.0,20.8,31.6,22.8,5.60,0.00,18.2,83,22.73,4.61
2020-07-05,32.6,21.7,36.9,24.0,0.10,0.00,22.3,208,27.34,5.85
2020-07-06,32.9,21.1,36.6,22.6,0.40,0.00,18.2,134,25.79,5.78
2020-07-07,26.9,22.3,28.5,23.7,1.90,0.00,21.9,128,18.77,3.78
2020-07-08,28.4,22.9,31.8,26.7,1.10,0.00,20.2,183,15.21,3.21
2020-07-09,29.9,22.0,33.9,26.0,0.00,0.00,20.6,168,26.47,5.22
2020-07-10,24.5,22.7,27.6,23.3,37.70,0.00,38.5,93,5.31,1.11
2020-07-11,28.4,22.6,32.0,23.4,9.50,0.00,32.2,205,15.03,3.16
2020-07-12,31.1,21.0,32.5,21.4,0.00,0.00,21.4,260,26.23,6.27
2020-07-13,31.3,21.5,32.5,23.8,1.20,0.00,17.9,279,25.32,5.87
2020-07-14,28.4,20.2,29.1,21.1,0.10,0.00,15.0,317,24.26,5.44
2020-07-15,25.5,20.4,29.5,22.5,0.70,0.00,18.5,113,21.42,4.23
2020-07-16,24.2,20.7,24.7,20.5,0.00,0.00,22.5,142,22.58,4.60
2020-07-17,29.5,20.4,33.3,20.5,4.40,0.00,16.1,182,15.57,3.55
2020-07-18,32.8,21.0,36.1,23.3,0.00,0.00,17.6,295,28.03,5.89
2020-07-19,33.9,22.0,36.4,24.4,0.00,0.00,29.4,192,25.55,6.19
2020-07-20,36.0,25.7,37.9,27.6,0.00,0.00,20.2,265,23.15,6.34
2020-07-21,31.9,22.2,35.5,24.5,0.00,0.00,21.5,161,26.42,6.07
2020-07-22,31.9,23.8,36.8,27.5,3.40,0.00,21.4,186,22.37,5.09
2020-07-23,31.3,23.3,35.1,26.8,8.50,0.00,18.9,234,17.42,3.69
2020-07-24,26.0,22.7,29.0,25.3,22.10,0.00,19.2,34,9.70,2.06
2020-07-25,30.0,21.3,33.4,25.0,0.00,0.00,15.0,216,22.84,4.77
2020-07-26,34.4,23.2,34.9,26.2,0.00,0.00,22.4,257,25.06,6.47
2020-07-27,35.6,21.7,37.1,22.8,0.00,0.00,19.8,253,27.16,7.44
2020-07-28,34.3,25.3,38.7,27.8,1.80,0.00,20.1,262,21.74,5.81
2020-07-29,31.4,23.0,34.9,27.0,0.00,0.00,18.4,169,24.74,5.36
2020-07-30,32.7,23.1,35.8,25.4,0.00,0.00,12.9,228,19.09,4.84
2020-07-31,27.2,22.3,30.7,25.0,13.60,0.00,10.6,63,11.18,2.44
2020-08-01,29.7,20.1,32.8,22.4,0.00,0.00,20.5,176,23.40,5.16
2020-08-02,29.1,23.6,33.8,27.7,4.40,0.00,20.5,177,13.05,3.13
2020-08-03,31.7,23.8,33.6,25.2,2.30,0.00,20.8,224,24.53,5.92
2020-08-04,26.8,23.3,28.5,20.5,21.10,0.00,60.4,171,9.12,2.33
2020-08-05,30.8,21.8,31.9,23.9,0.00,0.00,19.5,251,25.20,5.69
2020-08-06,25.5,19.0,27.4,20.5,2.60,0.00,13.8,65,15.22,3.11
2020-08-07,27.4,21.8,29.9,24.6,2.70,0.00,13.9,89,18.00,3.67
2020-08-08,26.5,20.8,31.2,23.4,13.10,0.00,13.5,95,18.67,3.56
2020-08-09,29.3,20.8,32.6,24.4,0.50,0.00,19.2,203,21.85,4.45
2020-08-10,31.5,22.5,36.1,26.5,0.00,0.00,18.1,207,23.20,4.95
2020-08-11,29.4,24.0,33.8,28.6,0.70,0.00,22.2,193,21.33,4.39
2020-08-12,30.9,23.4,37.0,28.1,7.60,0.00,11.6,243,19.52,4.07
2020-08-13,25.7,23.7,30.5,25.8,5.40,0.00,13.4,56,9.18,2.06
2020-08-14,29.8,22.3,31.2,26.1,0.20,0.00,18.3,69,21.75,4.67
2020-08-15,29.0,21.1,29.4,22.3,0.30,0.00,17.4,61,17.42,4.19
2020-08-16,21.8,19.2,22.7,19.5,13.40,0.00,26.1,36,7.03,1.65
2020-08-17,26.0,16.8,28.6,17.8,6.00,0.00,23.3,199,21.77,3.96
2020-08-18,28.5,18.5,28.6,20.7,0.00,0.00,13.1,265,22.67,4.61
2020-08-19,24.0,19.2,27.3,20.7,5.50,0.00,11.5,12,11.78,2.32
2020-08-20,25.8,16.9,27.3,17.1,0.00,0.00,13.5,343,25.27,4.74
2020-08-21,28.8,18.1,29.4,19.0,0.00,0.00,19.4,230,21.83,4.75
2020-08-22,30.1,21.5,33.5,23.8,2.60,0.00,16.7,232,19.81,4.39
2020-08-23,28.5,20.6,32.4,23.8,0.00,0.00,16.3,195,19.80,3.91
2020-08-24,31.8,21.8,34.0,25.6,0.10,0.00,15.6,236,20.37,4.44
2020-08-25,33.2,22.7,34.5,22.9,0.30,0.00,29.1,280,21.10,5.33
2020-08-26,26.2,19.4,23.9,18.4,0.00,0.00,24.1,313,23.61,5.73
2020-08-27,33.5,19.5,33.7,20.2,1.50,0.00,28.3,251,20.79,5.19
2020-08-28,31.6,20.7,32.8,23.0,0.60,0.00,25.4,258,20.10,4.38
2020-08-29,25.7,22.3,28.5,25.7,21.00,0.00,21.3,222,7.30,1.60
2020-08-30,25.7,18.2,23.9,17.8,0.10,0.00,25.6,309,20.44,4.81
2020-08-31,23.3,15.9,23.1,15.9,0.00,0.00,14.5,89,14.13,3.09
2020-09-01,25.1,20.0,25.6,21.6,0.20,0.00,18.8,122,15.97,3.29
2020-09-02,25.1,20.0,28.6,21.3,10.40,0.00,16.3,144,7.44,1.62
2020-09-03,29.7,22.9,32.6,24.8,22.90,0.00,24.0,196,19.38,4.16
2020-09-04,28.9,19.5,30.5,20.7,0.00,0.00,16.5,298,21.28,4.53
2020-09-05,25.7,16.6,25.2,17.0,0.00,0.00,18.9,283,22.11,4.52
2020-09-06,26.6,17.0,28.1,17.0,0.00,0.00,20.3,203,19.55,4.31
2020-09-07,25.0,16.9,26.0,17.5,0.00,0.00,25.3,167,21.27,3.94
2020-09-08,27.1,17.2,30.8,18.9,0.00,0.00,16.9,154,20.74,3.86
2020-09-09,26.5,19.2,29.5,21.6,0.60,0.00,12.1,104,10.77,2.20
2020-09-10,27.3,22.1,31.5,25.8,17.20,0.00,14.5,172,9.01,1.88
2020-09-11,24.6,17.6,27.5,16.7,0.70,0.00,21.3,12,15.30,3.41
2020-09-12,21.2,16.1,20.6,15.7,0.00,0.00,18.6,85,16.00,3.19
2020-09-13,23.2,16.4,23.4,16.2,1.50,0.00,21.3,151,10.65,2.41
2020-09-14,25.0,15.9,23.9,12.6,0.00,0.00,22.2,328,20.28,4.67
2020-09-15,19.0,11.6,18.9,8.6,0.00,0.00,18.6,22,21.63,3.91
2020-09-16,22.3,12.0,21.6,11.2,0.00,0.00,22.2,198,20.60,3.69
2020-09-17,22.4,16.4,23.9,16.8,0.00,0.00,14.7,208,9.87,2.01
2020-09-18,19.9,14.7,20.3,9.5,0.00,0.00,25.6,4,13.95,3.27
2020-09-19,17.0,9.7,14.0,5.4,0.00,0.00,28.6,10,21.34,4.23
2020-09-20,16.8,9.6,13.3,5.8,0.00,0.00,20.0,26,19.68,3.69
2020-09-21,18.4,8.6,15.7,5.5,0.00,0.00,17.3,27,20.77,3.49
2020-09-22,22.3,9.1,18.6,6.1,0.00,0.00,20.6,328,20.58,4.28
2020-09-23,26.2,12.0,23.8,9.7,0.00,0.00,24.2,299,19.64,4.54
2020-09-24,24.7,12.8,24.2,11.8,0.00,0.00,16.1,250,12.30,2.85
2020-09-25,24.8,13.4,26.3,13.1,0.00,0.00,13.6,198,16.57,3.04
2020-09-26,22.8,15.3,23.1,15.3,1.30,0.00,18.1,143,11.71,2.10
2020-09-27,25.3,17.5,27.8,18.9,0.30,0.00,17.8,134,12.88,2.43
2020-09-28,23.9,19.6,24.3,20.7,1.60,0.00,21.9,172,11.88,2.24
2020-09-29,23.7,18.3,25.1,19.8,12.30,0.00,23.0,168,7.25,1.42
2020-09-30,21.3,15.8,22.5,13.9,29.20,0.00,29.9,233,16.10,3.26
2020-10-01,22.1,14.3,20.0,13.3,0.00,0.00,17.8,247,15.75,3.43
2020-10-02,18.4,13.2,16.1,10.3,4.30,0.00,16.9,281,9.29,1.97
2020-10-03,18.6,10.0,16.9,8.3,0.00,0.00,12.7,317,17.95,3.06
2020-10-04,18.7,9.7,17.3,8.4,0.50,0.00,13.1,57,14.27,2.48
2020-10-05,19.7,11.1,18.5,9.7,0.00,0.00,13.5,22,14.90,2.48
2020-10-06,20.1,11.3,17.8,10.6,0.20,0.00,18.4,226,17.00,3.13
2020-10-07,24.4,13.3,20.4,11.7,0.20,0.00,30.6,252,15.07,4.03
2020-10-08,17.8,10.3,13.1,8.0,0.00,0.00,29.1,304,17.01,3.74
2020-10-09,19.6,9.2,18.2,7.3,0.00,0.00,20.7,220,15.60,2.93
2020-10-10,23.8,13.9,22.3,10.8,0.00,0.00,25.0,219,14.97,3.50
2020-10-11,19.3,15.1,18.0,13.4,0.60,0.00,22.0,30,7.66,2.04
2020-10-12,14.8,11.4,13.0,8.6,23.70,0.00,26.7,64,2.56,0.69
2020-10-13,15.2,12.9,14.2,9.4,10.50,0.00,27.4,11,3.02,0.71
2020-10-14,20.5,9.2,18.1,7.3,0.00,0.00,17.3,259,16.06,2.97
2020-10-15,22.3,11.4,20.0,10.2,0.00,0.00,27.3,189,15.41,2.83
2020-10-16,17.3,10.5,17.7,7.5,23.80,0.00,23.7,316,1.80,0.67
2020-10-17,15.4,7.4,11.8,4.4,3.80,0.00,18.1,323,15.96,2.45
2020-10-18,17.0,7.2,13.3,4.8,0.00,0.00,24.6,124,12.90,2.24
2020-10-19,17.9,9.2,16.4,8.0,0.00,0.00,17.3,130,10.37,1.78
2020-10-20,21.5,13.1,22.8,12.6,0.00,0.00,11.3,174,9.70,1.64
2020-10-21,19.9,14.3,21.6,14.4,0.30,0.00,13.3,162,6.84,1.06
2020-10-22,21.1,16.5,23.0,17.8,0.00,0.00,10.5,148,6.31,1.13
2020-10-23,20.2,16.2,20.6,16.5,0.30,0.00,14.6,143,6.89,1.14
2020-10-24,21.3,10.0,20.7,5.7,0.40,0.00,21.5,281,6.79,1.83
2020-10-25,10.9,7.2,7.8,2.7,1.10,0.00,18.0,25,6.77,1.71
2020-10-26,16.7,10.7,16.6,8.8,1.70,0.00,21.3,76,3.78,0.88
2020-10-27,15.6,12.6,15.4,10.9,0.80,0.00,14.8,328,9.34,1.54
2020-10-28,16.5,11.5,15.9,10.3,2.90,0.00,13.0,312,3.66,0.82
2020-10-29,12.6,8.6,12.1,4.0,37.60,0.00,32.4,32,1.16,0.40
2020-10-30,8.4,3.2,4.5,-2.0,18.60,0.00,33.3,16,2.48,0.53
2020-10-31,7.2,0.1,3.9,-3.6,0.00,0.00,16.5,315,13.38,1.69
2020-11-01,13.9,4.7,10.4,1.8,7.90,0.00,30.7,209,5.99,1.28
2020-11-02,6.7,3.1,1.3,-3.2,0.50,0.00,42.5,286,11.16,2.28
2020-11-03,12.3,4.2,7.8,-2.0,0.00,0.00,27.4,271,8.85,2.38
2020-11-04,16.7,4.1,14.1,0.6,0.00,0.00,18.9,164,12.23,2.03
2020-11-05,18.9,7.2,16.3,5.1,0.00,0.00,19.8,218,11.76,2.00
2020-11-06,20.4,9.6,18.4,8.0,0.00,0.00,15.8,232,10.98,2.02
2020-11-07,21.9,8.0,20.5,5.8,0.00,0.00,10.6,262,11.80,2.28
2020-11-08,21.7,7.9,21.9,5.5,0.00,0.00,11.0,288,11.77,1.97
2020-11-09,21.7,8.0,21.6,5.8,0.00,0.00,10.6,257,11.56,1.88
2020-11-10,21.8,11.6,21.7,10.6,0.00,0.00,14.6,214,10.04,1.64
2020-11-11,22.0,15.5,22.4,15.2,14.60,0.00,19.7,204,3.61,0.79
2020-11-12,18.6,8.6,20.0,5.5,11.00,0.00,23.8,355,1.74,0.67
2020-11-13,11.3,6.2,10.0,3.7,3.60,0.00,16.3,358,2.46,0.49
2020-11-14,11.4,4.4,6.5,1.4,0.00,0.00,19.0,308,11.16,1.71
2020-11-15,17.5,2.5,11.4,-0.8,6.00,0.00,47.0,165,6.35,1.69
2020-11-16,11.5,4.9,7.3,1.6,0.10,0.00,25.9,267,10.90,2.49
2020-11-17,8.8,2.8,5.2,-2.9,1.30,0.00,23.2,294,6.33,1.43
2020-11-18,2.2,-1.5,-4.2,-6.5,0.00,0.00,26.3,317,10.93,1.73
2020-11-19,7.4,-2.6,2.2,-6.7,0.00,0.00,22.4,219,9.01,1.46
2020-11-20,14.9,5.3,11.5,1.1,0.00,0.00,19.9,223,10.25,2.13
2020-11-21,15.8,6.7,12.7,4.0,0.00,0.00,17.3,307,9.44,2.12
2020-11-22,12.8,4.8,9.4,-0.1,0.10,0.00,25.8,54,2.57,1.15
2020-11-23,14.0,5.1,12.1,0.3,15.90,0.00,31.5,289,6.54,1.48
2020-11-24,8.5,3.0,4.2,-1.6,0.00,0.00,18.6,300,7.71,1.44
2020-11-25,11.9,4.2,9.6,1.5,0.40,0.00,18.0,191,6.00,1.06
2020-11-26,17.2,9.4,17.0,7.7,12.70,0.00,19.6,219,4.60,0.85
2020-11-27,16.1,6.7,14.1,4.3,0.00,0.00,14.4,278,8.28,1.47
2020-11-28,13.2,4.7,9.3,1.7,0.00,0.00,18.3,304,7.29,1.50
2020-11-29,11.0,2.0,7.0,-1.3,0.00,0.00,12.8,238,9.62,1.39
2020-11-30,16.7,4.7,14.9,1.4,35.80,0.00,51.9,153,0.79,0.50
2020-12-01,14.8,3.4,14.0,-2.6,0.90,0.00,29.6,227,5.96,1.30
2020-12-02,7.0,1.7,0.1,-3.8,0.00,0.00,31.4,249,5.88,1.64
2020-12-03,9.9,0.6,4.8,-4.0,0.10,0.00,20.0,241,9.35,1.78
2020-12-04,11.5,4.5,6.9,1.0,3.90,0.00,21.1,217,4.42,1.17
2020-12-05,7.0,3.7,5.5,-2.4,22.40,0.00,34.4,332,2.66,0.81
2020-12-06,4.0,0.7,-2.9,-4.7,0.00,0.00,31.0,301,8.72,1.76
2020-12-07,4.4,-1.8,-0.1,-5.7,0.00,0.00,15.7,301,7.68,1.08
2020-12-08,3.7,-1.3,-2.5,-6.4,0.00,0.00,22.6,333,7.95,1.28
2020-12-09,4.2,-2.2,-1.6,-6.0,0.50,0.21,21.1,257,4.80,0.89
2020-12-10,9.4,0.2,4.5,-3.3,0.00,0.00,20.1,294,8.27,1.29
2020-12-11,11.3,-0.3,8.2,-4.0,0.00,0.00,13.1,221,8.37,1.00
2020-12-12,12.7,2.5,11.8,-0.9,0.80,0.00,13.0,187,2.41,0.36
2020-12-13,14.8,5.8,12.4,2.4,0.10,0.00,20.6,246,7.45,1.27
2020-12-14,4.6,1.9,1.5,-2.1,6.70,0.00,19.9,336,1.56,0.43
2020-12-15,3.9,-1.7,-1.6,-6.5,0.00,0.00,19.0,309,8.38,1.41
2020-12-16,0.8,-4.0,-5.4,-10.7,12.30,8.61,33.8,43,2.75,0.87
2020-12-17,0.6,-4.4,-6.1,-13.1,17.90,12.25,43.2,6,3.81,0.58
2020-12-18,-1.7,-7.4,-5.9,-12.1,0.00,0.00,17.9,354,8.60,0.73
2020-12-19,-1.6,-9.5,-5.3,-14.3,0.00,0.00,14.5,325,7.95,0.56
2020-12-20,3.3,-7.3,1.1,-11.9,0.80,0.42,9.4,217,4.24,0.41
2020-12-21,3.4,-1.0,0.5,-4.1,0.00,0.00,12.4,270,6.28,0.53
2020-12-22,5.7,-0.8,1.1,-4.1,0.00,0.00,21.3,277,8.30,0.93
2020-12-23,3.4,-4.5,0.2,-9.2,0.00,0.00,14.8,231,8.50,0.94
2020-12-24,14.5,3.2,8.6,-0.5,4.90,0.00,45.7,166,4.30,1.22
2020-12-25,14.8,-1.0,12.0,-8.1,35.80,0.00,57.5,184,0.92,0.74
2020-12-26,-0.1,-5.0,-6.4,-12.0,0.00,0.00,27.1,258,8.92,1.38
2020-12-27,2.9,-4.6,-1.5,-9.8,0.00,0.00,16.9,245,8.65,1.02
2020-12-28,9.6,-0.5,5.7,-4.5,0.00,0.00,18.8,212,5.42,0.98
2020-12-29,3.7,-2.9,-0.6,-7.1,0.00,0.00,27.8,306,8.22,1.49
2020-12-30,4.0,-3.6,-0.8,-7.5,0.00,0.00,21.9,217,6.61,1.08
2020-12-31,8.6,1.1,4.8,-3.3,9.70,0.00,29.8,269,2.59,0.95
2021-01-01,3.8,-2.4,0.1,-6.2,8.10,0.00,17.1,43,5.40,0.70
2021-01-02,10.1,1.6,4.5,-2.4,4.10,0.00,31.2,305,7.40,1.12
2021-01-03,3.8,-1.1,-0.6,-5.3,6.50,0.07,24.5,36,1.45,0.34
2021-01-04,6.8,0.8,3.4,-3.2,1.50,0.14,18.1,4,6.33,0.80
2021-01-05,5.1,1.1,1.4,-2.9,0.00,0.00,12.2,353,4.59,0.76
2021-01-06,4.9,-1.0,-1.2,-4.5,0.00,0.00,23.1,326,8.60,1.29
2021-01-07,6.2,-1.6,1.0,-6.6,0.00,0.00,18.0,324,9.30,1.46
2021-01-08,5.5,-3.5,1.3,-8.1,0.00,0.00,21.6,353,8.83,1.23
2021-01-09,2.1,-4.0,-2.5,-10.1,0.00,0.00,28.8,357,7.73,1.44
2021-01-10,5.4,-2.8,0.9,-7.5,0.00,0.00,17.2,346,9.48,1.21
2021-01-11,2.3,-4.4,-1.5,-8.1,0.00,0.00,10.2,282,4.01,0.55
2021-01-12,6.0,-2.7,2.5,-6.5,0.00,0.00,11.6,285,9.62,1.06
2021-01-13,6.4,-3.7,1.5,-7.6,0.00,0.00,16.4,259,7.56,0.94
2021-01-14,9.1,-0.6,7.0,-3.9,0.00,0.00,10.5,277,7.32,0.89
2021-01-15,8.0,-0.8,3.1,-4.5,2.60,0.00,28.1,75,4.35,0.65
2021-01-16,8.3,2.0,4.5,-3.1,21.80,0.00,37.6,320,4.36,0.84
2021-01-17,7.6,0.1,1.1,-5.8,0.00,0.00,32.0,257,9.49,1.81
2021-01-18,6.8,0.3,1.4,-4.1,0.00,0.00,23.8,256,9.59,1.44
2021-01-19,5.0,-1.5,-1.7,-6.2,0.00,0.00,27.7,263,7.10,1.32
2021-01-20,4.7,-3.4,-1.5,-8.0,1.00,0.70,30.5,299,9.28,1.40
2021-01-21,5.6,-4.8,0.4,-8.9,0.00,0.00,21.4,214,8.97,1.20
2021-01-22,6.9,-0.7,0.2,-5.1,0.00,0.00,27.4,271,8.81,1.69
2021-01-23,-0.1,-4.4,-4.6,-11.2,0.00,0.00,35.4,305,8.77,1.57
2021-01-24,0.4,-5.5,-6.5,-12.8,0.00,0.00,27.2,306,10.95,1.62
2021-01-25,3.7,-4.7,0.2,-9.5,0.00,0.00,12.5,327,8.76,1.23
2021-01-26,1.6,-1.4,-2.3,-5.9,4.50,2.73,18.3,53,2.30,0.63
2021-01-27,4.4,-2.1,-0.7,-7.1,0.60,0.00,23.9,329,8.10,1.18
2021-01-28,0.3,-6.4,-7.3,-13.9,0.00,0.00,34.2,330,10.83,1.54
2021-01-29,-3.9,-9.1,-12.7,-17.3,0.00,0.00,38.5,318,12.29,1.47
2021-01-30,1.1,-8.8,-5.0,-14.9,0.00,0.00,21.9,320,12.41,1.46
2021-01-31,-2.7,-7.7,-7.1,-13.0,2.60,1.82,21.4,42,5.26,0.84
2021-02-01,0.8,-4.2,-7.1,-11.5,38.60,27.02,45.7,33,2.10,0.45
2021-02-02,1.6,-1.8,-5.1,-9.8,4.10,2.80,40.9,358,3.32,0.69
2021-02-03,1.5,-2.1,-3.5,-7.3,0.10,0.07,21.0,320,7.69,0.99
2021-02-04,3.5,-3.4,-0.8,-8.3,0.00,0.00,19.8,295,13.27,1.27
2021-02-05,5.1,-3.0,2.0,-7.0,2.20,0.42,20.1,212,10.54,1.14
2021-02-06,4.3,-4.9,-1.6,-9.3,0.00,0.00,28.3,255,13.11,1.38
2021-02-07,0.2,-4.6,-4.3,-8.5,7.70,5.32,23.7,6,3.33,0.44
2021-02-08,-3.4,-10.8,-7.4,-16.0,0.00,0.00,21.9,289,14.16,1.08
2021-02-09,1.0,-9.8,-2.2,-14.2,2.00,0.84,17.5,3,5.11,0.50
2021-02-10,0.3,-9.1,-3.6,-13.9,0.10,0.07,12.3,319,13.70,1.10
2021-02-11,0.5,-5.0,-3.8,-9.2,4.50,3.15,15.9,357,13.08,1.09
2021-02-12,-2.6,-11.5,-6.6,-16.2,0.00,0.00,14.5,5,11.84,0.91
2021-02-13,-2.6,-7.5,-7.4,-13.3,1.30,0.49,18.8,23,7.52,0.81
2021-02-14,2.6,-2.6,-0.3,-7.5,0.50,0.00,15.5,16,7.51,0.85
2021-02-15,0.6,-2.5,-3.1,-7.9,1.30,0.00,18.3,13,4.22,0.63
2021-02-16,8.6,-0.6,5.8,-6.7,31.30,0.00,26.1,232,12.10,1.54
2021-02-17,-1.1,-6.7,-5.4,-12.0,0.00,0.00,22.7,314,14.33,1.29
2021-02-18,-2.4,-5.1,-7.8,-10.0,13.20,9.24,20.8,30,3.47,0.50
2021-02-19,-0.4,-3.3,-4.5,-8.5,5.40,3.78,18.0,15,4.35,0.48
2021-02-20,0.1,-5.3,-5.2,-10.8,0.00,0.00,18.8,301,11.52,1.14
2021-02-21,0.7,-8.3,-3.7,-13.6,0.00,0.00,15.3,285,17.00,1.40
2021-02-22,2.6,-7.6,-1.6,-12.4,13.90,4.13,24.2,219,4.58,0.57
2021-02-23,6.0,-1.5,1.5,-5.9,0.60,0.00,21.7,260,8.36,1.17
2021-02-24,11.3,-0.8,6.7,-4.7,0.00,0.00,23.2,222,15.78,2.13
2021-02-25,8.2,-1.1,2.5,-5.1,0.00,0.00,26.3,298,16.88,2.53
2021-02-26,6.4,-3.1,3.2,-7.1,0.00,0.00,16.0,184,16.45,1.94
2021-02-27,12.0,1.9,9.3,-2.2,11.50,0.00,19.6,199,4.50,0.76
2021-02-28,8.0,0.5,4.6,-2.9,5.20,0.00,19.3,76,4.37,0.81
2021-03-01,9.1,1.9,5.2,-5.4,7.70,0.00,38.8,300,4.79,1.22
2021-03-02,0.4,-7.0,-6.9,-14.6,0.00,0.00,34.7,302,18.04,1.98
2021-03-03,10.9,-2.8,5.6,-7.8,0.00,0.00,21.7,262,17.47,2.56
2021-03-04,6.0,-2.5,-0.5,-9.4,0.00,0.00,33.6,310,12.67,1.99
2021-03-05,2.4,-6.4,-5.1,-12.8,0.00,0.00,30.3,301,18.78,2.21
2021-03-06,1.7,-4.8,-5.2,-9.1,0.00,0.00,24.7,302,11.66,1.61
2021-03-07,4.7,-5.0,-0.3,-9.9,0.00,0.00,16.6,312,17.31,1.98
2021-03-08,6.2,-6.4,1.4,-10.9,0.00,0.00,14.6,305,19.19,2.18
2021-03-09,16.3,0.4,12.3,-4.4,0.00,0.00,22.7,273,18.36,3.45
2021-03-10,10.7,-1.0,7.6,-4.6,0.00,0.00,20.2,107,18.68,2.15
2021-03-11,20.2,2.8,17.8,-0.5,0.00,0.00,18.0,202,17.77,3.25
2021-03-12,19.0,9.9,14.8,4.8,0.10,0.00,26.1,272,17.42,4.03
2021-03-13,9.7,-1.3,3.6,-7.8,0.00,0.00,30.9,303,19.92,3.34
2021-03-14,10.4,-0.5,3.7,-7.6,0.00,0.00,40.5,302,17.18,3.28
2021-03-15,3.1,-5.9,-3.2,-12.8,0.00,0.00,33.6,327,20.70,2.53
2021-03-16,2.7,-3.7,-1.4,-8.3,0.10,0.07,15.3,102,8.67,1.28
2021-03-17,8.0,0.5,4.9,-3.8,0.00,0.00,13.4,100,10.93,1.44
2021-03-18,7.7,4.2,5.3,-0.5,17.70,0.00,28.0,42,2.43,0.42
2021-03-19,5.9,-2.3,-1.2,-10.7,3.60,0.42,35.6,8,20.23,2.75
2021-03-20,12.8,-3.5,10.3,-7.6,0.00,0.00,14.8,279,21.28,2.89
2021-03-21,15.3,-0.4,13.4,-4.3,0.00,0.00,13.3,37,21.50,3.09
2021-03-22,13.4,-0.8,12.0,-4.1,0.00,0.00,14.7,121,21.52,2.77
2021-03-23,16.3,1.7,16.5,-1.7,0.00,0.00,13.2,81,20.48,2.71
2021-03-24,13.4,4.3,11.1,2.0,29.70,0.00,18.1,96,5.62,0.93
2021-03-25,19.7,9.0,20.3,7.1,1.80,0.00,17.4,119,16.06,2.30
2021-03-26,25.9,10.0,22.3,7.3,1.90,0.00,41.1,233,14.66,3.76
2021-03-27,17.8,6.9,16.2,3.9,0.00,0.00,23.2,242,18.24,3.30
2021-03-28,19.2,8.0,16.8,4.9,16.70,0.00,31.6,183,3.88,0.92
2021-03-29,11.8,4.3,6.6,-1.1,0.00,0.00,36.5,292,21.45,3.70
2021-03-30,12.8,0.8,8.7,-2.7,0.00,0.00,29.4,162,22.73,3.01
2021-03-31,17.0,7.6,13.8,4.7,13.40,0.00,28.3,173,9.93,1.76
2021-04-01,11.4,3.2,10.8,-2.4,6.80,0.00,29.9,323,11.23,2.21
2021-04-02,3.8,-3.2,-1.9,-10.4,0.00,0.00,27.0,324,15.38,2.34
2021-04-03,11.1,-2.0,6.6,-7.1,0.00,0.00,17.1,304,24.13,3.35
2021-04-04,16.1,3.8,13.4,-0.2,0.00,0.00,19.1,290,19.90,3.46
2021-04-05,18.3,6.0,13.0,0.8,0.00,0.00,27.7,313,24.03,5.06
2021-04-06,18.6,5.3,14.2,0.3,0.00,0.00,22.4,320,24.55,4.73
2021-04-07,20.2,6.9,19.0,3.1,1.20,0.00,16.4,20,20.85,3.91
2021-04-08,18.1,5.4,17.7,3.2,0.00,0.00,18.6,169,23.52,3.76
2021-04-09,12.5,5.9,10.0,3.8,0.00,0.00,15.6,141,12.48,1.60
2021-04-10,16.6,8.2,15.2,6.6,1.30,0.00,14.8,161,16.54,2.39
2021-04-11,14.8,8.9,14.2,6.4,27.70,0.00,23.6,82,4.28,0.64
2021-04-12,9.2,6.9,7.3,2.6,12.70,0.00,22.8,43,4.56,0.88
2021-04-13,18.6,6.1,16.0,3.2,4.70,0.00,13.8,17,20.66,3.20
2021-04-14,20.2,6.0,18.2,3.7,0.00,0.00,20.6,227,17.27,3.03
2021-04-15,13.2,7.9,13.0,5.1,15.00,0.00,18.8,166,4.45,0.74
2021-04-16,12.4,3.9,8.2,0.4,1.90,0.00,25.5,305,18.69,2.56
2021-04-17,12.2,5.2,9.2,2.7,0.30,0.00,18.9,314,12.36,2.06
2021-04-18,15.6,5.6,13.1,2.5,0.00,0.00,14.2,285,16.38,2.76
2021-04-19,17.1,6.0,16.2,3.5,0.00,0.00,16.2,210,18.62,3.00
2021-04-20,21.8,6.6,18.7,4.2,0.00,0.00,26.8,224,23.77,4.71
2021-04-21,18.5,4.2,16.9,-2.0,2.20,0.00,31.1,258,17.94,3.45
2021-04-22,8.3,1.6,1.5,-5.1,0.00,0.00,34.7,289,18.27,3.20
2021-04-23,15.8,2.2,9.9,-2.6,0.00,0.00,30.1,273,26.07,4.50
2021-04-24,20.2,5.4,18.5,2.1,0.00,0.00,29.0,223,24.64,4.81
2021-04-25,16.9,8.7,13.8,6.4,13.00,0.00,19.7,343,10.69,2.12
2021-04-26,14.1,3.8,8.7,-0.8,0.00,0.00,28.4,312,27.46,4.40
2021-04-27,14.8,4.1,12.0,0.7,0.60,0.14,16.4,153,23.42,3.60
2021-04-28,27.3,8.3,28.1,6.8,0.00,0.00,17.6,139,21.71,4.15
2021-04-29,23.1,12.7,24.2,12.2,2.90,0.00,27.2,200,9.04,2.14
2021-04-30,19.8,8.0,18.7,1.4,0.40,0.00,40.0,289,21.91,5.01
2021-05-01,17.6,5.3,13.3,-1.5,0.00,0.00,33.0,303,27.72,4.89
2021-05-02,26.5,11.5,25.5,7.0,0.00,0.00,24.1,248,21.35,5.52
2021-05-03,16.4,11.8,15.6,10.5,6.20,0.00,14.7,52,7.74,1.81
2021-05-04,22.5,11.5,24.1,9.5,10.90,0.00,22.8,76,15.84,2.70
2021-05-05,15.6,11.0,15.4,8.6,9.20,0.00,22.7,19,6.53,1.19
2021-05-06,17.6,8.9,15.2,5.3,0.00,0.00,23.6,314,26.67,4.70
2021-05-07,16.7,8.0,16.3,4.6,0.00,0.00,16.8,78,23.81,4.00
2021-05-08,11.7,8.0,10.1,5.6,2.70,0.00,20.1,145,12.60,1.89
2021-05-09,17.1,6.0,14.1,3.5,8.30,0.00,20.4,246,18.46,2.98
2021-05-10,15.3,8.3,12.3,5.2,2.90,0.00,20.3,339,13.39,2.40
2021-05-11,17.1,8.3,12.7,4.8,0.30,0.00,27.0,291,21.31,4.11
2021-05-12,18.1,6.1,15.5,1.5,0.00,0.00,20.3,317,27.62,4.69
2021-05-13,19.5,7.6,18.5,4.3,0.00,0.00,16.6,311,26.37,4.84
2021-05-14,22.2,7.7,21.9,5.3,0.00,0.00,15.8,268,26.81,5.12
2021-05-15,22.9,8.5,23.0,6.7,0.00,0.00,13.3,215,26.65,5.14
2021-05-16,22.0,10.3,20.9,8.4,0.00,0.00,22.3,259,20.30,4.31
2021-05-17,23.2,9.8,23.2,8.2,0.00,0.00,19.0,221,25.93,5.03
2021-05-18,26.7,11.3,25.3,9.5,0.00,0.00,14.8,254,24.97,5.44
2021-05-19,28.9,13.3,27.8,12.1,0.00,0.00,19.1,342,28.52,6.40
2021-05-20,21.8,12.7,20.1,11.9,0.00,0.00,20.2,144,28.03,5.06
2021-05-21,23.3,12.0,23.2,10.7,0.00,0.00,19.7,172,28.03,5.11
2021-05-22,31.0,17.0,30.1,16.0,0.00,0.00,21.4,300,19.17,5.40
2021-05-23,31.8,19.8,30.3,17.8,0.00,0.00,28.1,322,22.18,6.33
2021-05-24,19.2,14.0,16.5,10.9,0.00,0.00,22.7,123,18.87,4.11
2021-05-25,21.8,13.4,21.0,11.6,0.00,0.00,26.0,181,24.30,4.61
2021-05-26,29.5,17.7,32.4,17.6,1.80,0.00,25.3,210,23.46,5.26
2021-05-27,28.0,18.8,26.8,16.7,2.60,0.00,21.4,316,29.17,6.66
2021-05-28,19.1,10.7,16.0,6.6,25.50,0.00,26.8,62,14.37,3.37
2021-05-29,11.3,8.7,7.0,3.8,28.10,0.00,32.4,39,5.80,1.21
2021-05-30,11.8,8.6,8.5,4.9,14.10,0.00,30.3,23,4.99,0.96
2021-05-31,20.7,9.6,20.4,6.4,0.80,0.00,21.4,319,15.75,2.92
2021-06-01,24.0,9.8,23.3,8.3,0.00,0.00,18.4,222,20.57,3.99
2021-06-02,21.9,12.8,23.1,12.0,0.00,0.00,17.0,177,19.27,3.58
2021-06-03,22.7,13.4,25.1,13.3,13.80,0.00,13.0,163,12.83,2.21
2021-06-04,25.6,17.9,27.7,18.3,5.10,0.00,17.1,235,15.14,2.94
2021-06-05,31.8,17.4,33.6,18.4,0.00,0.00,21.3,247,27.31,6.12
2021-06-06,31.7,20.4,34.8,20.8,0.00,0.00,16.3,218,25.90,6.01
2021-06-07,30.5,21.0,34.3,23.3,0.30,0.00,17.0,204,22.08,4.72
2021-06-08,30.4,22.1,35.0,25.5,5.80,0.00,16.3,215,19.21,3.92
2021-06-09,30.7,21.6,35.6,24.8,1.40,0.00,11.6,285,24.02,4.93
2021-06-10,26.7,17.1,27.9,16.2,0.20,0.00,23.7,81,25.50,5.42
2021-06-11,21.0,15.6,19.9,14.0,0.50,0.00,14.9,95,11.65,2.66
2021-06-12,21.6,16.3,22.1,17.0,0.40,0.00,15.2,110,15.16,2.88
2021-06-13,23.8,15.0,25.7,15.5,0.10,0.00,19.1,182,19.10,3.68
2021-06-14,21.5,17.8,21.3,18.2,17.80,0.00,22.4,153,16.67,2.79
2021-06-15,25.7,17.6,26.4,17.2,0.60,0.00,17.9,298,24.79,5.02
2021-06-16,23.5,15.5,21.9,14.3,0.00,0.00,20.5,319,29.83,5.94
2021-06-17,24.2,12.6,23.3,11.0,0.00,0.00,13.6,316,30.29,5.89
2021-06-18,27.7,13.6,27.2,12.4,0.00,0.00,20.5,212,27.51,6.11
2021-06-19,32.5,19.7,33.6,19.1,2.00,0.00,22.9,240,21.46,5.37
2021-06-20,29.4,17.5,30.9,18.6,0.30,0.00,21.6,208,24.05,4.79
2021-06-21,28.0,21.8,31.5,25.0,0.50,0.00,27.3,179,23.28,4.45
2021-06-22,24.7,15.4,27.9,13.4,8.80,0.00,24.3,305,9.91,2.17
2021-06-23,23.4,12.6,22.0,10.7,0.00,0.00,17.3,310,26.29,5.18
2021-06-24,23.0,13.8,23.3,13.2,0.00,0.00,20.8,141,29.14,5.19
2021-06-25,24.4,16.1,25.9,16.1,0.00,0.00,22.8,144,28.56,5.02
2021-06-26,26.5,18.8,29.4,20.6,1.80,0.00,25.3,179,19.48,3.60
2021-06-27,29.5,22.3,33.6,24.4,0.50,0.00,19.6,196,19.84,4.43
2021-06-28,32.8,23.1,36.9,25.1,0.00,0.00,23.1,212,24.87,5.92
2021-06-29,33.7,24.2,39.1,26.4,0.00,0.00,23.1,231,25.32,6.09
2021-06-30,35.6,25.1,38.4,28.3,0.00,0.00,19.0,243,24.45,6.47
2021-07-01,28.8,22.1,31.9,25.4,22.90,0.00,13.6,274,14.49,3.17
2021-07-02,24.6,20.2,28.6,22.9,28.00,0.00,10.2,258,12.07,2.43
2021-07-03,19.7,16.8,19.0,15.7,16.70,0.00,27.1,42,11.03,1.95
2021-07-04,25.3,15.9,26.0,16.8,1.70,0.00,12.0,275,23.61,4.32
2021-07-05,26.5,18.2,30.3,20.4,0.20,0.00,22.5,151,23.55,4.57
2021-07-06,33.5,22.2,35.7,22.6,0.60,0.00,29.8,230,24.76,5.93
2021-07-07,32.0,22.2,36.8,25.9,1.00,0.00,19.5,211,24.81,5.17
2021-07-08,28.2,21.6,32.8,22.4,12.20,0.00,23.9,129,15.57,3.16
2021-07-09,30.2,22.0,32.8,22.4,37.20,0.00,33.6,338,17.51,3.75
2021-07-10,26.1,21.1,29.1,22.7,1.00,0.00,15.5,2,18.39,3.55
2021-07-11,24.9,20.2,27.6,22.9,2.50,0.00,17.3,140,11.09,2.23
2021-07-12,28.7,22.5,35.7,25.5,16.20,0.00,13.1,131,14.40,2.91
2021-07-13,26.0,21.3,29.6,23.8,1.80,0.00,13.8,99,12.26,2.46
2021-07-14,30.8,21.8,35.0,24.3,1.30,0.00,14.9,186,20.31,4.17
2021-07-15,29.6,21.4,34.6,24.7,0.10,0.00,15.0,209,23.33,4.83
2021-07-16,32.6,23.5,36.7,27.2,0.40,0.00,13.1,235,24.54,5.46
2021-07-17,30.9,23.6,36.2,27.7,8.70,0.00,22.3,205,22.44,4.68
2021-07-18,28.7,23.4,30.3,24.8,15.00,0.00,20.4,232,21.40,4.60
2021-07-19,27.9,21.1,30.9,22.5,0.20,0.00,13.2,307,21.24,4.47
2021-07-20,31.3,21.3,34.5,23.9,0.00,0.00,17.4,281,25.01,5.23
2021-07-21,28.3,21.3,31.2,23.1,5.30,0.00,14.9,315,20.21,4.10
2021-07-22,27.0,18.0,27.9,18.5,0.00,0.00,15.6,329,23.54,5.06
2021-07-23,26.5,17.7,27.9,17.5,0.00,0.00,12.4,341,24.69,5.15
2021-07-24,27.0,18.4,29.7,20.2,0.00,0.00,17.2,159,24.68,5.07
2021-07-25,28.9,20.2,32.0,21.4,7.90,0.00,20.7,199,16.11,3.81
2021-07-26,32.0,21.9,34.1,24.7,0.00,0.00,13.5,290,23.56,5.12
2021-07-27,30.8,19.6,33.8,21.1,0.10,0.00,24.2,192,23.82,5.37
2021-07-28,27.2,20.6,28.8,22.1,1.10,0.00,17.7,9,23.40,4.69
2021-07-29,25.7,20.0,26.9,22.3,32.20,0.00,27.2,182,13.72,2.69
2021-07-30,28.1,19.6,27.5,17.5,0.00,0.00,25.2,312,25.71,5.71
2021-07-31,26.1,14.7,26.6,14.1,0.00,0.00,22.3,302,26.70,5.28
2021-08-01,24.4,16.6,23.8,17.2,0.70,0.00,21.7,167,18.32,3.82
2021-08-02,26.8,17.5,26.1,17.6,0.00,0.00,19.7,315,24.45,5.04
2021-08-03,24.4,15.9,24.4,15.9,0.00,0.00,11.3,16,13.49,3.12
2021-08-04,24.7,17.8,24.7,18.6,0.80,0.00,14.0,60,12.55,2.75
2021-08-05,27.2,17.7,29.3,18.7,0.10,0.00,14.2,6,13.86,2.98
2021-08-06,28.9,17.3,31.8,18.2,0.00,0.00,21.7,187,23.02,5.11
2021-08-07,29.9,19.8,31.5,21.6,0.00,0.00,26.5,197,20.91,5.17
2021-08-08,22.9,19.1,24.3,20.6,13.20,0.00,20.4,33,10.39,2.24
2021-08-09,26.6,20.4,29.5,21.3,0.70,0.00,18.7,32,15.11,3.14
2021-08-10,27.4,20.5,31.1,23.7,5.90,0.00,18.2,170,15.76,3.06
2021-08-11,32.0,23.2,36.2,27.3,3.40,0.00,22.1,209,21.70,4.55
2021-08-12,35.3,23.1,38.1,26.5,0.00,0.00,21.2,220,23.95,5.98
2021-08-13,33.2,24.9,38.8,28.7,0.00,0.00,20.0,211,23.59,5.55
2021-08-14,31.7,24.4,36.6,25.3,5.20,0.00,18.5,285,18.67,4.43
2021-08-15,27.9,20.5,29.6,19.7,0.00,0.00,18.2,28,23.75,5.25
2021-08-16,26.8,20.2,28.5,21.8,0.00,0.00,18.0,120,15.59,3.51
2021-08-17,26.4,22.2,27.6,24.0,2.30,0.00,21.8,156,12.84,3.11
2021-08-18,27.2,21.3,30.1,24.5,1.90,0.00,26.2,151,11.63,2.45
2021-08-19,30.6,23.6,32.1,26.4,8.30,0.00,25.7,223,16.61,4.02
2021-08-20,26.9,22.3,30.4,24.8,1.80,0.00,12.0,312,9.51,2.27
2021-08-21,27.3,22.2,30.3,26.1,1.20,0.00,15.6,115,12.66,2.66
2021-08-22,23.8,22.5,27.3,24.7,67.30,0.00,19.5,296,1.96,0.64
2021-08-23,28.8,22.1,31.7,22.6,35.10,0.00,28.8,231,15.06,3.18
2021-08-24,31.1,22.0,33.7,24.9,0.00,0.00,14.2,294,23.42,5.03
2021-08-25,31.5,20.3,35.5,22.8,0.00,0.00,10.0,273,21.52,4.53
2021-08-26,32.1,22.8,37.6,26.4,0.10,0.00,16.2,225,21.46,4.59
2021-08-27,32.6,23.7,38.4,28.2,1.60,0.00,10.0,301,20.38,4.31
2021-08-28,26.1,20.3,31.2,20.4,3.30,0.00,24.8,63,9.68,2.30
2021-08-29,24.7,19.4,27.9,20.8,2.00,0.00,13.8,87,8.29,1.93
2021-08-30,28.9,21.8,32.6,25.6,5.20,0.00,16.1,232,13.79,2.85
2021-08-31,29.0,21.4,31.3,24.9,0.00,0.00,16.8,303,17.91,3.89
2021-09-01,23.4,18.5,25.7,14.5,111.50,0.00,45.2,41,3.67,0.96
2021-09-02,24.6,15.4,22.8,12.6,22.40,0.00,41.9,344,22.82,4.80
2021-09-03,22.1,14.4,21.4,13.7,0.00,0.00,15.3,322,16.91,3.47
2021-09-04,25.2,15.0,26.2,15.0,0.00,0.00,15.9,282,21.16,4.07
2021-09-05,24.7,17.1,26.7,17.7,1.20,0.00,15.5,204,9.80,2.16
2021-09-06,27.2,19.3,26.9,20.7,0.00,0.00,20.2,271,20.52,4.28
2021-09-07,26.2,15.6,26.3,16.0,0.00,0.00,13.3,262,22.14,4.29
2021-09-08,26.7,20.0,27.3,20.4,0.60,0.00,26.3,187,16.79,3.72
2021-09-09,23.0,20.0,25.2,21.5,19.40,0.00,18.5,267,4.32,0.99
2021-09-10,23.2,16.3,20.9,15.5,0.00,0.00,25.3,315,21.68,4.40
2021-09-11,25.0,13.5,23.9,13.0,0.00,0.00,16.5,246,19.94,4.01
2021-09-12,29.2,18.6,28.8,17.7,0.00,0.00,25.2,233,19.35,4.68
2021-09-13,29.3,21.9,31.3,22.4,1.60,0.00,21.3,275,17.23,4.27
2021-09-14,25.9,19.5,27.8,21.6,0.10,0.00,18.8,136,18.65,3.56
2021-09-15,30.1,20.9,31.7,23.5,0.80,0.00,23.1,193,17.37,4.00
2021-09-16,24.2,19.5,24.8,20.7,4.00,0.00,20.9,37,11.57,2.38
2021-09-17,23.9,20.4,25.6,21.2,1.60,0.00,20.5,53,9.12,1.83
2021-09-18,27.5,19.5,29.9,21.7,0.40,0.00,15.3,350,14.16,2.95
2021-09-19,23.8,17.1,23.1,16.7,0.00,0.00,18.8,1,20.29,4.07
2021-09-20,22.9,15.3,23.6,16.0,0.30,0.00,17.1,114,16.06,2.98
2021-09-21,23.3,17.0,23.7,17.7,0.10,0.00,16.0,109,13.90,2.76
2021-09-22,25.3,19.9,26.6,22.5,4.90,0.00,30.1,154,13.32,2.48
2021-09-23,26.3,17.9,24.9,18.4,18.40,0.00,40.9,156,13.76,3.05
2021-09-24,22.6,15.7,21.4,15.2,26.20,0.00,15.5,276,19.06,3.60
2021-09-25,22.9,14.1,24.7,13.9,0.00,0.00,7.7,330,19.23,3.34
2021-09-26,21.6,15.8,18.6,13.8,0.00,0.00,24.3,295,18.16,3.96
2021-09-27,26.2,14.9,23.6,12.5,0.00,0.00,25.5,234,18.18,4.78
2021-09-28,22.7,16.7,23.5,14.8,15.30,0.00,19.4,264,8.90,2.41
2021-09-29,20.4,11.7,17.6,9.1,0.10,0.00,22.2,331,15.79,3.40
2021-09-30,19.2,13.4,16.0,11.6,0.00,0.00,20.7,330,13.26,2.84
2021-10-01,19.7,9.9,17.6,8.0,0.00,0.00,12.6,304,18.35,3.17
2021-10-02,24.1,11.0,22.8,10.0,0.00,0.00,17.7,253,17.59,3.34
2021-10-03,26.2,13.1,26.1,12.9,0.00,0.00,13.6,219,16.47,3.12
2021-10-04,21.4,16.9,22.9,16.4,22.80,0.00,19.2,57,5.07,0.96
2021-10-05,20.2,15.4,20.9,15.2,0.00,0.00,15.9,42,7.04,1.47
2021-10-06,20.6,16.3,22.0,16.9,0.00,0.00,6.9,30,7.06,1.36
2021-10-07,22.6,16.3,24.0,17.1,0.40,0.00,11.0,201,10.23,1.88
2021-10-08,24.1,14.2,26.0,14.3,0.00,0.00,12.6,97,12.67,2.33
2021-10-09,20.5,15.5,18.5,14.5,0.40,0.00,22.3,69,8.49,2.12
2021-10-10,19.1,16.7,17.9,15.3,2.80,0.00,28.1,48,4.41,1.32
2021-10-11,21.7,16.6,20.6,15.3,0.00,0.00,27.8,38,10.74,2.25
2021-10-12,21.7,15.6,22.3,15.6,0.00,0.00,12.8,79,11.15,1.92
2021-10-13,21.9,15.2,22.5,16.1,0.10,0.00,12.9,196,7.32,1.42
2021-10-14,25.2,15.5,24.5,16.0,0.00,0.00,16.8,329,13.57,2.72
2021-10-15,25.2,15.1,25.7,15.5,0.00,0.00,18.5,180,14.26,2.83
2021-10-16,24.8,15.3,23.8,13.5,17.80,0.00,27.9,195,11.46,2.60
2021-10-17,17.6,11.4,13.3,8.0,0.20,0.00,24.5,293,14.17,3.00
2021-10-18,16.2,9.3,10.0,6.1,0.00,0.00,33.5,296,13.79,3.19
2021-10-19,19.3,8.5,14.7,4.8,0.00,0.00,24.9,272,14.95,3.51
2021-10-20,24.5,13.9,22.3,10.1,0.00,0.00,21.1,272,14.41,3.90
2021-10-21,23.3,12.0,21.7,10.9,0.00,0.00,17.8,208,14.07,2.88
2021-10-22,20.5,14.5,18.7,12.7,0.00,0.00,17.9,266,11.62,2.70
2021-10-23,16.4,10.8,14.3,7.9,0.40,0.00,14.9,329,8.09,1.90
2021-10-24,15.7,7.5,13.8,5.7,0.70,0.00,13.0,244,11.50,1.90
2021-10-25,23.4,14.1,24.1,14.2,10.90,0.00,20.1,176,8.68,1.75
2021-10-26,17.3,13.9,16.8,11.0,78.80,0.00,31.3,89,4.43,0.90
2021-10-27,16.4,12.3,11.6,8.1,6.80,0.00,36.5,359,9.50,2.40
2021-10-28,15.3,8.3,14.2,5.7,0.00,0.00,20.2,27,11.78,1.99
2021-10-29,14.4,9.0,9.7,5.7,9.30,0.00,38.0,77,5.70,1.72
2021-10-30,18.0,12.6,16.4,8.4,6.70,0.00,40.9,118,9.20,1.63
2021-10-31,18.5,12.6,15.4,10.6,5.90,0.00,22.1,266,10.99,2.01
2021-11-01,14.8,8.1,10.4,5.8,0.00,0.00,21.9,279,12.80,2.36
2021-11-02,11.6,7.3,8.5,4.4,0.70,0.00,14.6,271,5.25,1.26
2021-11-03,11.1,3.7,6.7,0.9,0.10,0.00,17.1,304,12.33,1.79
2021-11-04,10.0,2.9,7.1,0.2,0.00,0.00,10.3,14,11.24,1.54
2021-11-05,10.9,3.5,6.6,0.1,0.00,0.00,15.5,1,12.54,1.73
2021-11-06,10.7,3.2,7.6,0.0,0.00,0.00,9.5,41,12.39,1.62
2021-11-07,12.1,2.9,9.3,0.0,0.00,0.00,11.2,359,11.67,1.60
2021-11-08,16.8,6.8,14.0,2.6,0.00,0.00,19.2,356,11.70,2.18
2021-11-09,19.7,6.1,18.2,3.8,0.00,0.00,10.1,281,11.35,1.88
2021-11-10,17.5,7.9,14.1,4.9,0.40,0.00,22.5,319,11.37,2.21
2021-11-11,15.3,4.2,12.7,1.1,0.40,0.00,25.1,85,10.00,1.70
2021-11-12,18.7,8.9,16.9,6.2,16.10,0.00,40.7,174,4.29,1.28
2021-11-13,16.3,5.1,11.9,-0.3,3.80,0.00,37.8,234,8.16,1.63
2021-11-14,8.6,3.1,4.7,-0.9,0.70,0.00,20.7,232,7.50,1.60
2021-11-15,8.9,2.2,3.5,-0.7,1.10,0.00,31.0,268,6.17,1.32
2021-11-16,9.8,2.1,4.3,-2.4,0.00,0.00,21.3,274,10.58,1.81
2021-11-17,12.5,0.6,10.1,-2.9,0.00,0.00,21.6,171,8.24,1.22
2021-11-18,19.2,9.7,16.7,7.6,2.60,0.00,24.0,224,10.07,1.87
2021-11-19,10.0,3.9,5.9,-0.9,3.00,0.00,29.8,296,10.36,2.15
2021-11-20,6.9,0.4,3.3,-2.9,0.00,0.00,15.5,218,9.67,1.31
2021-11-21,12.1,5.0,9.0,2.2,0.70,0.00,20.5,202,9.55,1.37
2021-11-22,11.5,2.7,9.0,-2.6,1.40,0.00,23.5,287,3.61,1.22
2021-11-23,5.7,-0.2,-0.9,-5.3,0.50,0.28,28.6,319,9.55,1.93
2021-11-24,7.3,-1.4,2.8,-6.4,0.00,0.00,18.2,306,10.14,1.56
2021-11-25,11.5,1.3,8.0,-2.1,0.00,0.00,11.8,240,7.99,1.39
2021-11-26,7.7,1.9,5.1,-4.0,8.40,0.00,29.7,279,4.78,1.19
2021-11-27,4.8,0.7,-2.1,-5.1,0.00,0.00,30.4,294,9.28,1.82
2021-11-28,4.7,0.5,2.2,-3.7,2.00,1.40,10.9,207,4.00,0.57
2021-11-29,6.1,-0.5,0.4,-4.4,0.30,0.00,21.6,312,8.58,1.30
2021-11-30,5.0,-2.4,0.5,-5.9,0.20,0.00,19.0,247,4.95,0.80
2021-12-01,8.8,1.3,4.6,-3.4,0.10,0.00,16.6,253,8.74,1.29
2021-12-02,13.8,5.9,10.7,3.4,2.10,0.00,28.1,217,5.81,1.44
2021-12-03,9.6,1.3,4.2,-2.3,0.00,0.00,27.7,301,7.84,1.83
2021-12-04,8.6,0.6,4.6,-2.8,0.00,0.00,13.7,228,8.55,1.17
2021-12-05,7.8,0.2,4.6,-3.5,0.00,0.00,15.2,339,8.29,1.24
2021-12-06,16.5,8.6,12.6,4.4,5.50,0.00,36.0,201,5.82,1.41
2021-12-07,9.0,1.0,3.9,-3.4,0.10,0.00,28.3,283,8.08,1.58
2021-12-08,5.0,0.7,2.5,-2.5,0.50,0.00,14.7,351,3.28,0.55
2021-12-09,3.9,-1.7,-0.1,-6.2,0.00,0.00,19.7,293,6.86,1.07
2021-12-10,8.7,1.9,6.0,-1.5,0.00,0.00,10.7,187,5.73,0.96
2021-12-11,17.6,5.2,14.5,2.9,6.00,0.00,35.7,208,2.31,0.75
2021-12-12,12.9,3.6,7.4,-1.1,0.90,0.00,34.2,285,9.00,2.35
2021-12-13,10.5,2.2,5.4,-3.0,0.00,0.00,20.1,243,8.13,2.05
2021-12-14,10.7,2.4,6.9,-1.4,0.00,0.00,18.9,323,8.68,1.71
2021-12-15,10.5,1.6,8.0,-2.0,1.00,0.00,22.9,104,7.21,1.11
2021-12-16,14.8,10.1,10.6,6.7,0.00,0.00,24.1,224,7.01,1.71
2021-12-17,14.4,6.3,10.5,2.3,0.00,0.00,22.0,261,8.14,2.28
2021-12-18,7.0,4.7,5.0,1.1,3.70,0.00,12.7,37,1.43,0.59
2021-12-19,7.5,-1.4,5.2,-7.3,0.40,0.00,27.6,327,6.33,1.36
2021-12-20,2.0,-4.3,-2.6,-8.7,0.00,0.00,17.9,295,8.83,1.09
2021-12-21,5.8,-2.0,3.0,-6.2,0.10,0.00,13.8,238,6.39,0.81
2021-12-22,8.3,0.3,2.2,-5.7,4.10,0.00,26.7,314,7.96,1.44
2021-12-23,2.5,-2.1,-2.2,-7.3,0.00,0.00,19.6,299,7.17,1.18
2021-12-24,6.0,-1.4,3.0,-5.0,2.00,1.40,14.8,57,7.19,0.79
2021-12-25,9.2,0.7,6.9,-2.7,4.70,0.00,14.4,282,1.98,0.31
2021-12-26,9.0,3.4,5.8,-0.9,0.20,0.00,23.5,317,6.29,1.25
2021-12-27,2.9,-1.2,-0.8,-4.7,1.70,0.56,13.7,6,2.11,0.58
2021-12-28,8.6,2.9,5.4,-0.7,0.40,0.00,13.0,268,4.15,0.64
2021-12-29,8.0,4.5,5.9,1.3,10.60,0.00,12.4,43,3.11,0.44
2021-12-30,8.8,5.2,7.6,2.3,3.10,0.00,11.2,19,3.03,0.41
2021-12-31,11.4,6.9,9.3,5.0,1.20,0.00,15.1,192,3.39,0.48
2022-01-01,11.8,7.7,10.9,6.0,17.40,0.00,12.9,168,1.61,0.27
2022-01-02,13.9,2.9,11.5,-2.7,17.90,0.00,26.6,315,2.57,0.73
2022-01-03,2.3,-4.1,-3.2,-10.2,1.90,1.33,30.9,359,1.36,1.29
2022-01-04,0.9,-6.4,-4.0,-12.1,0.00,0.00,21.4,292,9.23,1.20
2022-01-05,7.2,-1.9,2.9,-7.2,0.30,0.00,23.0,217,3.19,0.54
2022-01-06,4.4,0.1,-0.9,-3.9,0.00,0.00,19.8,268,8.41,1.26
2022-01-07,-0.1,-5.5,-4.3,-10.9,9.00,6.30,25.5,314,9.17,0.97
2022-01-08,-2.4,-8.7,-6.7,-13.3,0.00,0.00,20.8,276,10.17,0.83
2022-01-09,4.2,-4.8,0.2,-9.9,5.00,0.00,24.0,221,3.48,0.54
2022-01-10,4.3,-3.8,-0.3,-10.1,0.00,0.00,26.3,295,10.02,1.41
2022-01-11,-4.0,-8.5,-10.5,-15.9,0.00,0.00,28.0,317,10.06,1.17
2022-01-12,4.9,-7.2,-0.8,-12.6,0.00,0.00,22.0,214,8.68,1.33
2022-01-13,7.2,-3.1,3.5,-7.1,0.00,0.00,10.0,226,8.23,0.97
2022-01-14,5.3,-4.3,-1.7,-11.4,0.00,0.00,36.4,358,8.15,1.17
2022-01-15,-5.0,-10.9,-10.7,-17.5,0.00,0.00,22.9,344,9.86,1.18
2022-01-16,2.3,-13.0,-4.0,-18.4,4.60,1.89,30.0,33,5.32,0.79
2022-01-17,9.4,0.4,1.2,-6.1,35.80,0.14,54.0,188,4.19,0.88
2022-01-18,2.3,-4.9,-4.7,-9.9,0.00,0.00,31.4,294,8.09,1.47
2022-01-19,7.9,-4.2,2.4,-7.9,0.00,0.00,24.8,210,6.88,1.28
2022-01-20,5.5,-5.2,0.8,-11.9,7.10,1.75,23.6,315,5.71,1.04
2022-01-21,-5.0,-11.2,-11.5,-17.9,0.00,0.00,23.3,3,9.61,1.14
2022-01-22,-1.3,-11.9,-5.1,-18.1,0.00,0.00,19.8,2,11.34,1.12
2022-01-23,3.0,-5.9,-2.4,-11.1,0.30,0.21,14.4,243,9.49,1.36
2022-01-24,0.5,-2.7,-3.6,-6.9,0.20,0.14,15.1,278,7.86,0.85
2022-01-25,6.7,-3.6,1.8,-8.2,0.00,0.00,17.1,270,7.92,1.19
2022-01-26,-2.8,-7.6,-9.0,-12.9,0.00,0.00,21.6,330,11.78,1.27
2022-01-27,0.1,-9.1,-5.7,-13.5,0.00,0.00,18.7,177,11.32,1.11
2022-01-28,0.9,-2.8,-2.5,-7.8,2.50,1.75,19.6,262,4.13,0.71
2022-01-29,-1.6,-12.5,-7.6,-20.6,18.60,13.09,43.9,337,4.92,0.65
2022-01-30,-6.0,-13.5,-10.6,-21.2,0.00,0.00,29.0,289,13.11,0.89
2022-01-31,-3.2,-17.3,-7.3,-22.5,0.00,0.00,13.4,22,12.01,0.83
2022-02-01,-1.4,-13.3,-5.3,-18.6,0.00,0.00,12.4,31,12.99,0.93
2022-02-02,3.8,-7.0,1.0,-11.2,0.00,0.00,11.1,88,10.68,0.90
2022-02-03,9.6,2.5,7.1,-0.4,12.50,0.00,15.7,193,2.38,0.32
2022-02-04,11.9,-1.9,8.9,-6.7,24.00,0.07,29.0,313,2.11,0.34
2022-02-05,-1.6,-6.6,-6.6,-12.5,0.40,0.28,27.8,322,12.89,1.42
2022-02-06,-1.2,-8.6,-6.6,-13.6,0.00,0.00,16.8,76,12.04,1.10
2022-02-07,2.8,-4.5,-1.1,-9.2,4.60,0.49,14.4,7,2.56,0.39
2022-02-08,8.3,-1.1,2.9,-6.5,4.30,0.00,24.4,301,12.95,1.66
2022-02-09,5.0,-4.6,0.3,-8.8,0.00,0.00,17.6,200,13.27,1.48
2022-02-10,11.3,-0.3,6.0,-4.3,0.10,0.00,32.2,243,12.91,1.96
2022-02-11,12.4,-3.5,7.7,-7.3,0.00,0.00,27.2,187,13.75,2.22
2022-02-12,13.7,6.2,9.3,1.2,0.00,0.00,25.4,251,11.91,3.02
2022-02-13,5.3,-3.0,0.3,-8.8,5.70,3.99,19.4,10,3.47,0.84
2022-02-14,-3.1,-10.0,-9.9,-16.5,0.00,0.00,27.6,317,15.26,1.28
2022-02-15,-0.1,-9.0,-5.3,-14.3,0.00,0.00,13.5,279,15.14,1.50
2022-02-16,6.5,-4.8,1.0,-8.9,0.00,0.00,21.3,186,12.31,1.47
2022-02-17,17.2,5.5,12.6,0.7,1.90,0.00,33.4,202,9.18,2.24
2022-02-18,15.7,-2.6,10.6,-6.8,12.90,0.00,44.6,261,14.04,1.99
2022-02-19,3.9,-5.4,-3.3,-11.4,0.40,0.28,36.4,262,10.18,1.65
2022-02-20,2.9,-6.3,-3.2,-13.5,0.00,0.00,25.2,253,15.02,1.89
2022-02-21,10.1,-1.8,6.2,-6.7,0.00,0.00,19.8,193,14.94,1.89
2022-02-22,14.6,0.5,11.8,-2.2,5.10,0.00,40.7,178,6.28,1.15
2022-02-23,19.2,3.9,16.0,-2.5,0.10,0.00,29.7,258,10.53,2.44
2022-02-24,2.5,-1.5,-3.8,-7.0,0.00,0.00,23.5,13,6.17,1.44
2022-02-25,6.9,-1.9,1.0,-9.2,20.00,1.96,30.0,348,5.60,1.00
2022-02-26,3.3,-6.4,-1.9,-12.0,0.00,0.00,28.4,310,12.79,1.67
2022-02-27,8.3,-3.6,1.4,-8.4,0.00,0.00,33.2,261,16.80,2.40
2022-02-28,1.8,-4.5,-3.5,-10.5,0.00,0.00,23.0,332,17.23,1.99
2022-03-01,6.2,-3.5,2.4,-7.8,0.20,0.00,24.6,173,7.43,1.17
2022-03-02,10.8,1.2,6.5,-2.3,0.00,0.00,17.4,274,16.25,2.22
2022-03-03,5.7,-2.7,0.7,-9.1,3.50,0.00,25.5,307,17.38,2.38
2022-03-04,3.5,-6.9,-2.1,-11.8,0.00,0.00,21.3,285,18.20,1.93
2022-03-05,5.6,-4.3,1.4,-8.7,0.10,0.00,20.1,176,12.09,1.57
2022-03-06,19.7,3.4,16.7,0.4,2.00,0.00,31.6,223,8.75,1.87
2022-03-07,23.3,11.3,19.7,9.5,3.60,0.00,38.8,229,12.32,3.43
2022-03-08,13.4,2.0,8.3,-3.7,0.00,0.00,34.8,308,17.95,2.83
2022-03-09,4.0,1.2,0.3,-3.5,15.40,5.25,19.1,68,1.76,0.36
2022-03-10,9.0,-1.7,6.3,-5.4,0.00,0.00,12.7,278,15.93,1.88
2022-03-11,10.8,-0.5,7.1,-4.3,0.00,0.00,22.0,177,18.55,2.23
2022-03-12,6.8,-4.1,4.4,-12.0,15.40,5.04,37.1,315,2.51,0.72
2022-03-13,3.1,-5.9,-4.0,-14.0,0.20,0.14,34.4,266,18.77,2.24
2022-03-14,13.5,-2.4,9.2,-6.3,0.00,0.00,21.7,226,19.16,2.95
2022-03-15,16.0,3.4,13.8,-0.6,0.00,0.00,22.3,212,17.03,2.98
2022-03-16,16.7,3.4,15.8,0.1,0.10,0.00,19.8,167,19.36,2.88
2022-03-17,12.2,4.1,10.4,1.7,6.60,0.00,18.6,37,5.64,0.70
2022-03-18,21.0,7.6,21.0,4.4,0.00,0.00,16.9,172,18.20,2.70
2022-03-19,17.9,7.0,17.3,3.9,3.30,0.00,18.8,145,13.20,2.00
2022-03-20,15.3,7.2,12.2,1.1,0.10,0.00,28.8,284,11.55,2.60
2022-03-21,16.0,5.2,9.8,-0.0,0.00,0.00,30.3,301,19.72,3.98
2022-03-22,13.3,4.7,7.3,-0.5,0.00,0.00,24.3,313,19.89,3.62
2022-03-23,8.1,1.7,3.5,-2.8,3.00,0.00,20.9,76,11.63,2.13
2022-03-24,9.9,3.9,6.8,-0.4,23.10,0.00,26.4,55,5.70,0.80
2022-03-25,16.2,4.9,12.5,2.4,6.10,0.00,29.3,275,17.09,3.00
2022-03-26,10.4,5.0,7.2,-0.3,5.80,0.56,20.5,251,13.87,2.43
2022-03-27,8.0,-0.5,1.6,-7.4,0.30,0.00,27.0,287,13.47,2.47
2022-03-28,0.5,-5.1,-7.4,-12.2,0.10,0.07,32.3,302,19.02,2.46
2022-03-29,3.5,-5.0,-2.9,-12.4,0.00,0.00,30.6,311,20.97,2.54
2022-03-30,5.9,-3.3,1.2,-7.5,0.00,0.00,18.0,208,12.99,1.84
2022-03-31,19.2,3.9,16.1,0.5,5.00,0.00,36.3,195,8.86,2.03
2022-04-01,15.4,5.6,14.3,-0.3,1.90,0.00,34.6,278,13.41,2.53
2022-04-02,11.4,1.6,8.3,-3.8,0.00,0.00,28.2,287,23.14,3.37
2022-04-03,8.8,3.7,6.1,-0.9,3.50,0.00,22.7,273,7.94,1.26
2022-04-04,12.5,2.9,8.2,-2.0,0.10,0.00,25.0,305,17.51,2.96
2022-04-05,12.3,1.5,8.5,-1.5,1.90,0.00,17.2,120,9.97,1.68
2022-04-06,12.9,6.6,9.4,2.5,19.90,0.00,33.6,51,8.34,1.17
2022-04-07,11.4,6.2,7.9,2.6,58.20,0.00,38.6,101,3.59,0.61
2022-04-08,16.9,7.1,13.1,2.9,13.80,0.00,22.4,252,22.76,3.63
2022-04-09,14.2,5.4,10.7,3.0,5.60,0.00,22.1,264,19.61,2.74
2022-04-10,10.2,3.8,3.8,-0.9,0.00,0.00,31.2,308,16.33,2.98
2022-04-11,13.0,2.2,10.8,-2.4,0.00,0.00,19.4,245,23.95,3.43
2022-04-12,20.9,7.8,18.5,4.4,1.60,0.00,19.7,279,17.78,3.30
2022-04-13,18.6,7.5,18.4,5.3,0.00,0.00,18.6,108,20.09,3.20
2022-04-14,28.8,14.3,28.5,12.0,0.10,0.00,27.1,250,20.46,4.78
2022-04-15,19.9,6.4,15.8,3.5,0.10,0.00,27.3,246,25.43,5.29
2022-04-16,20.0,7.5,17.7,4.1,4.10,0.00,26.0,219,15.61,4.06
2022-04-17,10.4,4.3,4.9,-0.7,0.60,0.00,31.0,314,23.15,3.29
2022-04-18,10.3,1.7,6.4,-1.6,7.00,0.00,30.2,89,15.84,2.35
2022-04-19,11.5,4.9,5.9,-1.2,27.60,0.00,42.5,282,20.13,3.13
2022-04-20,14.2,3.5,10.7,-1.9,0.00,0.00,26.6,282,26.06,4.09
2022-04-21,13.2,5.0,9.3,2.5,0.30,0.00,34.2,164,16.13,2.43
2022-04-22,18.5,8.5,15.2,6.0,0.00,0.00,22.3,302,26.18,4.56
2022-04-23,14.8,6.7,13.1,3.4,0.00,0.00,14.2,107,16.29,2.84
2022-04-24,15.8,7.3,12.2,5.0,0.00,0.00,25.4,115,23.81,3.53
2022-04-25,14.7,6.3,11.3,4.0,0.00,0.00,22.4,117,22.20,3.49
2022-04-26,16.5,10.0,16.0,7.6,4.10,0.00,12.5,72,7.29,1.36
2022-04-27,13.4,5.2,12.7,-0.5,0.80,0.00,31.8,303,20.74,3.75
2022-04-28,12.6,3.3,5.7,-2.3,0.00,0.00,34.7,317,26.88,4.56
2022-04-29,15.5,3.4,9.9,-2.6,0.00,0.00,28.4,317,28.31,5.24
2022-04-30,17.9,4.4,14.7,-0.1,0.00,0.00,20.1,323,28.03,5.00
2022-05-01,18.8,5.5,17.8,2.3,1.00,0.00,17.9,141,25.24,4.25
2022-05-02,15.1,10.0,14.1,7.8,2.80,0.00,16.5,65,8.16,1.43
2022-05-03,18.6,7.4,18.4,5.6,0.00,0.00,22.7,89,21.64,3.20
2022-05-04,20.7,9.4,20.1,6.9,5.30,0.00,18.1,167,12.54,2.15
2022-05-05,22.0,11.3,22.7,9.2,0.00,0.00,17.6,10,26.09,4.60
2022-05-06,14.2,9.7,14.0,7.6,21.70,0.00,13.7,123,4.35,0.93
2022-05-07,10.6,7.0,7.0,1.5,28.60,0.00,33.0,49,3.26,0.85
2022-05-08,13.0,7.1,7.1,1.0,2.40,0.00,30.4,45,11.34,3.06
2022-05-09,18.9,6.0,15.6,0.3,0.00,0.00,24.4,34,28.67,5.47
2022-05-10,20.1,8.0,16.7,2.4,0.00,0.00,24.1,39,27.57,5.97
2022-05-11,21.3,8.9,20.0,4.0,0.00,0.00,23.3,42,20.76,4.33
2022-05-12,21.1,10.9,22.3,10.1,0.00,0.00,16.1,67,14.17,2.54
2022-05-13,21.5,14.0,23.0,13.3,1.80,0.00,14.1,83,8.81,1.58
2022-05-14,20.8,14.2,22.5,13.6,7.00,0.00,15.8,141,10.04,1.71
2022-05-15,24.9,14.5,26.6,14.8,1.00,0.00,21.0,175,19.31,3.19
2022-05-16,23.3,15.5,25.6,14.9,6.90,0.00,24.9,213,19.35,3.24
2022-05-17,23.3,11.8,19.2,10.5,0.00,0.00,32.5,285,26.27,5.68
2022-05-18,21.5,11.5,19.7,8.3,0.00,0.00,18.2,298,26.94,5.15
2022-05-19,22.0,12.6,21.8,11.3,14.10,0.00,13.3,160,13.37,2.47
2022-05-20,21.6,11.1,21.8,10.7,5.80,0.00,22.3,122,20.47,3.25
2022-05-21,32.3,16.3,37.9,17.4,0.00,0.00,20.8,173,26.52,5.31
2022-05-22,30.8,20.7,34.7,22.1,1.10,0.00,18.9,235,25.13,5.59
2022-05-23,22.7,15.7,21.1,12.8,0.00,0.00,22.6,357,26.84,5.68
2022-05-24,19.4,13.5,18.0,12.8,0.10,0.00,19.5,113,16.46,3.05
2022-05-25,19.2,11.3,18.9,10.3,0.00,0.00,19.1,135,24.30,4.07
2022-05-26,19.8,11.2,18.5,10.3,0.00,0.00,25.4,152,23.93,3.74
2022-05-27,23.9,16.4,25.4,16.3,12.30,0.00,23.6,175,13.86,2.54
2022-05-28,23.3,18.0,24.5,18.6,6.80,0.00,21.3,267,19.24,3.51
2022-05-29,24.7,14.0,24.9,13.8,0.00,0.00,17.6,244,23.90,4.53
2022-05-30,29.2,15.2,31.6,15.6,0.00,0.00,24.7,201,27.61,5.47
2022-05-31,33.8,21.1,35.9,21.8,0.00,0.00,17.1,283,27.42,6.73
2022-06-01,21.7,15.9,22.8,15.8,8.80,0.00,19.1,118,22.99,3.85
2022-06-02,27.0,16.2,29.7,15.8,7.50,0.00,13.7,202,18.09,3.48
2022-06-03,24.5,18.5,27.7,17.9,2.20,0.00,19.4,103,21.48,4.07
2022-06-04,26.6,13.6,27.4,12.7,0.00,0.00,23.1,220,28.48,5.42
2022-06-05,24.0,13.3,24.4,12.0,0.00,0.00,19.1,10,29.40,5.66
2022-06-06,26.2,13.3,25.9,12.4,0.00,0.00,23.5,191,28.27,5.96
2022-06-07,24.7,14.6,23.8,13.6,0.90,0.00,34.2,178,20.77,4.52
2022-06-08,29.5,19.4,29.5,18.6,0.40,0.00,22.3,223,27.78,5.60
2022-06-09,28.3,19.0,27.5,17.4,9.40,0.00,29.2,251,24.07,5.38
2022-06-10,26.3,15.1,24.8,14.5,0.00,0.00,23.6,292,27.45,5.85
2022-06-11,24.4,15.8,24.9,16.3,0.80,0.00,11.2,285,15.21,3.37
2022-06-12,22.9,16.1,22.8,16.6,8.30,0.00,24.5,177,13.01,2.27
2022-06-13,27.7,17.4,31.4,18.9,4.60,0.00,15.5,219,23.85,4.73
2022-06-14,28.0,19.0,29.6,18.1,0.00,0.00,23.7,21,23.18,5.23
2022-06-15,27.0,17.6,29.5,18.6,0.00,0.00,27.6,142,27.42,5.30
2022-06-16,23.2,17.7,22.9,17.4,13.10,0.00,30.0,171,15.90,3.25
2022-06-17,32.1,19.5,31.7,20.1,0.00,0.00,31.3,270,25.20,6.55
2022-06-18,22.0,15.7,20.3,12.1,0.00,0.00,31.9,320,23.22,5.74
2022-06-19,22.3,12.8,17.3,8.5,0.00,0.00,32.5,325,27.69,6.52
2022-06-20,26.6,13.2,24.6,10.8,0.00,0.00,18.9,309,27.82,6.25
2022-06-21,26.6,14.3,25.8,13.1,2.10,0.00,13.5,175,14.42,3.55
2022-06-22,20.5,17.0,20.4,15.3,2.70,0.00,25.5,128,13.95,2.62
2022-06-23,22.4,16.1,22.4,16.1,1.00,0.00,17.4,127,17.79,3.36
2022-06-24,26.0,14.9,28.5,15.7,0.60,0.00,21.3,191,25.20,4.70
2022-06-25,32.6,18.2,35.2,19.9,0.00,0.00,23.3,207,28.45,6.07
2022-06-26,30.9,20.1,32.0,21.6,0.00,0.00,32.4,187,26.36,6.42
2022-06-27,26.7,19.8,29.2,20.8,8.50,0.00,24.0,224,12.24,3.29
2022-06-28,28.0,19.3,27.6,17.2,0.20,0.00,16.0,333,27.78,6.06
2022-06-29,29.2,17.3,29.8,18.0,0.00,0.00,29.7,194,27.76,6.02
2022-06-30,31.8,17.6,32.2,17.7,0.00,0.00,23.0,266,28.16,6.42
2022-07-01,33.9,20.5,34.9,21.6,0.00,0.00,33.9,214,25.23,6.47
2022-07-02,30.4,23.1,32.9,25.1,14.60,0.00,20.9,227,17.22,4.05
2022-07-03,31.2,21.4,32.3,21.7,0.10,0.00,17.0,347,22.95,5.43
2022-07-04,30.2,18.1,30.5,16.9,0.00,0.00,19.1,293,28.30,6.68
2022-07-05,30.4,20.3,29.9,21.1,0.90,0.00,32.5,191,19.05,4.96
2022-07-06,31.9,21.9,32.5,23.8,0.10,0.00,21.4,298,23.29,5.93
2022-07-07,27.1,20.5,27.7,22.6,0.00,0.00,23.7,111,16.98,4.39
2022-07-08,29.1,19.7,31.6,22.2,1.40,0.00,17.0,171,21.26,4.36
2022-07-09,29.8,20.9,32.3,21.3,0.00,0.00,24.2,102,24.89,5.55
2022-07-10,27.4,18.8,29.2,16.9,0.00,0.00,23.2,108,28.63,6.31
2022-07-11,28.6,17.7,28.8,19.2,0.00,0.00,35.2,188,27.19,6.05
2022-07-12,34.0,19.6,34.6,19.4,0.60,0.00,36.2,221,24.43,6.81
2022-07-13,32.9,21.6,34.4,23.7,0.00,0.00,30.0,201,25.08,6.18
2022-07-14,31.7,21.7,35.4,24.1,0.30,0.00,20.8,329,23.30,5.60
2022-07-15,28.6,20.7,29.3,21.1,0.10,0.00,20.1,114,22.66,5.35
2022-07-16,27.9,20.4,30.9,22.2,13.10,0.00,17.7,151,19.43,3.96
2022-07-17,28.1,20.2,31.2,22.8,1.00,0.00,19.2,166,20.80,4.22
2022-07-18,30.2,22.6,32.4,26.4,13.00,0.00,24.7,200,14.55,3.32
2022-07-19,33.8,21.5,35.5,23.1,0.00,0.00,22.2,266,26.05,6.26
2022-07-20,34.1,22.6,38.3,24.9,0.00,0.00,20.7,209,25.30,6.35
2022-07-21,33.8,24.8,36.8,27.6,2.60,0.00,25.2,214,22.14,5.77
2022-07-22,34.3,21.7,36.9,24.0,0.00,0.00,28.9,209,24.60,5.88
2022-07-23,34.6,23.1,38.0,26.3,0.00,0.00,25.4,199,27.20,6.40
2022-07-24,36.1,24.2,37.6,26.8,0.00,0.00,29.2,233,24.58,7.32
2022-07-25,31.6,25.3,34.8,27.3,24.00,0.00,25.5,222,15.30,4.16
2022-07-26,29.0,20.2,29.4,20.9,0.10,0.00,21.1,273,20.35,5.19
2022-07-27,28.3,18.2,29.6,19.3,0.00,0.00,20.2,184,22.21,4.94
2022-07-28,30.8,22.3,35.2,25.5,1.30,0.00,25.1,196,21.11,4.59
2022-07-29,30.8,22.4,31.7,24.4,0.40,0.00,18.3,255,12.93,3.95
2022-07-30,32.3,22.3,30.7,24.1,0.80,0.00,22.0,315,25.69,6.58
2022-07-31,28.8,19.2,29.4,20.9,0.00,0.00,20.0,149,20.78,4.82
2022-08-01,26.4,20.9,28.7,22.2,7.40,0.00,22.3,201,13.79,3.17
2022-08-02,33.5,21.5,35.2,24.0,0.00,0.00,16.9,240,23.82,5.49
2022-08-03,32.6,21.4,34.6,22.3,0.00,0.00,22.2,210,26.63,6.00
2022-08-04,33.3,21.4,36.2,24.0,0.00,0.00,29.3,191,24.58,5.93
2022-08-05,33.0,23.2,37.0,25.9,0.40,0.00,14.0,222,17.51,4.55
2022-08-06,32.6,23.5,35.0,27.8,1.20,0.00,27.2,214,22.35,5.57
2022-08-07,34.4,23.8,35.1,26.8,5.10,0.00,27.4,225,20.80,5.50
2022-08-08,34.7,25.6,37.1,28.4,0.70,0.00,24.0,222,22.69,6.35
2022-08-09,37.6,26.3,40.9,29.7,7.10,0.00,19.6,251,20.93,5.77
2022-08-10,32.8,23.2,34.7,24.7,0.10,0.00,23.7,11,18.82,4.61
2022-08-11,32.4,23.2,32.6,25.4,0.80,0.00,13.5,335,20.64,4.81
2022-08-12,29.3,21.5,28.0,20.3,0.00,0.00,23.5,5,24.17,6.66
2022-08-13,27.2,17.9,26.3,16.7,0.00,0.00,22.2,10,25.30,6.14
2022-08-14,27.1,16.9,26.2,16.8,0.00,0.00,24.9,180,22.33,5.19
2022-08-15,27.5,18.2,28.1,18.6,0.10,0.00,17.0,161,21.44,4.66
2022-08-16,28.2,18.4,26.3,19.3,0.00,0.00,26.1,63,22.99,5.18
2022-08-17,27.1,18.4,26.2,18.9,0.20,0.00,19.6,9,15.67,3.78
2022-08-18,30.9,17.4,29.4,18.6,0.10,0.00,16.8,288,22.16,5.25
2022-08-19,31.7,17.9,32.2,18.2,0.00,0.00,28.0,194,21.53,5.50
2022-08-20,31.8,21.2,33.6,23.3,0.30,0.00,22.2,186,21.36,5.35
2022-08-21,27.9,20.1,30.1,22.7,0.00,0.00,22.2,151,17.12,3.76
2022-08-22,24.6,21.7,27.9,24.0,17.80,0.00,15.9,135,12.12,2.34
2022-08-23,29.2,21.0,32.7,23.6,5.80,0.00,15.6,222,21.85,4.51
2022-08-24,31.5,19.8,32.2,21.9,0.00,0.00,13.6,289,22.60,5.19
2022-08-25,31.8,19.5,34.1,21.3,0.00,0.00,20.5,229,22.93,5.47
2022-08-26,29.6,21.2,32.6,23.8,16.50,0.00,20.7,212,18.76,4.10
2022-08-27,29.8,20.4,32.0,22.6,0.00,0.00,13.7,22,21.06,4.65
2022-08-28,27.5,21.8,29.2,24.4,1.30,0.00,19.3,110,15.48,3.30
2022-08-29,28.6,21.3,32.0,24.6,0.20,0.00,25.5,173,19.67,4.05
2022-08-30,30.2,21.8,33.4,25.2,1.70,0.00,29.7,186,19.74,4.25
2022-08-31,29.0,20.8,28.6,20.5,0.60,0.00,22.9,293,21.52,5.26
2022-09-01,30.1,19.6,28.8,18.9,0.00,0.00,19.5,296,23.27,6.40
2022-09-02,25.2,15.9,26.6,14.8,0.00,0.00,15.6,70,23.03,4.76
2022-09-03,26.4,17.8,28.4,19.0,0.00,0.00,18.4,138,19.76,4.13
2022-09-04,30.4,20.4,33.3,22.7,1.30,0.00,12.6,209,16.82,3.72
2022-09-05,28.6,21.2,32.5,24.7,5.20,0.00,20.0,144,15.08,3.29
2022-09-06,22.5,20.4,25.9,20.9,31.80,0.00,22.5,118,4.52,1.03
2022-09-07,23.0,18.9,23.0,18.6,2.30,0.00,22.3,47,7.98,2.04
2022-09-08,24.1,18.2,23.8,18.7,0.10,0.00,17.1,29,13.42,2.84
2022-09-09,26.5,16.5,26.2,17.1,0.00,0.00,11.6,59,22.09,4.22
2022-09-10,27.6,15.5,28.0,15.8,0.00,0.00,14.7,207,21.48,4.27
2022-09-11,24.8,18.6,26.6,20.2,15.50,0.00,13.4,204,6.33,1.51
2022-09-12,28.0,20.6,30.9,23.1,10.20,0.00,15.6,222,14.64,2.92
2022-09-13,26.1,20.6,29.6,19.3,6.90,0.00,18.0,216,13.29,2.89
2022-09-14,27.0,16.0,25.6,15.7,0.00,0.00,19.7,283,20.23,4.35
2022-09-15,22.2,16.0,20.9,14.1,0.00,0.00,18.9,328,21.45,4.34
2022-09-16,24.3,12.0,22.8,11.0,0.00,0.00,12.2,335,21.13,3.88
2022-09-17,22.7,17.1,23.9,16.6,0.00,0.00,17.4,118,18.74,3.56
2022-09-18,29.2,17.3,28.6,17.6,0.00,0.00,20.7,233,19.65,4.55
2022-09-19,30.2,19.2,29.9,19.8,1.80,0.00,23.9,240,17.28,4.39
2022-09-20,26.0,18.0,24.6,19.2,0.00,0.00,19.6,298,16.34,3.66
2022-09-21,26.2,16.2,27.8,16.8,0.00,0.00,20.5,249,18.90,3.76
2022-09-22,25.5,14.6,25.9,11.3,7.50,0.00,26.9,274,6.61,2.34
2022-09-23,16.7,10.3,11.3,5.3,0.00,0.00,32.5,323,20.09,4.23
2022-09-24,20.9,9.7,18.8,5.3,0.00,0.00,19.1,295,17.77,3.61
2022-09-25,24.5,11.9,23.3,10.9,2.40,0.00,22.7,211,10.03,2.52
2022-09-26,23.8,13.5,20.5,12.2,0.00,0.00,26.1,240,17.54,3.89
2022-09-27,21.5,13.5,18.1,11.0,0.00,0.00,21.5,245,17.10,3.85
2022-09-28,21.1,10.5,18.2,8.3,0.00,0.00,19.0,298,15.26,3.44
2022-09-29,19.3,11.5,16.6,8.7,0.00,0.00,20.9,10,18.12,3.66
2022-09-30,16.9,10.8,14.2,7.7,0.10,0.00,17.4,36,10.36,2.40
2022-10-01,17.6,11.7,14.7,8.0,21.70,0.00,32.3,39,6.13,1.52
2022-10-02,15.2,10.6,12.1,5.0,12.60,0.00,32.1,33,2.43,2.02
2022-10-03,12.0,9.1,7.3,4.6,18.60,0.00,30.3,28,3.33,1.83
2022-10-04,12.9,8.4,9.9,3.1,187.20,0.00,31.9,17,3.03,0.76
2022-10-05,16.1,12.5,14.8,9.2,7.70,0.00,28.7,15,5.44,1.10
2022-10-06,22.8,11.2,22.1,10.0,0.00,0.00,12.1,312,17.19,2.88
2022-10-07,24.2,11.6,23.2,11.0,0.20,0.00,17.0,273,16.13,3.27
2022-10-08,14.9,7.3,12.0,4.9,0.50,0.00,21.1,318,13.90,2.70
2022-10-09,16.5,6.1,12.4,3.2,0.00,0.00,19.6,257,16.79,2.82
2022-10-10,20.0,7.5,17.2,5.4,0.00,0.00,18.3,255,15.34,2.98
2022-10-11,19.7,7.7,18.9,5.8,0.00,0.00,15.0,230,16.18,2.71
2022-10-12,19.3,9.2,17.7,7.3,0.00,0.00,25.5,188,16.11,2.82
2022-10-13,21.0,13.3,19.5,12.6,5.60,0.00,28.2,163,6.00,1.32
2022-10-14,19.4,10.6,17.4,8.5,8.50,0.00,24.1,319,12.70,2.34
2022-10-15,19.1,7.8,16.6,5.7,0.00,0.00,25.3,172,15.74,2.82
2022-10-16,17.8,10.1,16.5,8.3,0.00,0.00,13.7,293,12.91,2.10
2022-10-17,19.0,10.8,17.3,9.3,4.10,0.00,18.0,202,9.92,1.78
2022-10-18,13.8,7.5,12.6,4.5,0.70,0.00,17.9,275,14.89,2.66
2022-10-19,12.4,4.5,6.5,1.1,0.00,0.00,27.0,241,12.58,2.36
2022-10-20,14.5,5.5,8.8,1.6,0.00,0.00,26.4,223,15.30,2.80
2022-10-21,16.1,6.0,13.5,3.6,0.00,0.00,11.5,216,15.02,2.41
2022-10-22,17.8,6.2,15.8,3.4,0.00,0.00,11.7,187,14.43,2.27
2022-10-23,15.5,10.0,13.2,8.3,17.60,0.00,20.8,29,4.13,1.10
2022-10-24,16.5,12.1,16.2,10.0,12.10,0.00,20.8,32,3.59,0.67
2022-10-25,20.8,14.9,22.7,14.5,2.60,0.00,12.9,110,5.95,0.97
2022-10-26,21.3,15.8,22.7,14.9,0.40,0.00,16.2,207,7.47,1.34
2022-10-27,17.5,10.4,14.5,6.2,0.00,0.00,25.6,331,13.66,2.89
2022-10-28,13.1,6.8,9.1,2.4,0.00,0.00,20.0,31,11.91,2.30
2022-10-29,14.5,5.2,11.6,2.8,0.00,0.00,11.5,27,13.85,1.91
2022-10-30,16.2,4.4,13.9,1.5,0.00,0.00,11.2,17,13.61,1.98
2022-10-31,17.4,10.3,15.8,9.0,6.60,0.00,13.3,216,7.47,1.24
2022-11-01,19.8,13.2,19.2,13.2,7.50,0.00,15.6,268,6.17,1.18
2022-11-02,20.1,10.7,19.2,9.3,0.00,0.00,16.3,351,12.61,2.15
2022-11-03,17.9,8.6,16.6,7.1,0.00,0.00,11.8,130,12.46,1.88
2022-11-04,19.8,8.2,19.8,7.1,0.00,0.00,13.3,197,10.83,1.68
2022-11-05,23.1,15.0,22.8,15.1,0.00,0.00,27.3,182,10.49,2.11
2022-11-06,23.8,17.8,23.9,17.0,2.80,0.00,22.3,193,6.49,1.94
2022-11-07,24.0,14.6,23.6,9.5,0.80,0.00,25.7,272,11.37,3.35
2022-11-08,13.5,8.0,8.9,3.7,0.00,0.00,23.5,356,12.04,3.05
2022-11-09,10.6,4.4,7.8,0.2,0.00,0.00,19.5,41,11.82,1.92
2022-11-10,17.4,6.9,15.4,4.6,0.00,0.00,13.2,220,11.14,1.61
2022-11-11,18.9,11.8,19.1,10.7,25.30,0.00,33.5,164,2.22,0.49
2022-11-12,20.7,14.4,19.5,14.6,1.80,0.00,33.1,230,9.97,2.14
2022-11-13,14.1,6.1,14.1,0.9,2.90,0.00,27.2,316,6.05,1.74
2022-11-14,7.7,2.4,2.9,-1.6,0.00,0.00,19.3,314,11.29,1.93
2022-11-15,7.8,1.6,4.5,-2.0,6.00,0.00,23.5,34,5.85,1.04
2022-11-16,11.3,4.2,7.5,-0.9,12.50,0.00,28.0,319,7.85,1.43
2022-11-17,8.4,2.2,1.4,-3.1,0.00,0.00,31.2,268,9.09,1.89
2022-11-18,6.6,0.4,0.0,-4.1,0.20,0.07,31.1,253,10.50,1.86
2022-11-19,4.5,-1.6,-1.5,-6.0,0.00,0.00,19.7,249,10.87,1.54
2022-11-20,2.4,-1.9,-2.7,-7.4,0.10,0.07,34.0,277,10.65,1.77
2022-11-21,4.2,-3.5,-1.8,-8.0,0.00,0.00,22.5,231,10.47,1.66
2022-11-22,9.6,0.3,5.3,-3.7,0.00,0.00,20.6,247,10.18,1.68
2022-11-23,11.8,1.6,7.8,-2.1,0.00,0.00,13.0,295,10.08,1.75
2022-11-24,10.6,1.0,7.8,-2.4,0.00,0.00,13.0,146,9.64,1.20
2022-11-25,12.1,4.8,8.8,1.7,3.80,0.00,25.9,263,3.86,0.97
2022-11-26,12.4,4.6,8.2,0.3,0.00,0.00,19.7,282,9.67,1.99
2022-11-27,13.9,5.2,12.2,1.7,12.20,0.00,27.2,216,2.61,0.88
2022-11-28,12.1,5.0,8.2,0.7,0.00,0.00,27.8,296,7.57,1.81
2022-11-29,6.3,0.3,2.8,-3.1,0.00,0.00,14.0,353,7.71,0.97
2022-11-30,12.9,1.5,8.7,-1.3,14.90,0.00,37.4,205,1.05,0.72
2022-12-01,6.2,0.5,-0.1,-5.3,0.00,0.00,28.7,279,8.12,1.86
2022-12-02,5.2,-3.0,1.0,-6.8,0.00,0.00,10.9,228,9.35,1.05
2022-12-03,13.5,4.3,9.9,0.9,8.80,0.00,33.3,224,1.46,0.90
2022-12-04,7.0,0.4,2.6,-3.6,0.00,0.00,23.2,304,9.14,1.49
2022-12-05,6.6,-2.5,2.9,-6.2,0.00,0.00,11.7,211,8.58,1.01
2022-12-06,12.5,0.7,10.3,-2.0,11.50,0.00,22.6,143,1.07,0.40
2022-12-07,14.6,11.4,15.1,8.7,10.50,0.00,22.8,206,1.77,0.39
2022-12-08,11.6,6.0,9.0,2.0,0.00,0.00,20.4,329,5.75,1.34
2022-12-09,7.1,0.9,1.9,-5.0,0.00,0.00,20.6,2,9.15,1.56
2022-12-10,4.8,-1.4,0.3,-6.8,0.00,0.00,18.5,32,8.85,1.31
2022-12-11,4.3,1.1,0.4,-3.5,10.70,2.03,17.7,51,1.37,0.47
2022-12-12,4.3,-2.1,-1.4,-6.8,1.10,0.63,22.1,3,7.56,0.87
2022-12-13,5.0,-4.4,0.7,-9.3,0.00,0.00,14.8,327,9.16,1.10
2022-12-14,4.5,-1.7,-0.3,-7.2,0.00,0.00,19.5,327,8.99,1.31
2022-12-15,4.8,-1.4,0.3,-6.4,17.30,0.00,30.1,55,1.32,0.50
2022-12-16,6.7,3.5,1.0,-1.6,14.50,0.21,34.9,30,1.72,0.41
2022-12-17,7.0,1.0,1.0,-3.2,0.30,0.00,24.8,277,8.17,1.43
2022-12-18,4.1,-2.5,-1.8,-6.4,0.00,0.00,22.3,282,6.99,1.17
2022-12-19,3.7,-2.2,-2.7,-7.8,0.00,0.00,23.4,287,8.78,1.46
2022-12-20,3.8,-2.1,-0.8,-6.6,0.00,0.00,19.2,315,8.78,1.19
2022-12-21,3.1,-3.9,-0.2,-7.7,0.00,0.00,9.3,351,8.61,0.83
2022-12-22,6.8,-2.3,2.1,-5.7,9.50,0.00,30.4,58,2.00,0.39
2022-12-23,12.8,-12.7,8.0,-21.7,23.00,0.42,46.0,207,2.01,0.65
2022-12-24,-4.6,-13.5,-12.5,-22.5,0.00,0.00,35.7,260,8.73,1.20
2022-12-25,-1.6,-10.0,-8.3,-17.3,0.00,0.00,25.2,248,8.92,1.31
2022-12-26,-0.9,-8.0,-6.5,-13.9,0.00,0.00,19.5,265,8.72,1.25
2022-12-27,2.9,-4.9,-2.2,-9.9,0.00,0.00,14.9,251,8.69,1.14
2022-12-28,6.8,-3.9,1.4,-8.0,0.00,0.00,19.2,223,8.46,1.14
2022-12-29,8.6,-1.0,4.7,-4.8,0.00,0.00,16.0,224,8.33,1.07
2022-12-30,13.6,1.5,11.0,-2.1,0.00,0.00,13.6,216,8.22,1.27
2022-12-31,11.1,6.0,10.2,3.3,6.30,0.00,13.2,211,1.64,0.27
2023-01-01,12.0,5.0,9.6,1.8,2.10,0.00,17.4,280,8.02,1.10
2023-01-02,12.9,4.6,10.9,1.7,0.50,0.00,9.0,248,6.03,0.91
2023-01-03,12.9,6.3,11.4,4.2,9.50,0.00,19.4,193,1.45,0.26
2023-01-04,18.0,9.6,18.2,8.4,2.30,0.00,18.2,215,6.60,0.95
2023-01-05,13.2,7.5,12.7,5.8,0.00,0.00,12.1,73,4.19,0.60
2023-01-06,8.7,3.3,5.4,-1.0,9.60,0.00,16.3,308,3.97,0.66
2023-01-07,8.3,0.5,3.2,-3.7,0.00,0.00,20.2,294,6.81,1.31
2023-01-08,4.3,-2.3,1.0,-6.1,0.00,0.00,13.7,293,8.83,1.07
2023-01-09,7.3,0.8,2.3,-3.5,1.50,0.21,17.9,282,8.08,1.07
2023-01-10,6.3,0.1,2.1,-4.2,0.00,0.00,14.6,286,5.39,1.00
2023-01-11,3.9,-1.2,-0.2,-5.8,0.00,0.00,13.8,45,6.60,0.94
2023-01-12,9.8,-0.6,8.3,-4.4,11.90,0.00,21.0,116,1.88,0.44
2023-01-13,12.7,3.1,10.0,-2.9,1.60,0.00,27.1,246,3.83,1.13
2023-01-14,2.9,-0.5,-2.9,-7.2,0.00,0.00,26.3,351,2.25,1.43
2023-01-15,5.2,-1.7,-1.9,-9.3,0.00,0.00,33.8,354,9.62,2.02
2023-01-16,8.2,-2.4,3.4,-9.4,0.00,0.00,26.3,337,9.98,2.05
2023-01-17,7.5,-2.0,3.5,-6.3,1.40,0.00,13.3,249,5.61,1.11
2023-01-18,10.8,3.0,6.0,-0.6,1.70,0.00,25.5,281,7.43,1.30
2023-01-19,5.7,2.4,2.5,-0.8,23.50,0.00,16.3,44,1.35,0.28
2023-01-20,9.0,1.9,3.1,-2.0,0.60,0.00,30.7,287,6.52,1.19
2023-01-21,6.2,-1.9,2.0,-5.7,0.20,0.00,19.9,318,7.74,1.27
2023-01-22,5.6,-3.4,2.1,-7.2,5.40,0.00,15.8,105,5.51,0.78
2023-01-23,3.1,1.3,-1.0,-4.3,16.90,0.28,25.0,331,2.19,0.45
2023-01-24,7.8,-1.1,1.4,-5.7,0.00,0.00,27.7,272,10.28,1.55
2023-01-25,10.6,-2.4,5.0,-6.1,20.00,0.42,44.7,118,2.25,0.44
2023-01-26,11.9,3.0,9.9,-2.0,14.50,0.00,36.0,256,9.62,1.80
2023-01-27,6.2,-1.6,0.9,-5.2,0.00,0.00,19.2,251,9.36,1.43
2023-01-28,10.9,-0.8,5.5,-5.4,0.00,0.00,23.8,230,10.31,1.85
2023-01-29,10.5,0.2,5.7,-3.7,0.00,0.00,22.5,213,5.00,1.28
2023-01-30,11.7,2.5,8.8,-0.5,0.00,0.00,13.2,227,9.72,1.30
2023-01-31,6.5,0.5,3.8,-4.9,2.50,0.42,19.1,340,3.56,0.96
2023-02-01,3.2,-3.3,-1.8,-8.1,1.60,1.12,16.5,346,11.57,1.47
2023-02-02,4.1,-4.4,-1.9,-8.5,0.00,0.00,19.1,233,11.74,1.46
2023-02-03,0.3,-10.7,-5.5,-20.8,0.00,0.00,42.2,300,12.65,1.66
2023-02-04,-3.9,-16.5,-9.8,-23.8,0.00,0.00,39.8,292,12.72,1.37
2023-02-05,9.2,-4.7,3.6,-10.4,0.00,0.00,19.1,213,9.78,1.78
2023-02-06,10.2,-1.0,4.2,-5.1,0.00,0.00,29.2,345,10.76,1.73
2023-02-07,3.7,-4.1,-0.8,-8.9,2.60,0.14,21.6,126,10.27,1.21
2023-02-08,10.5,1.2,5.9,-2.5,0.70,0.00,22.5,292,12.17,1.58
2023-02-09,11.2,-1.8,8.3,-5.4,0.00,0.00,20.9,157,3.54,0.79
2023-02-10,14.1,6.0,10.0,1.3,0.00,0.00,28.1,263,12.94,2.49
2023-02-11,6.8,0.5,2.3,-4.8,0.00,0.00,23.5,307,13.64,2.05
2023-02-12,6.9,-0.6,3.4,-4.0,0.80,0.42,18.7,37,7.75,1.16
2023-02-13,13.4,2.5,8.9,-3.5,1.80,0.35,23.9,334,13.84,2.80
2023-02-14,11.4,2.6,7.0,-3.0,0.00,0.00,23.2,288,14.15,2.55
2023-02-15,17.0,3.1,12.7,-0.3,0.00,0.00,26.9,204,12.30,2.66
2023-02-16,19.3,9.3,18.2,6.1,2.90,0.00,17.6,226,8.23,1.97
2023-02-17,15.4,0.4,13.1,-6.8,8.10,0.00,33.8,269,3.34,1.01
2023-02-18,5.8,-2.7,0.5,-8.6,0.00,0.00,28.9,285,15.05,2.09
2023-02-19,8.2,-0.4,3.6,-4.1,0.00,0.00,29.8,187,8.86,1.38
2023-02-20,15.4,5.6,11.0,3.0,0.00,0.00,25.3,256,8.05,1.62
2023-02-21,8.4,2.0,5.7,-2.0,7.10,0.42,17.8,32,6.00,0.90
2023-02-22,5.6,-0.8,2.4,-4.5,4.40,0.28,15.0,360,6.31,0.88
2023-02-23,7.8,2.7,4.7,-1.5,0.60,0.00,16.1,63,8.11,0.96
2023-02-24,7.5,-2.1,2.7,-8.1,0.00,0.00,35.3,321,13.99,2.04
2023-02-25,0.3,-5.6,-3.6,-10.7,0.70,0.49,19.8,347,6.13,0.86
2023-02-26,10.2,-3.8,4.2,-7.6,0.00,0.00,34.7,247,13.55,1.78
2023-02-27,5.0,-2.2,1.8,-6.6,3.80,2.59,23.7,100,14.34,1.84
2023-02-28,2.2,-0.6,-0.9,-5.0,13.10,7.28,24.8,47,2.22,0.33
2023-03-01,5.9,-2.5,2.6,-6.7,3.40,1.75,22.0,106,15.02,1.55
2023-03-02,13.8,2.3,9.9,-0.1,1.50,0.00,23.2,331,10.24,1.76
2023-03-03,7.5,-1.6,3.1,-5.0,2.80,0.00,30.4,76,10.93,1.63
2023-03-04,7.2,3.3,2.7,-1.4,41.80,0.00,38.4,19,6.27,1.01
2023-03-05,12.3,-0.4,6.6,-3.9,0.00,0.00,27.4,305,14.73,2.33
2023-03-06,10.2,1.4,4.8,-3.0,0.00,0.00,23.1,306,15.47,2.48
2023-03-07,7.5,1.2,1.3,-5.6,2.70,1.75,36.3,318,17.76,2.57
2023-03-08,9.5,-2.1,3.0,-8.8,0.00,0.00,34.6,338,17.54,2.55
2023-03-09,10.5,-0.5,5.3,-5.9,0.00,0.00,22.3,342,15.22,2.37
2023-03-10,7.5,-1.3,3.9,-5.5,7.30,0.00,16.8,65,9.76,1.38
2023-03-11,7.0,1.8,2.3,-3.4,13.10,1.33,25.8,13,7.61,1.10
2023-03-12,7.9,-1.1,4.6,-5.6,0.00,0.00,19.2,356,14.84,2.02
2023-03-13,5.9,3.7,1.9,-0.1,16.70,0.00,20.5,67,2.45,0.45
2023-03-14,3.4,1.2,-1.3,-6.7,12.20,2.94,44.3,296,4.80,1.15
2023-03-15,7.1,0.9,-0.7,-7.1,0.00,0.00,38.7,308,17.78,2.80
2023-03-16,13.4,-1.3,8.9,-6.0,0.00,0.00,19.9,283,18.65,3.07
2023-03-17,14.4,2.5,10.6,-1.2,0.00,0.00,22.2,201,12.35,2.30
2023-03-18,11.1,3.1,8.0,-1.1,0.70,0.00,26.1,290,18.30,2.91
2023-03-19,3.8,-2.8,-2.2,-9.0,0.00,0.00,27.3,279,20.40,2.65
2023-03-20,10.7,-3.3,5.4,-7.3,0.00,0.00,17.8,236,21.11,2.82
2023-03-21,15.8,-1.0,10.8,-4.8,0.00,0.00,20.1,242,21.06,3.68
2023-03-22,13.3,2.4,9.9,-1.4,0.00,0.00,23.1,184,16.32,2.45
2023-03-23,15.0,5.3,13.1,2.5,2.80,0.00,24.5,230,9.04,1.43
2023-03-24,13.1,5.7,10.7,1.2,0.20,0.00,19.1,326,11.46,2.19
2023-03-25,7.5,3.0,4.2,-0.4,11.50,0.00,31.4,72,3.35,0.76
2023-03-26,15.1,3.3,11.0,0.1,0.00,0.00,24.5,272,21.92,3.51
2023-03-27,14.9,2.6,11.4,-1.0,2.60,0.00,23.7,70,16.57,2.71
2023-03-28,11.2,3.1,7.8,0.1,0.60,0.00,21.1,350,10.66,1.63
2023-03-29,11.0,-0.1,8.5,-3.7,0.00,0.00,24.2,188,22.18,3.07
2023-03-30,7.6,-1.5,2.6,-7.9,0.10,0.00,28.5,309,22.74,3.04
2023-03-31,10.1,-0.8,7.5,-4.7,0.00,0.00,29.4,167,12.03,1.63
2023-04-01,19.7,9.6,17.4,7.8,10.10,0.00,26.7,225,8.56,2.09
2023-04-02,10.7,3.3,5.5,-2.7,0.00,0.00,35.3,311,23.72,3.63
2023-04-03,13.4,-0.2,9.0,-4.2,0.00,0.00,30.9,157,22.71,3.04
2023-04-04,18.7,6.0,18.7,4.0,0.00,0.00,16.8,168,19.42,2.97
2023-04-05,13.6,9.4,12.4,6.4,0.40,0.00,20.5,74,6.54,1.17
2023-04-06,26.5,10.7,25.5,10.0,3.30,0.00,18.7,253,16.41,3.13
2023-04-07,14.0,6.9,11.9,0.8,0.00,0.00,21.9,319,8.72,3.17
2023-04-08,10.4,1.8,8.6,-2.2,0.00,0.00,19.9,314,20.94,3.29
2023-04-09,11.8,1.2,10.1,-2.2,0.00,0.00,24.2,136,23.91,3.10
2023-04-10,17.9,2.2,16.0,-0.8,0.00,0.00,18.8,214,24.35,3.69
2023-04-11,23.0,6.5,18.5,2.4,0.00,0.00,26.0,249,23.21,5.75
2023-04-12,27.5,15.6,24.4,10.5,0.00,0.00,24.1,282,21.36,6.43
2023-04-13,31.1,12.0,29.3,9.9,0.00,0.00,20.6,266,24.13,6.53
2023-04-14,29.6,13.9,29.4,11.2,0.00,0.00,19.2,212,23.37,5.95
2023-04-15,21.0,14.6,21.6,14.9,5.00,0.00,19.5,160,16.30,2.71
2023-04-16,21.0,12.3,21.9,10.9,0.00,0.00,17.7,136,15.83,2.54
2023-04-17,20.1,11.6,18.3,8.3,3.10,0.00,24.5,232,14.07,2.92
2023-04-18,14.5,7.1,8.6,2.0,0.10,0.00,36.5,267,19.14,4.26
2023-04-19,17.5,4.3,13.4,1.1,0.00,0.00,24.5,284,22.28,3.88
2023-04-20,15.9,5.8,15.2,2.8,0.00,0.00,16.2,98,23.66,3.61
2023-04-21,19.1,8.2,17.3,6.4,0.00,0.00,23.9,107,24.80,3.83
2023-04-22,19.8,9.9,19.2,7.9,15.70,0.00,30.5,115,20.13,2.95
2023-04-23,19.2,11.3,16.9,7.2,18.40,0.00,20.6,289,15.62,2.99
2023-04-24,16.2,6.3,13.3,3.1,0.00,0.00,19.1,287,23.30,3.95
2023-04-25,15.2,5.6,11.6,2.5,0.30,0.00,13.2,316,20.71,3.39
2023-04-26,13.9,6.2,11.9,3.7,0.90,0.00,22.1,138,18.35,2.67
2023-04-27,13.5,7.4,11.2,5.3,0.70,0.00,16.8,146,15.64,2.20
2023-04-28,13.1,6.8,9.0,4.5,6.10,0.00,23.3,82,9.23,1.84
2023-04-29,12.3,8.8,10.4,4.6,59.50,0.00,30.7,74,3.99,0.73
2023-04-30,14.9,10.5,14.0,7.5,22.20,0.00,27.5,72,5.26,0.73
2023-05-01,15.7,7.6,14.0,2.5,1.80,0.00,38.6,242,22.51,3.92
2023-05-02,13.5,8.4,8.6,5.1,0.80,0.00,26.9,241,17.67,2.87
2023-05-03,12.6,5.8,9.4,2.9,0.70,0.00,14.8,258,17.95,2.68
2023-05-04,14.5,6.4,12.1,3.2,1.70,0.00,16.3,6,17.13,2.50
2023-05-05,17.2,6.9,16.2,4.9,3.50,0.00,11.9,341,22.17,3.30
2023-05-06,21.1,6.6,18.9,4.5,0.00,0.00,19.0,313,22.80,4.23
2023-05-07,23.8,9.3,23.3,6.7,0.00,0.00,22.1,268,26.27,4.94
2023-05-08,23.7,12.9,21.8,11.9,0.00,0.00,21.2,323,26.13,5.12
2023-05-09,19.3,9.8,19.2,7.3,0.00,0.00,21.7,55,23.19,4.40
2023-05-10,21.2,7.2,20.3,5.0,0.00,0.00,19.8,243,28.45,4.78
2023-05-11,25.4,9.6,25.9,7.8,0.00,0.00,21.7,242,27.99,5.53
2023-05-12,29.6,13.0,28.8,11.6,0.00,0.00,15.3,236,24.40,5.42
2023-05-13,27.4,17.6,26.6,14.0,0.00,0.00,19.7,305,15.57,4.67
2023-05-14,22.9,12.6,20.9,9.0,0.00,0.00,22.0,354,28.20,6.13
2023-05-15,25.4,9.7,22.8,6.8,0.00,0.00,18.7,290,29.52,6.59
2023-05-16,27.8,12.8,23.2,9.9,0.00,0.00,24.9,248,27.75,7.30
2023-05-17,18.8,10.7,16.6,6.0,0.00,0.00,26.4,336,29.49,5.86
2023-05-18,14.3,6.9,12.3,3.4,0.00,0.00,22.1,136,29.56,4.49
2023-05-19,19.6,10.5,17.4,9.1,0.00,0.00,33.0,163,22.71,3.95
2023-05-20,17.6,13.6,19.6,11.9,26.90,0.00,15.9,125,5.78,1.10
2023-05-21,21.9,13.0,19.5,10.2,0.60,0.00,23.0,318,19.59,4.02
2023-05-22,23.0,12.3,23.4,11.1,0.20,0.00,20.6,64,23.94,4.31
2023-05-23,19.5,11.1,20.1,10.4,0.00,0.00,21.5,122,27.35,4.17
2023-05-24,21.9,9.9,21.8,8.4,0.70,0.00,25.0,81,26.49,4.71
2023-05-25,19.2,10.1,16.7,5.5,0.00,0.00,25.9,10,29.74,5.32
2023-05-26,22.3,10.1,19.9,8.3,0.00,0.00,15.3,17,29.75,5.44
2023-05-27,24.4,9.9,24.7,7.6,0.00,0.00,20.1,162,29.18,5.65
2023-05-28,23.7,11.7,23.1,10.2,0.00,0.00,19.9,191,28.98,5.60
2023-05-29,24.7,13.8,25.4,12.7,0.00,0.00,28.5,111,28.91,5.71
2023-05-30,20.4,11.8,21.5,9.8,0.00,0.00,18.6,98,29.84,4.92
2023-05-31,22.6,10.8,23.7,9.9,0.00,0.00,15.3,117,29.90,5.02
2023-06-01,27.4,12.3,29.2,12.4,0.00,0.00,17.4,161,29.24,5.58
2023-06-02,30.8,15.2,33.5,14.4,0.00,0.00,17.1,152,27.11,5.72
2023-06-03,20.2,14.1,20.3,10.9,3.50,0.00,22.3,64,12.57,3.00
2023-06-04,21.5,10.5,17.0,8.4,0.10,0.00,25.0,21,17.81,4.17
2023-06-05,24.0,11.6,21.7,10.1,0.00,0.00,21.5,337,18.57,4.44
2023-06-06,25.8,14.6,24.7,12.3,0.20,0.00,33.9,321,25.94,6.02
2023-06-07,25.1,13.3,22.4,10.9,0.00,0.00,21.3,307,29.08,6.57
2023-06-08,22.4,10.7,20.0,8.9,0.00,0.00,19.2,296,25.00,4.74
2023-06-09,22.9,11.7,21.9,10.7,0.90,0.00,20.0,297,22.83,4.29
2023-06-10,26.4,12.3,24.9,11.3,0.20,0.00,18.1,298,25.29,5.12
2023-06-11,27.2,16.4,28.2,15.8,0.00,0.00,18.6,162,21.62,4.69
2023-06-12,24.0,19.3,24.3,19.2,8.50,0.00,27.0,150,16.79,3.39
2023-06-13,26.4,16.2,25.5,15.5,0.00,0.00,21.6,278,26.07,5.52
2023-06-14,24.7,14.9,24.9,14.1,9.50,0.00,24.1,212,16.91,3.48
2023-06-15,26.2,15.0,24.2,13.2,0.00,0.00,20.4,291,21.96,5.13
2023-06-16,25.9,15.2,25.3,15.4,10.80,0.00,18.8,172,16.31,3.29
2023-06-17,25.5,14.8,22.7,14.0,0.10,0.00,31.6,320,26.27,5.70
2023-06-18,26.5,15.8,24.8,13.9,0.00,0.00,19.2,312,19.14,4.96
2023-06-19,25.3,16.3,27.8,16.1,1.40,0.00,20.0,88,25.53,4.84
2023-06-20,23.5,16.5,23.6,16.6,0.00,0.00,21.3,100,20.02,4.02
2023-06-21,22.9,15.5,20.5,14.2,0.30,0.00,23.4,76,18.63,4.16
2023-06-22,21.1,15.5,21.8,13.0,0.30,0.00,25.0,54,10.07,2.71
2023-06-23,22.9,17.1,23.6,18.1,12.40,0.00,21.8,121,10.60,2.00
2023-06-24,25.7,19.3,28.6,20.7,21.20,0.00,16.9,168,17.71,3.16
2023-06-25,28.6,18.7,33.0,20.6,1.90,0.00,17.9,182,23.44,4.43
2023-06-26,25.6,19.1,28.8,20.9,4.60,0.00,20.3,126,17.97,3.25
2023-06-27,26.4,19.4,29.2,21.1,18.70,0.00,18.8,171,14.77,2.81
2023-06-28,28.7,18.9,31.1,21.1,2.10,0.00,13.8,286,21.79,4.38
2023-06-29,28.7,16.3,28.8,16.8,0.00,0.00,14.3,311,22.02,4.71
2023-06-30,29.3,17.1,31.1,18.7,0.00,0.00,21.1,176,25.39,5.26
2023-07-01,26.9,17.7,27.6,18.8,0.00,0.00,24.7,168,25.63,5.28
2023-07-02,31.3,20.4,34.7,21.6,16.10,0.00,20.6,190,19.22,4.15
2023-07-03,31.2,22.4,35.1,25.3,17.80,0.00,16.8,238,20.75,4.36
2023-07-04,29.4,21.3,34.5,24.8,5.40,0.00,13.2,264,19.32,3.85
2023-07-05,32.3,21.1,37.6,24.8,0.00,0.00,15.2,174,26.43,5.55
2023-07-06,31.3,21.5,34.7,24.7,0.00,0.00,20.0,170,27.84,5.84
2023-07-07,29.7,21.9,34.6,25.7,0.60,0.00,18.4,148,22.30,4.49
2023-07-08,29.6,22.6,35.0,25.4,4.40,0.00,15.2,157,20.59,4.27
2023-07-09,27.0,21.6,29.7,24.1,18.50,0.00,14.9,150,11.00,2.24
2023-07-10,28.7,21.3,29.8,23.5,1.30,0.00,17.2,325,19.99,4.20
2023-07-11,31.8,17.1,34.3,17.5,0.00,0.00,10.6,286,27.44,5.87
2023-07-12,33.1,19.7,35.3,21.2,0.00,0.00,16.3,245,27.00,6.16
2023-07-13,31.9,21.3,33.0,23.2,0.20,0.00,24.4,186,23.11,5.72
2023-07-14,28.3,21.4,32.8,24.7,36.60,0.00,20.7,153,18.46,3.65
2023-07-15,29.5,20.5,36.1,23.6,8.00,0.00,16.8,148,19.96,3.88
2023-07-16,26.0,21.9,30.5,24.4,41.40,0.00,18.2,197,6.61,1.44
2023-07-17,31.8,20.1,35.3,22.7,0.10,0.00,17.6,211,25.70,5.37
2023-07-18,29.7,21.4,33.8,24.6,8.30,0.00,17.1,203,23.03,4.56
2023-07-19,27.6,18.8,31.2,20.3,3.80,0.00,10.9,233,16.64,3.34
2023-07-20,28.6,20.0,32.2,22.8,0.50,0.00,14.9,107,24.54,5.03
2023-07-21,29.6,21.9,32.4,24.2,3.50,0.00,15.6,198,22.08,4.41
2023-07-22,28.5,18.6,29.9,18.7,0.00,0.00,15.1,326,26.26,5.56
2023-07-23,30.1,17.4,31.9,18.1,0.50,0.00,19.3,258,25.03,5.41
2023-07-24,28.8,18.6,31.1,19.3,1.90,0.00,23.1,182,23.34,5.17
2023-07-25,28.7,19.3,33.0,21.7,9.00,0.00,15.1,218,18.33,3.51
2023-07-26,30.1,17.1,33.5,18.2,0.40,0.00,20.9,211,25.36,5.39
2023-07-27,33.9,22.3,36.2,24.5,0.70,0.00,27.5,223,22.79,5.42
2023-07-28,34.3,21.4,37.2,24.9,0.00,0.00,17.3,253,25.41,5.76
2023-07-29,33.9,23.4,35.8,22.4,4.30,0.00,32.8,262,22.42,5.93
2023-07-30,26.3,17.7,25.2,16.8,0.00,0.00,19.6,335,21.69,5.16
2023-07-31,29.5,15.6,30.1,15.4,0.00,0.00,14.9,316,24.24,5.30
2023-08-01,27.1,17.1,25.3,16.4,0.00,0.00,18.9,353,22.37,5.36
2023-08-02,27.8,14.6,26.7,14.0,0.00,0.00,16.9,356,22.00,4.86
2023-08-03,26.4,15.6,26.0,15.5,0.90,0.00,30.0,185,21.40,5.05
2023-08-04,27.5,18.5,27.4,19.7,0.90,0.00,21.3,215,16.80,4.14
2023-08-05,30.8,18.3,32.0,20.5,0.20,0.00,12.9,358,22.10,4.88
2023-08-06,29.9,18.2,31.0,18.5,0.00,0.00,21.8,149,23.12,5.42
2023-08-07,27.8,22.1,29.3,24.2,37.90,0.00,31.2,173,14.38,3.12
2023-08-08,27.2,21.6,28.4,21.0,15.20,0.00,30.6,260,17.92,4.37
2023-08-09,29.5,19.8,28.9,18.7,0.10,0.00,22.4,288,24.15,6.31
2023-08-10,25.5,18.8,28.3,20.4,11.90,0.00,14.9,214,8.87,2.01
2023-08-11,29.2,18.2,29.5,19.3,0.10,0.00,20.2,282,24.33,5.17
2023-08-12,28.2,17.2,31.2,18.5,8.60,0.00,16.6,171,19.61,3.95
2023-08-13,30.7,21.6,32.4,24.8,2.90,0.00,20.8,278,22.87,5.03
2023-08-14,30.9,18.8,32.6,20.6,1.30,0.00,20.5,211,20.94,4.76
2023-08-15,27.1,21.3,30.0,23.5,20.30,0.00,17.5,21,15.04,3.13
2023-08-16,26.6,20.8,30.7,22.7,4.00,0.00,14.4,114,17.40,3.33
2023-08-17,25.7,20.4,28.7,23.3,5.90,0.00,20.3,121,16.53,3.04
2023-08-18,27.0,19.7,27.5,18.3,3.10,0.00,25.3,260,22.07,4.95
2023-08-19,26.4,15.4,24.7,14.7,0.00,0.00,21.0,277,20.61,4.80
2023-08-20,29.9,15.2,30.3,15.6,0.00,0.00,14.4,261,24.58,5.28
2023-08-21,31.1,18.5,34.3,19.6,0.10,0.00,15.1,295,19.71,4.61
2023-08-22,26.1,18.0,25.8,15.8,0.00,0.00,22.7,4,23.63,5.46
2023-08-23,25.6,16.0,26.5,15.6,0.00,0.00,18.1,57,21.74,4.45
2023-08-24,24.5,19.6,23.3,20.3,2.20,0.00,26.4,160,7.04,2.14
2023-08-25,28.0,20.6,31.0,21.1,11.10,0.00,19.7,190,12.50,2.84
2023-08-26,30.2,19.9,33.1,22.8,0.40,0.00,14.8,350,19.88,4.07
2023-08-27,28.4,18.5,30.3,19.1,0.50,0.00,13.3,359,22.17,4.55
2023-08-28,25.0,18.9,25.9,21.4,1.10,0.00,18.4,115,13.17,2.73
2023-08-29,27.7,17.8,30.1,19.5,1.60,0.00,13.5,96,16.55,3.34
2023-08-30,29.6,21.0,30.1,19.5,0.70,0.00,20.7,291,18.54,4.52
2023-08-31,25.2,17.2,23.2,15.2,0.00,0.00,22.5,4,23.62,5.44
2023-09-01,24.5,13.7,23.9,12.0,0.00,0.00,13.7,42,23.67,4.72
2023-09-02,27.0,13.0,27.3,12.2,0.00,0.00,24.2,201,22.91,4.56
2023-09-03,32.4,18.0,33.8,18.5,0.30,0.00,16.8,274,21.40,5.08
2023-09-04,33.9,19.9,36.1,22.4,1.20,0.00,18.1,324,19.46,5.04
2023-09-05,35.4,22.1,38.0,24.8,0.00,0.00,14.1,354,20.06,4.88
2023-09-06,35.9,23.0,38.2,26.5,0.00,0.00,9.4,329,21.71,5.05
2023-09-07,35.3,21.6,38.5,24.5,3.80,0.00,18.5,221,17.68,4.60
2023-09-08,31.7,20.4,36.8,23.9,14.30,0.00,16.1,150,15.86,3.48
2023-09-09,29.3,20.8,33.5,23.1,8.50,0.00,12.6,88,11.99,2.53
2023-09-10,24.6,19.6,27.4,22.9,16.50,0.00,10.7,26,7.25,1.46
2023-09-11,27.7,19.9,31.5,22.7,4.40,0.00,10.5,43,16.07,3.11
2023-09-12,29.0,19.1,30.5,21.0,0.20,0.00,11.9,297,18.31,3.72
2023-09-13,26.7,19.8,29.2,22.5,17.10,0.00,11.9,242,11.83,2.34
2023-09-14,25.0,17.1,24.2,15.0,0.00,0.00,16.9,343,20.97,4.44
2023-09-15,21.5,13.7,19.1,10.6,0.00,0.00,23.3,1,18.62,4.18
2023-09-16,24.5,15.2,21.5,12.3,0.00,0.00,22.0,313,17.20,4.49
2023-09-17,24.3,11.8,24.8,10.2,0.50,0.00,14.8,237,15.62,3.23
2023-09-18,21.5,16.6,21.7,16.0,13.90,0.00,17.3,344,5.10,1.16
2023-09-19,23.5,13.4,21.2,12.3,0.00,0.00,21.5,290,20.05,3.95
2023-09-20,23.5,11.7,21.8,10.6,0.00,0.00,14.3,299,19.14,3.69
2023-09-21,22.8,11.6,22.9,10.1,0.00,0.00,13.0,6,19.76,3.49
2023-09-22,22.4,13.0,20.5,12.5,0.00,0.00,22.6,73,15.46,3.22
2023-09-23,16.2,13.6,13.7,10.2,42.30,0.00,31.4,42,3.89,1.13
2023-09-24,19.8,16.0,17.7,13.1,17.30,0.00,31.9,58,3.45,1.02
2023-09-25,17.3,14.4,17.0,12.0,17.50,0.00,30.8,40,3.12,0.89
2023-09-26,17.0,13.4,14.7,11.4,8.50,0.00,24.6,41,5.77,1.60
2023-09-27,17.8,9.4,15.2,6.0,0.00,0.00,19.4,42,15.39,2.88
2023-09-28,18.8,10.7,17.4,8.5,0.10,0.00,17.5,34,6.44,1.44
2023-09-29,17.2,13.2,15.5,11.0,69.90,0.00,25.5,33,4.86,0.95
2023-09-30,21.7,13.0,21.0,11.3,1.00,0.00,20.4,5,11.73,2.10
2023-10-01,25.1,14.2,24.3,13.0,0.00,0.00,18.7,358,17.96,3.49
2023-10-02,25.4,15.8,25.7,15.5,0.00,0.00,16.0,4,15.82,3.14
2023-10-03,27.4,13.1,29.3,13.4,0.00,0.00,8.6,247,17.11,3.13
2023-10-04,27.8,14.9,31.6,15.6,0.00,0.00,12.6,198,16.92,3.22
2023-10-05,24.1,13.1,24.5,12.7,0.00,0.00,17.4,154,16.80,2.83
2023-10-06,22.5,17.6,24.0,18.6,2.60,0.00,15.0,116,7.63,1.41
2023-10-07,20.7,11.8,22.8,8.3,60.40,0.00,29.1,318,6.23,1.39
2023-10-08,16.9,9.4,12.6,5.7,0.00,0.00,24.5,256,14.88,3.20
2023-10-09,15.7,7.3,11.4,3.8,0.10,0.00,23.9,240,13.23,2.55
2023-10-10,18.0,7.9,14.6,6.1,0.00,0.00,19.7,238,13.39,2.49
2023-10-11,20.7,8.2,17.9,6.5,0.00,0.00,14.2,248,16.49,2.87
2023-10-12,21.1,7.2,19.7,5.3,0.00,0.00,11.0,298,15.57,2.73
2023-10-13,17.7,8.8,14.7,6.5,0.00,0.00,14.0,334,16.38,2.76
2023-10-14,11.9,9.4,10.4,7.2,15.10,0.00,16.7,22,2.07,0.64
2023-10-15,16.7,9.5,12.3,5.8,1.20,0.00,24.8,337,13.58,2.63
2023-10-16,17.7,7.1,15.0,4.6,0.20,0.00,19.9,314,13.72,2.23
2023-10-17,16.9,8.2,14.9,6.1,0.60,0.00,12.1,343,12.31,1.97
2023-10-18,17.3,6.9,16.5,5.4,0.30,0.00,8.9,268,11.37,1.85
2023-10-19,18.1,7.2,16.0,5.2,0.00,0.00,19.6,192,13.74,2.35
2023-10-20,17.3,12.8,16.7,11.7,27.20,0.00,25.7,162,3.75,0.77
2023-10-21,17.8,12.8,15.4,8.7,5.90,0.00,25.6,297,5.36,1.54
2023-10-22,13.9,9.2,8.9,4.2,0.00,0.00,27.5,290,10.68,2.72
2023-10-23,16.1,7.4,13.4,3.2,0.00,0.00,22.2,319,14.28,2.52
2023-10-24,17.8,4.3,15.6,1.8,0.00,0.00,11.9,199,13.04,2.04
2023-10-25,22.1,7.8,20.6,5.4,0.00,0.00,14.7,225,13.21,2.63
2023-10-26,26.0,9.4,25.6,7.5,0.00,0.00,14.4,233,13.46,2.93
2023-10-27,24.7,12.5,24.5,10.8,0.00,0.00,14.8,238,8.19,2.12
2023-10-28,27.1,16.3,26.6,15.4,0.00,0.00,18.7,278,12.38,3.01
2023-10-29,16.3,10.7,13.7,8.8,6.90,0.00,19.2,28,3.46,1.15
2023-10-30,19.2,10.4,18.6,6.7,2.00,0.00,25.0,324,5.77,1.35
2023-10-31,10.6,6.7,8.0,3.5,0.20,0.00,18.1,1,9.03,1.74
2023-11-01,9.8,3.5,5.3,-0.9,3.50,0.00,23.3,334,8.40,1.57
2023-11-02,9.7,-0.3,5.6,-3.7,0.00,0.00,12.2,278,12.71,1.73
2023-11-03,13.2,0.3,8.6,-3.4,0.00,0.00,17.7,209,12.64,1.92
2023-11-04,15.0,3.7,12.4,0.7,0.00,0.00,11.0,222,8.92,1.51
2023-11-05,17.1,4.5,14.9,1.8,0.00,0.00,14.8,329,8.08,1.54
2023-11-06,12.1,4.0,10.0,0.6,0.10,0.00,12.6,47,10.99,1.64
2023-11-07,20.3,10.7,18.0,8.4,5.70,0.00,20.3,243,7.03,1.79
2023-11-08,10.9,4.5,7.6,0.3,0.00,0.00,19.3,336,11.93,2.02
2023-11-09,15.3,2.8,14.3,-0.6,0.40,0.00,12.0,229,4.97,0.99
2023-11-10,10.8,5.7,7.8,2.0,0.30,0.00,16.3,257,2.38,0.89
2023-11-11,12.3,4.0,7.6,0.4,0.00,0.00,18.1,314,9.90,1.71
2023-11-12,7.2,-0.2,3.6,-4.6,0.00,0.00,13.3,12,10.45,1.32
2023-11-13,9.0,-2.1,4.9,-5.6,0.00,0.00,13.6,248,10.40,1.37
2023-11-14,11.2,1.9,5.6,-1.8,0.00,0.00,27.9,319,8.94,1.60
2023-11-15,10.9,-1.1,7.1,-4.7,0.00,0.00,14.7,243,9.81,1.38
2023-11-16,17.9,1.9,15.0,-1.3,0.00,0.00,10.5,233,10.76,1.76
2023-11-17,19.6,4.4,16.8,1.3,0.00,0.00,18.5,206,9.11,1.74
2023-11-18,13.2,3.5,12.4,-0.6,1.20,0.00,25.9,318,8.84,1.74
2023-11-19,12.5,1.1,7.4,-2.6,0.00,0.00,20.9,269,10.49,1.90
2023-11-20,7.2,-0.9,3.0,-4.6,0.00,0.00,18.7,0,10.71,1.65
2023-11-21,8.5,-1.3,3.3,-6.0,7.90,0.00,29.8,89,3.70,1.09
2023-11-22,14.5,8.3,11.5,3.8,24.70,0.00,38.3,46,7.92,1.31
2023-11-23,11.2,5.2,7.1,1.0,0.00,0.00,20.9,300,9.99,1.78
2023-11-24,9.9,0.1,5.0,-6.0,0.00,0.00,22.7,315,9.68,1.81
2023-11-25,4.3,-3.1,1.0,-7.3,0.00,0.00,15.8,336,8.94,1.09
2023-11-26,10.6,-2.6,6.3,-6.8,5.50,0.00,34.3,103,5.92,0.94
2023-11-27,12.8,2.9,9.8,-2.6,4.40,0.00,37.6,258,7.88,1.50
2023-11-28,4.0,-1.8,-3.0,-7.8,0.10,0.07,28.9,280,9.44,1.96
2023-11-29,2.6,-4.4,-3.0,-9.0,0.00,0.00,21.0,254,9.37,1.39
2023-11-30,9.7,-2.6,4.9,-7.1,0.00,0.00,17.6,224,9.54,1.57
2023-12-01,7.9,-0.2,5.4,-4.0,5.30,0.00,14.3,212,3.54,0.65
2023-12-02,16.2,4.4,15.2,1.6,0.10,0.00,16.3,240,7.25,0.96
2023-12-03,10.2,5.8,8.1,4.1,16.20,0.00,19.1,67,1.27,0.26
2023-12-04,10.9,4.8,6.3,0.3,0.00,0.00,21.0,264,7.05,1.27
2023-12-05,6.7,1.6,2.8,-2.9,0.00,0.00,14.7,311,6.40,1.12
2023-12-06,5.1,-2.2,0.3,-5.9,0.10,0.00,22.3,336,6.09,1.11
2023-12-07,3.5,-3.3,-0.6,-7.7,0.00,0.00,17.5,260,4.04,0.71
2023-12-08,9.2,-2.0,5.5,-6.0,0.00,0.00,11.0,212,8.41,0.98
2023-12-09,13.5,1.2,12.0,-1.7,0.00,0.00,12.0,194,8.32,1.01
2023-12-10,17.0,5.1,16.4,2.2,28.10,0.00,29.2,191,3.27,0.61
2023-12-11,14.1,2.7,13.6,-2.1,26.90,0.00,35.1,312,6.99,1.37
2023-12-12,6.3,-2.3,1.1,-6.4,0.00,0.00,18.1,242,9.01,1.37
2023-12-13,7.5,0.1,2.4,-4.1,0.00,0.00,18.2,270,8.83,1.51
2023-12-14,4.7,-3.2,-0.1,-7.2,0.00,0.00,13.1,276,8.48,1.17
2023-12-15,12.5,-0.6,8.6,-5.1,0.00,0.00,16.6,249,8.66,1.49
2023-12-16,11.6,3.0,8.3,-0.7,0.00,0.00,12.6,14,8.41,1.32
2023-12-17,13.1,5.2,10.8,2.5,16.80,0.00,23.0,94,2.26,0.54
2023-12-18,15.6,5.9,14.3,1.0,78.90,0.00,53.5,191,2.25,0.91
2023-12-19,6.2,-0.9,0.1,-6.4,0.00,0.00,24.0,289,8.35,1.60
2023-12-20,7.6,-3.7,3.7,-7.8,0.00,0.00,16.4,319,8.65,1.35
2023-12-21,4.4,-2.7,-1.6,-8.3,0.00,0.00,20.9,358,8.77,1.42
2023-12-22,2.7,-5.6,-0.7,-10.3,0.00,0.00,13.1,1,8.15,0.94
2023-12-23,6.0,-3.4,2.7,-7.0,0.50,0.00,9.7,54,3.49,0.49
2023-12-24,8.8,1.2,7.1,-1.6,0.00,0.00,7.6,357,3.67,0.46
2023-12-25,11.6,1.3,10.0,-1.5,0.00,0.00,8.6,46,6.09,0.75
2023-12-26,7.7,3.0,5.7,0.3,0.00,0.00,7.3,68,3.07,0.38
2023-12-27,9.1,5.3,7.2,2.9,5.20,0.00,16.1,48,1.80,0.30
2023-12-28,11.7,8.6,10.2,5.3,40.10,0.00,23.8,35,1.93,0.41
2023-12-29,13.4,7.3,10.2,4.2,0.40,0.00,18.1,256,7.12,1.19
2023-12-30,8.0,1.3,4.6,-3.3,0.10,0.00,26.6,275,5.23,1.21
2023-12-31,6.5,-2.0,1.8,-5.7,0.00,0.00,15.9,275,5.03,0.96
